{"query": {"url": "https://www.car.gr/6717430-harley-davidson-electra-glide-standard-electra-glide-classic-shovelh", "type": "CAR_ADDE", "trial_count": 1, "last_processed": 1553095935}, "title": "Harley Davidson Electra Glide Standard ELECTRA GLIDE CLASSIC  SHOVELH '74", "ad_id": "6717430", "ad_data": {"Make/Model": "Harley Davidson Electra Glide Standard ELECTRA GLIDE CLASSIC  SHOVELH '74", "Classified number": "6717430", "Price": "€14.900", "Category": "Bike - Custom", "Registration": "7 / 1974", "Mileage": "15,000 km", "Fuel type": "Gasoline", "Cubic capacity": "1,200 cc", "Power": "65 bhp", "Color": "Black (Metallic)", "Modified": "4 days", "Times clicked": "15894", "Short link": "www.car.gr/6717430", "Telephone": "+30 2108953071"}, "ad_seller": {"Dealer": "www.floropoulos.com", "Address": "Λ.ΚΑΡΑΜΑΝΛΗ23&Λ.ΚΑΡΑΜΑΝΛΗ25ΒΟΥΛΑ", "City": "ΒΟΥΛΑ", "": "+30 2108953161", "Fax": "+30 2108958215", "Dealer page": "https//floropoulos.car.gr/", "Website": "http//www.floropoulos.com"}, "metadata": {"type": "Bikes", "brand": "Harley Davidson", "model": "Electra Glide Standard"}, "extras": ["Antique-Classic", "Car Exchange", "Electric starter", "Exhaust Special", "Four-stroke engine"], "description": "• • • NEA TIMH 14.900 € ΑΠΟ 18.900 € • • • - * EXEI ΙΣΤΟΡΙΚΕΣ ΠΙΝΑΚΙΔΕΣ - * ΜΟΤΕΡ SHOVELHEAD * - * ΠΛΑΙΝΕΣ ΒΑΛΙΤΣΕΣ * - * ΔΙΣΚΟΦΡΕΝΑ ΕΜΠΡΟΣ - ΠΙΣΩ * - * ΗΛΕΚΤΡΙΚΗ ΜΙΖΑ * - * ΠΙΝΑΚΙΔΕΣ ΕΛΠΑ - ΕΘΕΑ * - * ΑΝΤΙΚΑ - ΚΛΑΣΙΚΟ * - Less - "}