{"query": {"url": "https://www.car.gr/21335456-piaggio-beverly-200", "type": "CAR_ADDE", "trial_count": 1, "last_processed": 1553093463}, "title": "Piaggio Beverly 200 ΓΡΑΜΜΑΤΙΑ ΔΕΚΤΑ '03", "ad_id": "21335456", "ad_data": {"Make/Model": "Piaggio Beverly 200 ΓΡΑΜΜΑΤΙΑ ΔΕΚΤΑ '03", "Classified number": "21335456", "Price": "€1.199", "Category": "Bike - Roller/Scooter", "Registration": "1 / 2003", "Mileage": "24,470 km", "Fuel type": "Gasoline", "Cubic capacity": "200 cc", "Power": "22 bhp", "Color": "Silver", "Modified": "6 hours", "Times clicked": "219", "Short link": "www.car.gr/21335456", "Telephone": "+30 6977210880"}, "ad_seller": {"Dealer": "PIAGGIO STOCK HOUSE  PIAGGIO STOCK HOUSE", "Address": "Λ.ΔΗΜΟΚΡΑΤΙΑΣ110ΠΕΙΡΑΙΑΣ-ΠΕΡΑΜΑ", "City": "ΠΕΡΑΜΑ", "": "+30 6977210880", "Dealer page": "https//marios.car.gr/", "Open hours": "Δευτέρα-Παρασκευή 1000-1800\nΣαββάτο 1000-1400\nΩράριο επικοινωνίας 1000-2000"}, "metadata": {"type": "Bikes", "brand": "Piaggio", "model": "Beverly 200"}, "extras": ["Alarm", "Automatic", "Car Exchange", "Cargo Rack", "Cast wheels", "Centerstand", "Electric starter", "Exchange with Moto accepted", "Four-stroke engine", "Gelatin", "Notes, checks accepted", "Sidestand", "Καρμπυρατέρ"], "description": "-ΣΕ ΑΡΙΣΤΗ ΚΑΤΑΣΤΑΣΗ -ΣΗΜΑΤΑ ΠΛΗΡΩΜΕΝΑ -ΚΤΕΟ ΠΕΡΑΣΜΕΝΟ -ΑΠΟ ΤΑ ΛΙΓΑ ΣΤΗΝ ΑΓΟΡΑ ΠΟΥ ΕΧΟΥΝ ΛΕΙΤΟΥΡΓΙΚΟ ΨΗΦΙΑΚΟ ΚΑΝΤΡΑΝ -ΔΕΚΤΟΣ ΔΙΑΚΑΝΟΝΙΣΜΟΣ ΜΕ ΓΡΑΜΜΑΤΙΑ! ΓΙΑ ΠΕΡΙΣΣΟΤΕΡΕΣ ΠΛΗΡΟΦΟΡΙΕΣ ΣΧΕΤΙΚΑ ΜΕ ΤΑ ΓΡΑΜΜΑΤΙΑ ΚΑΛΕΣΤΕ ΜΑΣ!! -Η ΤΙΜΗ ΑΦΟΡΑ ΜΕΤΡΗΤΑ ΓΙΑ ΓΡΑΜΜΑΤΙΑ Η ΤΙΜΗ ΠΑΕΙ ΣΤΑ 1500 - ▪▪▪▪▪▪▪▪▪▪▪ΑΓΟΡΑΖΟΥΜΕ ΤΟ ΟΧΗΜΑ ΣΑΣ (ΑΥΤΟ-ΜΟΤΟ)▪▪▪▪▪▪▪▪▪▪ - ░█▀▄▀█ ░█▀▀▀ ▀▀█▀▀ ░█▀▀█ ░█─░█ ▀▀█▀▀ ─█▀▀█ - ░█░█░█ ░█▀▀▀ ─░█── ░█▄▄█ ░█▀▀█ ─░█── ░█▄▄█ - ░█──░█ ░█▄▄▄ ─░█── ░█─── ░█─░█ ─░█── ░█─░█ - ▪▪▪▪▪▪▪▪▪▪▪▪▪▪▪▪▪▪▪▪▪▪▪▪▪▪▪▪▪ εντός 10 λεπτών ▪▪▪▪▪▪▪▪▪▪▪▪▪▪▪▪▪▪▪▪▪▪▪▪▪▪▪▪ - ΕΞΟΔΑ ΜΕΤΑΒΙΒΑΣΗΣ-ΜΕΤΑΦΟΡΑΣ-ΚΤΕΟ ΔΙΚΑ ΜΑΣ - Less - "}