{"query": {"url": "https://www.car.gr/21335414-ktm-125-duke", "type": "CAR_ADDE", "trial_count": 1, "last_processed": 1553098847}, "title": "KTM 125 Duke  '12", "ad_id": "21335414", "ad_data": {"Make/Model": "KTM 125 Duke '12", "Classified number": "21335414", "Price": "€2.200", "Category": "Bike - Naked", "Registration": "1 / 2012", "Mileage": "35,000 km", "Fuel type": "Gasoline", "Cubic capacity": "125 cc", "Power": "15 bhp", "Color": "Orange", "Modified": "12 days", "Times clicked": "270", "Short link": "www.car.gr/21335414", "Telephone": "None"}, "ad_seller": {}, "metadata": {"type": "Bikes", "brand": "KTM", "model": "125 Duke"}, "extras": [], "description": "Το μηχανάκι είναι άριστο δεκτός κάθε έλεγχος δέχονται και ανταλλαγές περισσότερα στο τηλεφωνώ. - Less - "}