{"query": {"url": "https://www.car.gr/21335431-yamaha-aerox-100-super", "type": "CAR_ADDE", "trial_count": 1, "last_processed": 1553095939}, "title": "Yamaha Aerox 100 Super Δωρεάν Μεταφορά... '02", "ad_id": "21335431", "ad_data": {"Make/Model": "Yamaha Aerox 100 Super Δωρεάν Μεταφορά... '02", "Classified number": "21335431", "Price": "€850", "Category": "Bike - Roller/Scooter", "Registration": "4 / 2002", "Mileage": "15,299 km", "Fuel type": "Gasoline", "Cubic capacity": "100 cc", "Power": "10 bhp", "Color": "White", "Kteo to": "03 / 2021", "Previous owners": "1", "Modified": "4 days", "Times clicked": "207", "Short link": "www.car.gr/21335431", "Telephone": "+30 2510240084"}, "ad_seller": {"Dealer": "Γ Ι Α Γ Κ Ο Υ Δ Α Κ Η Σ  Moto Shop", "Address": "7ηςΜεραρχίας100", "City": "ΚΑΒΑΛΑ", "": "+30 2510240084", "Fax": "+30 2510240084", "Dealer page": "https//giagkoudakis.car.gr/", "Website": "http//www.giagkoudakis.gr", "Open hours": "Δευτέρα έως Παρασκευή 0900 έως 1500 απόγευμα 1800 έως 2100 \nΣάββατο 0900 έως 1500\nΚυριακή κλειστά."}, "metadata": {"type": "Bikes", "brand": "Yamaha", "model": "Aerox 100"}, "extras": [], "description": "850 € - Άριστη Κατάσταση… - AEROX 100 Super YAMAHA Mod.04/2002 - https://giagkoudakis.car.gr/bikes/view/21335431/ - Τεχνικά Χαρακτηριστικά: - •\tΚινητήρας YAMAHA αυτόματος. - •\tΕλαστικά καινούρια tubeless εμπρός και πίσω. - •\tΧώρος αποθηκευτικός μεγάλος κάτω από την σέλα για αποσκευές και για κράνος. - •\tΤάπα βενζίνης πίσω στην σέλα, δεν χρειάζεται να ανοίγετε την σέλα. - •\tΔιακόπτης κεντρικός πολλαπλών χρήσεων ασφαλείας (άνοιγμα σέλας) - •\tΚεντρικό σταντ διπλό και πλαϊνό. - •\tΆγκιστρο αποσκευών εμπρός στην ποδιά. - •\tΜίζα ηλεκτρική και μανιβέλα. - •\tΗμερ. 1ης διεθνής αδείας 2002 - •\tΧιλιόμετρα 15.299 - •\tΔεκτό Test Drive. - •\tΔεκτός κάθε τεχνικός έλεγχος. - •\tΠροσεγμένο και διατηρημένο σωστά. - •\tΤεχνικός έλεγχος από το συνεργείο μας με βιβλίο service. - Δωρεάν Μεταφορά… - Έως Θεσσαλονίκη και Αθήνα, με μεταφορική εταιρία, με προορισμό όλα τα μέρη της Ελλάδας. - Δωρεάν Μεταφορά με δρομολόγια πλοίων… - Από το λιμάνι της Καβάλας με προορισμό Πειραιά, Μύκονος, Πάρος, Σάμος Βαθύ, Σάμος Καρλόβασι, Πάτμος, Νάξος, Σύρος, Λαύριο, Ικαρία Άγιος Κήρυκος, Ικαρία Εύδηλος, Φούρνοι, Χίος, Χίος Μεστά, Λέσβος Μυτιλήνη, Άγιος Ευστράτιος, Λήμνος, Θάσος. - Εγγυημένη μεταφορά, ώστε να μην υπάρχει κίνδυνος ζημιάς. - Πάνω από 30 χρόνια εμπειρία στο καλό και ασφαλές αμπαλάρισμα. - Το αμπαλάρισμα γίνεται από ειδικούς με μεγάλη προσοχή τυλιγμένα δύο και τρεις φορές με περιτύλιγμα φυσαλίδων, σελοφάν, χαρτόνια. - Απαραίτητα έγγραφα: - Αστυνομική ταυτότητα φωτοτυπία εμπρός και πίσω. - Υπεύθυνη δήλωση με το γνήσιο υπογραφής από το ΚΕΠ η Αστυνομικό Τμήμα. - Τα στέλνετε και τα δύο με courier ACS η SPEEDEX με δική μας χρέωση. - Δεσμευόμαστε υπεύθυνα να σας το παραδώσουμε άμεσα… - •\tΠληρωμή με πιστωτική κάρτα. - •\tΠληρωμή με χρεωστική κάρτα. - •\tΠληρωμή μετρητοίς στο κατάστημα. - •\tΚατάθεση σε τραπεζικό λογαριασμό. - •\tΆτοκες δόσεις το 50% με πιστωτική κάρτα έως 12 μήνες. - •\tΤΡΑΠΕΖΑ ΠΕΙΡΑΙΩΣ Λογ. 6201-143556-074 - ΙΒΑΝ: GR7501712010006201143556074 - •\tΤΡΑΠΕΖΑ EUROBANK Λογ. 0026.0710.12.0200560841 - ΙΒΑΝ: GR2402607100000120200560841 - •\tΤΡΑΠΕΖΑ ΕΘΝΙΚΗ Λογ. 215/008145-00 - ΙΒΑΝ: GR7701102150000021500814500 - •\tΤΡΑΠΕΖΑ ALPHABANK Λογ. 800 00 2002 023516 - ΙΒΑΝ: GR3501408000800002002023516 - Αιτιολογία στην κατάθεση αγορά μοτοσυκλέτας. - Η επικοινωνία τηλεφωνικά μαζί μας, είναι πολύ σημαντική για μας και γίνεται πάντα σε φιλικό και προσωπικό επίπεδο. - Θα χαρούμε να μας επισκεφτείτε, να μας γνωρίσετε και να δείτε από κοντά όλες τις μεταχειρισμένες μοτοσυκλέτες εισαγωγής μας από Ιταλία. - Η Εταιρεία μας δραστηριοποιείται στο χώρο της μοτοσυκλέτας πάνω από 30 χρόνια, από τα τέλη της δεκαετίας του 80’ - Ευχαριστούμε όλους τους πελάτες για την προτίμηση και την εμπιστοσύνη που μας δείχνετε. - Εισαγωγές Μεταχειρισμένων Μοτοσυκλετών από Ιταλία - Kawasaki Peugeot Daelim CFmoto Skyteam Brixton - Εξουσιοδοτημένος Αντιπρόσωπος Νομού Καβάλας - Τηλ.2510 240084 Fax:2510240084 Κιν.6932 154000 - Viber 6932 154000 - Skype Giagkoudakis Nikos - www.giagkoudakis.gr – [email protected] - ΚΑΒΑΛΑ 7ης Μεραρχίας 100 Τ.Κ.65403 - #ΓιαγκουδάκηςΝίκος #GiagkoudakisNikos #MotoShop #ΜοτοσυκλέτεςΜεταχειρισμένες #ΜεταχειρισμέναScooter #ΚαβάλαΜηχανές #Kavala #ΔωρεάνΜεταφορά #ΕισαγωγέςΜεταχειρισμένωνΜοτοσυκλετώναπόΙταλία #Kawasaki #Peugeot - Less - "}