{"query": {"url": "https://www.car.gr/21335410-honda-glx", "type": "CAR_ADDE", "trial_count": 1, "last_processed": 1553098848}, "title": "Honda GLX  '73", "ad_id": "21335410", "ad_data": {"Make/Model": "Honda GLX '73", "Classified number": "21335410", "Price": "€350", "Category": "Bike - Moped", "Registration": "7 / 1973", "Mileage": "62,039 km", "Fuel type": "Gasoline", "Cubic capacity": "107 cc", "Power": "8 bhp", "Color": "Bordeaux (Metallic)", "Kteo to": "06 / 2020", "Previous owners": "8", "Modified": "12 days", "Times clicked": "127", "Short link": "www.car.gr/21335410", "Telephone": "None"}, "ad_seller": {}, "metadata": {"type": "Bikes", "brand": "Honda", "model": "GLX"}, "extras": [], "description": "To mixanaki einai genika kalo den exei kapio thema douleui kanonika theli kapia psilomazemata xartia iparxoun kanonika den xrostai tpt to moter einai dilomeno - Less - "}