{"query": {"url": "https://www.car.gr/21335412-yamaha-town-mate", "type": "CAR_ADDE", "trial_count": 1, "last_processed": 1553095494}, "title": "Yamaha Town Mate  '96", "ad_id": "21335412", "ad_data": {"Make/Model": "Yamaha Town Mate '96", "Classified number": "21335412", "Price": "€550", "Category": "Bike - Underbone", "Registration": "1 / 1996", "Mileage": "30,589 km", "Fuel type": "Gasoline", "Cubic capacity": "50 cc", "Power": "10 bhp", "Color": "Blue (Metallic)", "Kteo to": "01 / 2025", "Previous owners": "1", "Modified": "2 days", "Times clicked": "812", "Short link": "www.car.gr/21335412", "Telephone": "None"}, "ad_seller": {}, "metadata": {"type": "Bikes", "brand": "Yamaha", "model": "Town Mate"}, "extras": ["Centerstand", "Exchange with Moto accepted", "Exhaust Special", "Four-stroke engine", "Semiautomatic", "Sidestand", "Skid Plate", "Spoke wheels", "Καρμπυρατέρ"], "description": "Ενδιαφέρομαι κυρίως για ανταλλαγή. Δουλεύει άψογα χωρίς να χρειάζεται απολύτως τίποτα! Κύλινδρο, πιστόνι 80cc.Υπάρχει και η μανισια εξάτμιση. ΔΕΚΤΟΣ ΚΑΘΕ ΈΛΕΓΧΟΣ!! - Less - "}