{"query": {"url": "https://www.car.gr/21335492-honda-varadero-1000-varadero-1000", "type": "CAR_ADDE", "trial_count": 1, "last_processed": 1553097207}, "title": "Honda Varadero 1000 VARADERO  1000 '01", "ad_id": "21335492", "ad_data": {"Make/Model": "Honda Varadero 1000 VARADERO  1000 '01", "Classified number": "21335492", "Price": "€2.500", "Category": "Bike - On/Off", "Registration": "3 / 2001", "Mileage": "33,000 km", "Fuel type": "Gasoline", "Cubic capacity": "1,000 cc", "Power": "94 bhp", "Color": "Black", "Kteo to": "01 / 2020", "Modified": "8 days", "Times clicked": "227", "Short link": "www.car.gr/21335492", "Telephone": "None"}, "ad_seller": {}, "metadata": {"type": "Bikes", "brand": "Honda", "model": "Varadero 1000"}, "extras": [], "description": "Η μηχανη ειναι σε αριστη κατασταση με καινουρια λαστιχα που μπηκαν πριν 1 μηνα.φυλασσεται παντα σε κλειστο παρκινκ.... - Less - "}