{"query": {"url": "https://www.car.gr/21335447-piaggio-carnaby-250", "type": "CAR_ADDE", "trial_count": 1, "last_processed": 1553098042}, "title": "Piaggio Carnaby 250  '09", "ad_id": "21335447", "ad_data": {"Make/Model": "Piaggio Carnaby 250 '09", "Classified number": "21335447", "Price": "€1.700", "Category": "Bike - Roller/Scooter", "Registration": "7 / 2009", "Mileage": "16,000 km", "Fuel type": "Gasoline", "Cubic capacity": "244 cc", "Power": "3 bhp", "Color": "Black", "Kteo to": "07 / 2020", "Modified": "10 days", "Times clicked": "81", "Short link": "www.car.gr/21335447", "Telephone": "None"}, "ad_seller": {}, "metadata": {"type": "Bikes", "brand": "Piaggio", "model": "Carnaby 250"}, "extras": ["Electric starter", "Greek Dealership", "Sidestand"], "description": "Σχεδόν καινούργιο - Less - "}