{"query": {"url": "https://www.car.gr/21335478-aprilia-sportcity-200", "type": "CAR_ADDE", "trial_count": 1, "last_processed": 1553096387}, "title": "Aprilia SportCITY 200  '08", "ad_id": "21335478", "ad_data": {"Make/Model": "Aprilia SportCITY 200 '08", "Classified number": "21335478", "Price": "€1.200", "Category": "Bike - Roller/Scooter", "Registration": "1 / 2008", "Mileage": "62,000 km", "Fuel type": "Gasoline", "Cubic capacity": "200 cc", "Power": "22 bhp", "Color": "Black (Metallic)", "Modified": "5 days", "Times clicked": "71", "Short link": "www.car.gr/21335478", "Telephone": "None"}, "ad_seller": {}, "metadata": {"type": "Bikes", "brand": "Aprilia", "model": "SportCITY 200"}, "extras": ["Automatic", "Cast wheels", "Centerstand", "Electric starter", "Four-stroke engine", "Lights Xenon"], "description": "Φυλάσσεται σε κλειστό γκαράζ. - Σχάρα μπαγκαζιερας Aprilia. - Φωτα xenon. - Less - "}