{"query": {"url": "https://www.car.gr/21335493-kymco", "type": "CAR_ADDE", "trial_count": 1, "last_processed": 1553098844}, "title": "Kymco   '11", "ad_id": "21335493", "ad_data": {"Make/Model": "Kymco '11", "Classified number": "21335493", "Price": "€950", "Category": "Bike - Street Bike", "Registration": "1 / 2011", "Mileage": "34,000 km", "Fuel type": "Gasoline", "Cubic capacity": "163 cc", "Power": "16 bhp", "Color": "Black", "Kteo to": "12 / 2019", "Modified": "12 days", "Times clicked": "114", "Short link": "www.car.gr/21335493", "Telephone": "None"}, "ad_seller": {}, "metadata": {"type": "Bikes", "brand": "Kymco", "model": "Kymco   '11 - € 950 EUR (Negotiable)"}, "extras": [], "description": "ΣΕ ΑΡΙΣΤΗ ΚΑΤΑΣΤΑΣΗ ΤΙΜΗ ΣΥΖΗΤΙΣΗΜΗ ΠΕΡΑΣΜΕΝΟ ΚΤΕΟ ΜΕΧΡΙ ΤΕΛΗ ΤΟΥ 2019 ΜΕ ΒΙΒΛΙΟ SERVICE . - ΔΕΚΤΟΣ ΚΑΘΕ ΕΛΕΓΧΟΣ . - Less - "}