{"query": {"url": "https://www.car.gr/6724158-honda-cbr-900rr-fireblade", "type": "CAR_ADDE", "trial_count": 1, "last_processed": 1553104846}, "title": "Honda CBR 900RR Fireblade  '94", "ad_id": "6724158", "ad_data": {"Make/Model": "Honda CBR 900RR Fireblade '94", "Classified number": "6724158", "Price": "€2.000", "Category": "Bike - Super Sport", "Registration": "5 / 1994", "Mileage": "54,000 km", "Fuel type": "Gasoline", "Cubic capacity": "900 cc", "Power": "145 bhp", "Color": "White (Metallic)", "Modified": "over 2 months", "Times clicked": "7832", "Short link": "www.car.gr/6724158", "Telephone": "+30 6944886709"}, "ad_seller": {"Dealer": "LUXURY MOTORS ΠΑΛΑΙΟΧΩΡΙ", "Address": "ΙΕΡΙΣΣΟΣ-ΠαλαιοχώριΧΑΛΚΙΔΙΚΗΣ", "City": "ΑΡΝΑΙΑ", "": "+30 6944886709", "Fax": "+30 6944886709", "Dealer page": "https//luxurymotors.car.gr/"}, "metadata": {"type": "Bikes", "brand": "Honda", "model": "CBR 900RR Fireblade"}, "extras": ["Alarm", "Car Exchange", "Electric starter", "Exhaust Special", "Four-stroke engine"], "description": "ΦΩΡΑΕΙ DYNOJET ΚΑΡΜΠΥΡΑΤΕΡ,DEVIL CARBON ΕΞΑΤΜΙΣΗ,Η ΜΙΧΑΝΗ ΕΙΝΑΙ ΠΥΡΑΥΛΟΣ ΚΑΙ ΗΧΟ ΤΡΕΛΟ.ΔΗΝΩ ΚΑΙ ΜΟΤΕΡ ΜΕ 25000ΧΛΜ ΔΩΡΟ. - Less - "}