{"query": {"url": "https://www.car.gr/8798349-harley-davidson-softail-custom", "type": "CAR_ADDE", "trial_count": 1, "last_processed": 1553099661}, "title": "Harley Davidson Softail Custom  '15", "ad_id": "8798349", "ad_data": {"Make/Model": "Harley Davidson Softail Custom '15", "Classified number": "8798349", "Price": "€35.000", "Category": "Bike - Chopper", "Registration": "8 / 2015", "Mileage": "2,000 km", "Fuel type": "Gasoline", "Cubic capacity": "2,200 cc", "Power": "200 bhp", "Color": "Silver (Metallic)", "Kteo to": "02 / 2014", "Modified": "14 days", "Times clicked": "3734", "Short link": "www.car.gr/8798349", "Telephone": "None"}, "ad_seller": {}, "metadata": {"type": "Bikes", "brand": "Harley Davidson", "model": "Softail Custom"}, "extras": [], "description": "χειροποιητα φτιαγμενη στο χερι κοματι κοματι...με σκελετο..Ο.C.C [ ORANGE COUNTRY CHOPPERS ]....με παρα παρα πολλα extra...!! - στοιχησε...75,000 ευω...!! - Less - "}