{"query": {"url": "https://www.car.gr/21334370-ktm-690-duke", "type": "CAR_ADDE", "trial_count": 1, "last_processed": 1553105191}, "title": "KTM 690 Duke  '09", "ad_id": "21334370", "ad_data": {"Make/Model": "KTM 690 Duke '09", "Classified number": "21334370", "Price": "Askforprice", "Category": "Bike - Other", "Registration": "1 / 2009", "Fuel type": "Gasoline", "Cubic capacity": "690 cc", "Power": "70 bhp", "Color": "Other", "Modified": "12 days", "Times clicked": "48", "Short link": "www.car.gr/21334370", "Telephone": "None"}, "ad_seller": {}, "metadata": {"type": "Bikes", "brand": "KTM", "model": "690 Duke"}, "extras": [], "description": "Πωλούνται διαφορά ανταλλακτικά απο ktm 690 - Less - "}