{"query": {"url": "https://www.car.gr/21334372-kymco-xciting-500", "type": "CAR_ADDE", "trial_count": 1, "last_processed": 1553096609}, "title": "Kymco Xciting 500  '07", "ad_id": "21334372", "ad_data": {"Make/Model": "Kymco Xciting 500 '07", "Classified number": "21334372", "Price": "€2.100", "Category": "Bike - Roller/Scooter", "Registration": "1 / 2007", "Mileage": "35,000 km", "Fuel type": "Gasoline", "Cubic capacity": "500 cc", "Power": "45 bhp", "Color": "Grey", "Previous owners": "1", "Modified": "6 days", "Times clicked": "86", "Short link": "www.car.gr/21334372", "Telephone": "None"}, "ad_seller": {}, "metadata": {"type": "Bikes", "brand": "Kymco", "model": "Xciting 500"}, "extras": [], "description": ""}