{"query": {"url": "https://www.car.gr/21334356-triumph-daytona-650", "type": "CAR_ADDE", "trial_count": 1, "last_processed": 1553098912}, "title": "Triumph Daytona 650  '06", "ad_id": "21334356", "ad_data": {"Make/Model": "Triumph Daytona 650 '06", "Classified number": "21334356", "Price": "€2.500", "Category": "Bike - Sport Touring", "Registration": "9 / 2006", "Mileage": "18,000 km", "Fuel type": "Gasoline", "Cubic capacity": "650 cc", "Power": "103 bhp", "Color": "Red (Metallic)", "Kteo to": "07 / 2020", "Modified": "12 days", "Times clicked": "271", "Short link": "www.car.gr/21334356", "Telephone": "None"}, "ad_seller": {}, "metadata": {"type": "Bikes", "brand": "Triumph", "model": "Daytona 650"}, "extras": ["Electric starter", "Exhaust Special", "Gelatin"], "description": ""}