{"query": {"url": "https://www.car.gr/872070-bmw-k1200lt-limited-edition", "type": "CAR_ADDE", "trial_count": 1, "last_processed": 1553104841}, "title": "Bmw  K1200LT LIMITED EDITION '95", "ad_id": "872070", "ad_data": {"Make/Model": "Bmw K1200LT LIMITED EDITION '95", "Classified number": "872070", "Price": "€3.500", "Category": "Bike - Street Bike", "Registration": "1 / 1995", "Mileage": "85,000 km", "Fuel type": "Gasoline", "Cubic capacity": "1,100 cc", "Power": "65 bhp", "Transmission": "Manual", "Color": "Brown (Metallic)", "Modified": "over 2 months", "Times clicked": "12342", "Short link": "www.car.gr/872070", "Telephone": "+30 2432023296"}, "ad_seller": {"Dealer": "QUALITY USED CARS ΒΑΚΟΥΦΤΣΗΣ", "Address": "5οΧΛΜΚΑΛΑΜΠΑΚΑΣ-ΤΡΙΚΑΛΩΝ", "City": "ΚΑΛΑΜΠΑΚΑ", "": "+30 2432072360", "Fax": "+30 2432079184", "Dealer page": "https//auto-vakouftsis.car.gr/"}, "metadata": {"type": "Bikes", "brand": "Bmw", "model": "Bmw  K1200LT LIMITED EDITION '95 - € 3.500 EUR (Negotiable)"}, "extras": ["ABS", "Antique-Classic", "Bars", "Catalyst", "Electric starter", "Four-stroke engine", "Heated Handguards"], "description": "ΣΠΑΝΙΑ ΜΗΧΑΝΗ BMW LUXUS TURISMO LIMITED EDITION. ABS - INJECTION.. ΣΕ ΑΡΙΣΤΗ ΚΑΤΑΣΤΑΣΗ.. ΓΙΑ ΠΛΗΡΟΦΟΡΙΕΣ ΚΑΛΕΣΤΕ Κος ΝΙΚΟΣ 6973311875 - Less - "}