{"query": {"url": "https://www.car.gr/4023850-zundapp", "type": "CAR_ADDE", "trial_count": 1, "last_processed": 1553098641}, "title": "Zundapp  ΣΥΛΛΕΚΤΙΚΟ '70", "ad_id": "4023850", "ad_data": {"Make/Model": "Zundapp ΣΥΛΛΕΚΤΙΚΟ '70", "Classified number": "4023850", "Price": "€2.200", "Category": "Bike - Other", "Registration": "1 / 1970", "Mileage": "1,000 km", "Fuel type": "Gasoline", "Cubic capacity": "125 cc", "Power": "3 bhp", "Color": "Other", "Modified": "11 days", "Times clicked": "87", "Short link": "www.car.gr/4023850", "Telephone": "None"}, "ad_seller": {}, "metadata": {"type": "Bikes", "brand": "Zundapp", "model": "Zundapp  ΣΥΛΛΕΚΤΙΚΟ '70 - € 2.200 EUR (Negotiable)"}, "extras": ["Antique-Classic"], "description": "ΤΑ ΜΗΧΑΝΑΚΙΑ ΕΙΝΑΙ ΣΕ ΠΑΡΑ ΠΟΛΥ ΚΑΛΗ ΚΑΤΑΣΤΑΣΗ ΜΕ ΟΛΑ ΤΑ SERVICE ΣΤΗΝ ΩΡΑ ΤΟΥΣ.ZUNDAPP,ZACHS,FLORETTA KAWASAKI KΑΘΩΣ ΚΑΙ ΑΝΤΑΛΛΑΚΤΙΚΑ TOYΣ,ΠΕΡΙΠΟΙΗΜΕΝΑ 125 CC KAI 50 CC ΣΕ ΔΙΑΦΟΡΑ ΧΡΩΜΑΤΑ.ΣΥΛΛΕΚΤΙΚΑ.ΟΛΑ ΣΕ ΛΕΙΤΟΥΡΓΙΑ ΚΑΙ ΜΕ ΤΑ ΧΑΡΤΙΑ ΤΟΥΣ.Η ΤΙΜΗ ΕΙΝΑΙ ΕΝΔΕΙΚΤΙΚΗ - Less - "}