{"query": {"url": "https://www.car.gr/21333497-cheetah", "type": "CAR_ADDE", "trial_count": 1, "last_processed": 1553095440}, "title": "Cheetah   '08", "ad_id": "21333497", "ad_data": {"Make/Model": "Cheetah '08", "Classified number": "21333497", "Price": "€450", "Category": "Bike - Roller/Scooter", "Registration": "5 / 2008", "Mileage": "12,500 km", "Fuel type": "Gasoline", "Cubic capacity": "150 cc", "Power": "10 bhp", "Color": "Grey", "Modified": "2 days", "Times clicked": "682", "Short link": "www.car.gr/21333497", "Telephone": "None"}, "ad_seller": {}, "metadata": {"type": "Bikes", "brand": "Cheetah", "model": "Cheetah   '08 - € 450 EUR (Negotiable)"}, "extras": ["Electric starter", "Spoke wheels", "Top Box-Μπαγκαζιέρα"], "description": "Λειτουργεί άψογα. Όλα τα σέρβις στην ώρα τους. Φύλαξη σε κλειστό Πάρκινκ. Πωλείται λόγω αγοράς αυτοκινήτου. Ευκαιρία - Less - "}