{"query": {"url": "https://www.car.gr/21333402-honda-glx", "type": "CAR_ADDE", "trial_count": 1, "last_processed": 1553098936}, "title": "Honda GLX  '98", "ad_id": "21333402", "ad_data": {"Make/Model": "Honda GLX '98", "Classified number": "21333402", "Price": "€1.200", "Category": "Bike - Underbone", "Registration": "1 / 1998", "Fuel type": "Gasoline", "Cubic capacity": "115 cc", "Power": "7 bhp", "Color": "Light Blue (Metallic)", "Modified": "12 days", "Times clicked": "146", "Short link": "www.car.gr/21333402", "Telephone": "None"}, "ad_seller": {}, "metadata": {"type": "Bikes", "brand": "Honda", "model": "GLX"}, "extras": [], "description": "το μηχανάκι δεν θέλει τπτ φοράει μοτερ απο αστρα 115 μίζατο....... στα χαρτιά είναι 90cc επίσης δύναται μαζί και το μοτερ του γλχ το γνήσιο - Less - "}