{"query": {"url": "https://www.car.gr/21333451-kymco-downtown-300i", "type": "CAR_ADDE", "trial_count": 1, "last_processed": 1553098934}, "title": "Kymco Downtown 300i  '10", "ad_id": "21333451", "ad_data": {"Make/Model": "Kymco Downtown 300i '10", "Classified number": "21333451", "Price": "€2.400", "Category": "Bike - Roller/Scooter", "Registration": "4 / 2010", "Mileage": "57,036 km", "Fuel type": "Gasoline", "Cubic capacity": "300 cc", "Power": "33 bhp", "Color": "White", "Previous owners": "1", "Modified": "12 days", "Times clicked": "56", "Short link": "www.car.gr/21333451", "Telephone": "+30 2310502080"}, "ad_seller": {"Dealer": "ΜΟΤΟ ΚΑΠΟΥΣΗΣ", "Address": "ΛΑΓΚΑΔΑ134", "City": "ΝΕΑΠΟΛΗ", "": "+30 2310502080", "Dealer page": "https//motokapousis.car.gr/", "Open hours": "Δευτέρα εως Παρασκεύη\n 09.00-19.00 και \nΣάββατο απο 09.00 εως 14.00"}, "metadata": {"type": "Bikes", "brand": "Kymco", "model": "Downtown 300i"}, "extras": [], "description": ""}