{"query": {"url": "https://www.car.gr/21333461-yamaha-nmax-125cc", "type": "CAR_ADDE", "trial_count": 1, "last_processed": 1553095992}, "title": "Yamaha NMAX 125cc '16", "ad_id": "21333461", "ad_data": {"Make/Model": "Yamaha NMAX 125cc '16", "Classified number": "21333461", "Price": "€2.100", "Category": "Bike - Roller/Scooter", "Registration": "7 / 2016", "Mileage": "17,268 km", "Fuel type": "Gasoline", "Cubic capacity": "125 cc", "Power": "12 bhp", "Color": "White", "Kteo to": "01 / 2020", "Modified": "4 days", "Times clicked": "297", "Short link": "www.car.gr/21333461", "Telephone": "None"}, "ad_seller": {}, "metadata": {"type": "Bikes", "brand": "Yamaha", "model": "NMAX"}, "extras": ["ABS", "Automatic", "Centerstand", "Electric starter", "Greek Dealership", "Lights Xenon", "Service Book", "Sidestand"], "description": "Πωλείται λόγω αγοράς μεγαλύτερου με βιβλίο service όλα έχουν γίνει σε αντιπροσωπεία της Yamaha. Ατρακαριστο,αγρατζουνιστο δεν έχει κανένα πρόβλημα απολύτως, extra ποδια γνήσια της yamaha, καθρέφτες, αντίβαρα,μεμβρανη στο φανάρι χαμαιλεων, αυτοκόλλητη μεμβράνη στα πλαϊνά. Δεκτος οποιοσδήποτε έλεγχος κ σε αντιπροσωπεία. - Less - "}