{"query": {"url": "https://www.car.gr/3392905-sym-gts-300i-evo", "type": "CAR_ADDE", "trial_count": 1, "last_processed": 1553103770}, "title": "Sym GTS 300i EVO  '09", "ad_id": "3392905", "ad_data": {"Make/Model": "Sym GTS 300i EVO '09", "Classified number": "3392905", "Price": "€2.900", "Category": "Bike - Roller/Scooter", "Registration": "12 / 2009", "Mileage": "15,000 km", "Fuel type": "Gasoline", "Cubic capacity": "300 cc", "Power": "25 bhp", "Transmission": "Automatic", "Color": "White", "Liters/100km": "3.5 (Μικτό)", "Modified": "43 days", "Times clicked": "6826", "Short link": "www.car.gr/3392905", "Telephone": "+30 2821099405"}, "ad_seller": {"Dealer": "CHANIA MOTORCYCLES", "Address": "ΝΙΚΟΛΑΟΥΠΛΑΣΤΗΡΑ4", "City": "ΧΑΝΙΑ", "": "+30 6980127373", "Fax": "+30 6996312247", "Dealer page": "https//stavroulakis-cars.car.gr/"}, "metadata": {"type": "Bikes", "brand": "Sym", "model": "GTS 300i EVO"}, "extras": ["Automatic", "Car Exchange", "Electric starter", "Exchange with Moto accepted", "Four-stroke engine", "Gelatin", "Service Book"], "description": "ΣΑΝ ΚΑΙΝΟΥΡΓΙΟ ΕΧΕΙ ΓΙΝΕΙ ΠΡΟΣΦΑΤΑ SERVICE ΕΧΕΙ ΜΠΕΙ ΗΧΟΣΥΣΤΗΜΑ ΜΕ RADIOCD ΑΞΙΑΣ 300 ΕΥΡΟ - Less - "}