{"query": {"url": "https://www.car.gr/7182115-peugeot-speedfight-3-125cc", "type": "CAR_ADDE", "trial_count": 1, "last_processed": 1553100664}, "title": "Peugeot Speedfight 3 125cc '16", "ad_id": "7182115", "ad_data": {"Make/Model": "Peugeot Speedfight 3 125cc '16", "Classified number": "7182115", "Price": "€1.900", "Category": "Bike - Roller/Scooter", "Registration": "7 / 2016", "Fuel type": "Gasoline", "Cubic capacity": "125 cc", "Power": "10 bhp", "Color": "White", "Modified": "19 days", "Times clicked": "3177", "Short link": "www.car.gr/7182115", "Telephone": "+30 2810330870"}, "ad_seller": {"Dealer": "H & K AEBE", "Address": "Λ.Ικαρου11&Αγ.ΦανουριουΝΕΑΑΛΙΚΑΡΝΑΣΣΟΣ", "City": "ΗΡΑΚΛΕΙΟ", "": "+30 2810330880", "Fax": "+30 2810240625", "Dealer page": "https//hkaebe.car.gr/"}, "metadata": {"type": "Bikes", "brand": "Peugeot", "model": "Speedfight 3"}, "extras": [], "description": "0 ΠΡΟΚΑΤΑΒΟΛΗ ΚΑΙ ΕΩΣ 72 ΜΗΝΕΣ ΕΞΩΦΛΗΣΗ <Η> 30%ΠΡΟΚΑΤΑΒΟΛΗ ΚΑΙ 12 ΜΗΝΕΣ ΑΤΟΚΑ - Less - "}