{"query": {"url": "https://www.car.gr/4027134-ducati-multistrada-1000-ds", "type": "CAR_ADDE", "trial_count": 1, "last_processed": 1553098031}, "title": "Ducati Multistrada 1000 DS  '04", "ad_id": "4027134", "ad_data": {"Make/Model": "Ducati Multistrada 1000 DS '04", "Classified number": "4027134", "Price": "€5.000", "Category": "Bike - Sport Touring", "Registration": "7 / 2004", "Mileage": "13,400 km", "Fuel type": "Gasoline", "Cubic capacity": "992 cc", "Power": "87 bhp", "Color": "Black (Metallic)", "Modified": "10 days", "Times clicked": "234", "Short link": "www.car.gr/4027134", "Telephone": "None"}, "ad_seller": {"Name": "ΔΗΜΗΤΡΗΣ", "Address": "ΜΥΤΙΛΗΝΗP.ΛΕΣΒΟΥ"}, "metadata": {"type": "Bikes", "brand": "Ducati", "model": "Multistrada 1000 DS"}, "extras": ["Centerstand", "Electric starter", "Exchange with Moto accepted", "Four-stroke engine", "Sidestand", "Trip computer"], "description": "Η ΜΗΧΑΝΗ ΕΙΝΑΙ ΣΕ ΥΠΕΡΑΡΙΣΤΗ ΚΑΤΑΣΤΑΣΗ...!!ΔΕΝ ΕΧΕΙ ΠΕΙΡΑΧΤΕΙ ΜΗΧΑΝΙΚΑ ΟΥΤΕ ΕΞΩΤΕΡΙΚΑ...ΔΕΝ ΕΧΕΙ ΠΕΣΕΙ ΠΟΤΕ ΚΑΤΩ...ΚΥΚΛΟΦΟΡΟΥΣΕ ΣΠΑΝΙΑ ΓΙΑΥΤΟ Κ ΕΧΕΙ ΤΟΣΑ ΧΙΛΙΟΜΕΤΡΑ (ΣΤΗΝ ΕΠΑΡΧΙΑ)...ΕΙΝΑΙ ΣΕ ΓΚΑΡΑΖ ΑΠΟ ΤΗΝ ΠΡΩΤΗ ΜΕΡΑ ΑΓΟΡΑΣ<<<....ΔΕΚΤΟΣ ΟΠΟΙΟΣΔΗΠΟΤΕ ΕΛΕΓΧΟΣ....>>>ΜΑΖΙ ΔΙΝΩ ΤΟ TANK BUG ΤΗΣ DUCATI ΑΞΙΑΣ 130 ΕΥΡΩ..ΟΛΟΚΑΙΝΟΥΡΙΑ ΛΑΣΤΙΧΑ ΠΡΟΣΦΑΤΟ ΣΕΡΒΙΣ ΜΕ ΑΛΛΑΓΜΕΝΟΥΣ ΙΜΑΝΤΕΣ ΚΑΙ ΛΑΔΙΑ..ΔΕΝ ΧΡΕΙΑΖΕΤΑΙ ΑΠΟΛΥΤΩΣ ΤΙΠΟΤΑ ΓΙΑ ΤΗΝ ΚΥΚΛΟΦΟΡΙΑ ΤΗΣ. - ΠΕΡΑΣΜΕΝΟ ΚΤΕΟ ΜΕΧΡΙ 2019. - Η ΜΗΧΑΝΗ ΕΧΕΙ ΠΡΑΓΜΑΤΙΚΑ ΧΙΛΙΟΜΕΤΡΑ!!ΑΝΤΑΛΛΑΓΗ ΜΕ ΜΗΧΑΝΗ ΑΝΑΛΟΓΗΣ ΤΙΜΗΣ +- ΤΗ ΔΙΑΦΟΡΑ. - Less - "}