{"query": {"url": "https://www.car.gr/21507108-yamaha-x-max-400", "type": "CAR_ADDE", "trial_count": 1, "last_processed": 1553094822}, "title": "Yamaha  X MAX 400 '18", "ad_id": "21507108", "ad_data": {"Make/Model": "Yamaha X MAX 400 '18", "Classified number": "21507108", "Price": "€6.000", "Category": "Bike - Roller/Scooter", "Registration": "7 / 2018", "Mileage": "10,000 km", "Fuel type": "Gasoline", "Cubic capacity": "400 cc", "Power": "34 bhp", "Color": "Grey", "Modified": "1 day", "Times clicked": "61", "Short link": "www.car.gr/21507108", "Telephone": "None"}, "ad_seller": {}, "metadata": {"type": "Bikes", "brand": "Yamaha", "model": "Yamaha  X MAX 400 '18 - € 6.000 EUR"}, "extras": [], "description": "ΠΩΛΕΙΤΑΙ ΤΟ SCOOTER ΤΩΝ ΦΩΤΟΓΡΑΦΙΩΝ.ΑΡΙΣΤΗ ΚΑΤΑΣΤΑΣΗ. - ΜΟΝΤΕΛΟ 2018. - ΤΗΛ ΝΕΚΤΑΡΙΟΣ. - Less - "}