{"query": {"url": "https://www.car.gr/21507164-honda-c50", "type": "CAR_ADDE", "trial_count": 1, "last_processed": 1553094812}, "title": "Honda  C50 '87", "ad_id": "21507164", "ad_data": {"Make/Model": "Honda C50 '87", "Classified number": "21507164", "Price": "€1.500", "Category": "Bike - Underbone", "Registration": "1 / 1987", "Fuel type": "Gasoline", "Cubic capacity": "72 cc", "Power": "7 bhp", "Color": "Red", "Liters/100km": "2 (Εντός)/2 (Εκτός)/2 (Μικτό)", "Previous owners": "1", "Modified": "1 day", "Times clicked": "83", "Short link": "www.car.gr/21507164", "Telephone": "None"}, "ad_seller": {}, "metadata": {"type": "Bikes", "brand": "Honda", "model": "Honda  C50 '87 - € 1.500 EUR (Negotiable)"}, "extras": [], "description": "Πλήρης ανακατασκευή - Less - "}