{"query": {"url": "https://www.car.gr/21507131-honda-vision-110", "type": "CAR_ADDE", "trial_count": 1, "last_processed": 1553093794}, "title": "Honda Vision 110  '12", "ad_id": "21507131", "ad_data": {"Make/Model": "Honda Vision 110 '12", "Classified number": "21507131", "Price": "€1.550", "Category": "Bike - Roller/Scooter", "Registration": "1 / 2012", "Mileage": "30,000 km", "Fuel type": "Gasoline", "Cubic capacity": "110 cc", "Power": "10 bhp", "Color": "Grey (Metallic)", "Modified": "8 hours", "Times clicked": "26", "Short link": "www.car.gr/21507131", "Telephone": "+30 2394122721"}, "ad_seller": {"Dealer": "ΜΕΤΑΧΕΙΡΙΣΜΕΝΑ ΑΥΤΟΚΙΝΗΤΑ ΚΑΙ ΜΗΧΑΝΕΣ", "Address": "ΜΕΓΑΛΟΥΑΛΕΞΑΝΔΡΟΥ24", "City": "ΛΑΓΚΑΔΑΣ", "": "+30 6948829716", "Dealer page": "https//autoline-cars-moto.car.gr/"}, "metadata": {"type": "Bikes", "brand": "Honda", "model": "Vision 110"}, "extras": ["Car Exchange", "Exchange with Moto accepted", "Four-stroke engine", "Sidestand"], "description": "ΑΡΙΣΤΗ ΚΑΤΑΣΤΑΣΗ ΤΟΥ ΣΚΟΥΤΕΡ - ΔΕΚΤΟΣ ΕΛΕΓΧΟΣ ΑΠΟ ΕΣΑΣ - ΚΑΙΝΟΥΡΙΑ ΛΑΣΤΙΧΑ - ΕΛΛΗΝΙΚΗΣ ΑΝΤΙΠΡΟΣΩΠΕΙΑΣ - ΜΕΓΑΛΗ ΠΟΙΚΙΛΙΑ ΣΕ ΜΕΤΑΧΕΙΡΙΣΜΕΝΑ ΕΛΕΓΜΕΝΑ ΣΚΟΥΤΕΡΣ - ΑΠΟΣΤΟΛΗ ΣΕ ΟΛΗ ΤΗΝ ΕΛΛΑΔΑ - Less - "}