{"query": {"url": "https://www.car.gr/21507158-honda-vision-110", "type": "CAR_ADDE", "trial_count": 1, "last_processed": 1553093794}, "title": "Honda Vision 110  '11", "ad_id": "21507158", "ad_data": {"Make/Model": "Honda Vision 110 '11", "Classified number": "21507158", "Price": "€1.300", "Category": "Bike - Roller/Scooter", "Registration": "1 / 2011", "Mileage": "35,000 km", "Fuel type": "Gasoline", "Cubic capacity": "110 cc", "Power": "10 bhp", "Color": "White (Metallic)", "Modified": "8 hours", "Times clicked": "30", "Short link": "www.car.gr/21507158", "Telephone": "+30 2394122721"}, "ad_seller": {"Dealer": "ΜΕΤΑΧΕΙΡΙΣΜΕΝΑ ΑΥΤΟΚΙΝΗΤΑ ΚΑΙ ΜΗΧΑΝΕΣ", "Address": "ΜΕΓΑΛΟΥΑΛΕΞΑΝΔΡΟΥ24", "City": "ΛΑΓΚΑΔΑΣ", "": "+30 6948829716", "Dealer page": "https//autoline-cars-moto.car.gr/"}, "metadata": {"type": "Bikes", "brand": "Honda", "model": "Vision 110"}, "extras": ["Car Exchange", "Exchange with Moto accepted", "Four-stroke engine", "Greek Dealership", "Sidestand"], "description": "ΔΕΚΤΟΣ ΕΛΕΓΧΟΣ ΑΠΟ ΕΣΑΣ - ΚΑΙΝΟΥΡΙΑ ΛΑΣΤΙΧΑ - ΕΛΛΗΝΙΚΗΣ ΑΝΤΙΠΡΟΣΩΠΕΙΑΣ - ΜΕΓΑΛΗ ΠΟΙΚΙΛΙΑ ΣΕ ΜΕΤΑΧΕΙΡΙΣΜΕΝΑ ΕΛΕΓΜΕΝΑ ΣΚΟΥΤΕΡΣ - ΑΠΟΣΤΟΛΗ ΣΕ ΟΛΗ ΤΗΝ ΕΛΛΑΔΑ - Less - "}