{"query": {"url": "https://www.car.gr/2384296-sachs-hercules-ultra-80", "type": "CAR_ADDE", "trial_count": 1, "last_processed": 1553093293}, "title": "Sachs  hercules ultra 80 '81", "ad_id": "2384296", "ad_data": {"Make/Model": "Sachs hercules ultra 80 '81", "Classified number": "2384296", "Price": "€3.300", "Category": "Bike - On/Off", "Registration": "1 / 1981", "Mileage": "15,000 km", "Fuel type": "Gasoline", "Cubic capacity": "80 cc", "Power": "10 bhp", "Transmission": "Manual", "Color": "Blue (Metallic)", "Modified": "6 hours", "Times clicked": "15619", "Short link": "www.car.gr/2384296", "Telephone": "+30 2104954210"}, "ad_seller": {"Dealer": "MOTO MERKOURIS", "Address": "KARDHMHTRIOU", "City": "ΚΟΡΥΔΑΛΛΟΣ", "": "+30 6977457015", "Fax": "+30 2104954210", "Dealer page": "https//merkouris.car.gr/"}, "metadata": {"type": "Bikes", "brand": "Sachs", "model": "Sachs  hercules ultra 80 '81 - € 3.300 EUR"}, "extras": [], "description": "Μεγάλο stock ανταλλακτικών beta kalifo kalifone rizato - Less - "}