{"query": {"url": "https://www.car.gr/8799449-puch", "type": "CAR_ADDE", "trial_count": 1, "last_processed": 1553101232}, "title": "Puch   '82", "ad_id": "8799449", "ad_data": {"Make/Model": "Puch '82", "Classified number": "8799449", "Price": "€200", "Category": "Bike - Moped", "Registration": "1 / 1982", "Mileage": "232,323 km", "Fuel type": "Gasoline", "Cubic capacity": "49 cc", "Power": "5 bhp", "Color": "White", "Modified": "22 days", "Times clicked": "10892", "Short link": "www.car.gr/8799449", "Telephone": "None"}, "ad_seller": {}, "metadata": {"type": "Bikes", "brand": "Puch", "model": "Puch   '82 - € 200 EUR"}, "extras": [], "description": "ΠΩΛΕΙΤΑΙ ΜΟΤΟΠΟΔΗΛΑΤΟ PUCH.ΕΧΕΙ ΝΑ ΚΙΝΗΘΕΙ 5 ΧΡΟΝΙΑ. ΒΓΑΖΕΙ ΠΙΝΑΚΙΔΑ ΙΣΤΟΡΙΚΟΥ ΟΧΗΜΑΤΟΣ. - Less - "}