{"query": {"url": "https://www.car.gr/7136798-aeon-atv", "type": "CAR_ADDE", "trial_count": 1, "last_processed": 1553097629}, "title": "Aeon ATV  '10", "ad_id": "7136798", "ad_data": {"Make/Model": "Aeon ATV '10", "Classified number": "7136798", "Price": "€1.100", "Category": "Bike - Four Wheel-ATV", "Registration": "1 / 2010", "Mileage": "2,000 km", "Fuel type": "Gasoline", "Cubic capacity": "100 cc", "Power": "9 bhp", "Color": "Red (Metallic)", "Modified": "9 days", "Times clicked": "4471", "Short link": "www.car.gr/7136798", "Telephone": "+30 2109920349"}, "ad_seller": {"Dealer": "AUTO & MOTO PARTS", "Address": "Γ'ΣΕΠΤΕΜΒΡΙΟΥ43", "City": "ΑΡΓΥΡΟΥΠΟΛΗ", "": "+30 6940500724", "Dealer page": "https//tremotocare.car.gr/"}, "metadata": {"type": "Bikes", "brand": "Aeon", "model": "ATV"}, "extras": [], "description": "αριστη κατασταση , ανταλλαγη με παπι δεκτη - Less - "}