{"query": {"url": "https://www.car.gr/4609687-sachs-prior", "type": "CAR_ADDE", "trial_count": 1, "last_processed": 1553094299}, "title": "Sachs  PRIOR '68", "ad_id": "4609687", "ad_data": {"Make/Model": "Sachs PRIOR '68", "Classified number": "4609687", "Price": "€4.000", "Category": "Bike - Street Bike", "Registration": "1 / 1968", "Mileage": "69,000 km", "Fuel type": "Gasoline", "Cubic capacity": "80 cc", "Power": "3 bhp", "Color": "Red", "Modified": "21 hours", "Times clicked": "18191", "Short link": "www.car.gr/4609687", "Telephone": "+30 2831028205"}, "ad_seller": {"Dealer": "gas service zoumpoulakis", "Address": "ΔΙΑΚΛΑΔΩΣΗΓΙΑΝΝΟΥΔΙΡΕΘΥΜΝΟ", "City": "ΡΕΘΥΜΝΟ", "": "+30 2831028205", "Fax": "+30 2831028275", "Dealer page": "https//gaszoumpoulakis.car.gr/"}, "metadata": {"type": "Bikes", "brand": "Sachs", "model": "Sachs  PRIOR '68 - € 4.000 EUR (Negotiable)"}, "extras": ["Exchange with Moto accepted", "Two-stroke"], "description": "ΑΝΤΙΚΑ -ΣΕ ΑΡΙΣΤΗ ΚΑΤΑΣΤΑΣΗ -ΥΠΑΡΧΟΥΝ ΧΑΡΤΙΑ - Less - "}