{"query": {"url": "https://www.car.gr/4094858-honda-xrv-750-africa-twin", "type": "CAR_ADDE", "trial_count": 1, "last_processed": 1553093797}, "title": "Honda XRV 750 Africa TWIN  '01", "ad_id": "4094858", "ad_data": {"Make/Model": "Honda XRV 750 Africa TWIN '01", "Classified number": "4094858", "Price": "€6.200", "Category": "Bike - On/Off", "Registration": "1 / 2001", "Mileage": "16,000 km", "Fuel type": "Gasoline", "Cubic capacity": "750 cc", "Power": "65 bhp", "Color": "Blue (Metallic)", "Modified": "8 hours", "Times clicked": "74381", "Short link": "www.car.gr/4094858", "Telephone": "+30 6948259178"}, "ad_seller": {"Dealer": "Garage (regeneration now)", "Address": "Πατρα", "City": "ΠΑΤΡΑ", "": "+30 2610433708", "Dealer page": "https//giannis-aposto.car.gr/"}, "metadata": {"type": "Bikes", "brand": "Honda", "model": "XRV 750 Africa TWIN"}, "extras": ["Alarm", "Bars", "Cargo Rack", "Centerstand", "Engine Guards", "Exhibition", "Four-stroke engine", "Gelatin", "Service Book", "Sidestand", "Skid Plate", "Spoke wheels", "Top Box-Μπαγκαζιέρα"], "description": "Απλά σαν καινούργια .Με φουλ extra .Συναγερμός , Αφόρετο ολοκαίνουριο μπακστερ δερμα στο τεποζιτο, και βαλιτσάκι δέρμα για πανο στο τεποζιτο. Επίσης οτι έχει μπει πάνω με δική μου παρέμβαση υπάρχει και το μαμά. Π.χ καπακια κάτω απο τη σελα αρθράκι μαμά, καρίνα μαμα,δεύτερη, τζαμακι ζελατίνα μαμα καινούργιο ,μπάρες προστασίας μηχανής νικελ,μπάρες πίσω για τριβαλιτσο κ.τ λ : Τα ασπρα όπως χούφτες επικαλαμιδες φτερό εμπρός και πίσω εινα ολα πάνω της καινούρια.Τελος αλαξα την μπακαζιερα με καινουργια Givi V46 με μαξιλαρακι ,επανω καπακι στο χρωμα της μηχανης και σκαρακι .Δεκτος κάθε έλεγχος. !!!!!!!!!!!!!!!!!!!!! Μόνο σοβαρές προτάσεις για γνώστες και λάτρεις της africa twin . Μόνο τα extra έχουν 1500 ευρω.Την δίνω με απάτητα ελαστικά φουλ σέρβις και μπαταρία yuasa ολοκαίνουργια δεν έχει φορεθεί ακόμα επάνω . - Less - "}