{"query": {"url": "https://www.car.gr/21331949-ktm-300-exc", "type": "CAR_ADDE", "trial_count": 1, "last_processed": 1553098951}, "title": "KTM 300 EXC  '08", "ad_id": "21331949", "ad_data": {"Make/Model": "KTM 300 EXC '08", "Classified number": "21331949", "Price": "€4.200", "Category": "Bike - Εnduro", "Registration": "1 / 2008", "Fuel type": "Gasoline", "Cubic capacity": "300 cc", "Power": "55 bhp", "Color": "Orange", "Modified": "12 days", "Times clicked": "308", "Short link": "www.car.gr/21331949", "Telephone": "None"}, "ad_seller": {}, "metadata": {"type": "Bikes", "brand": "KTM", "model": "300 EXC"}, "extras": ["Service Book", "Two-stroke"], "description": "Καινούριο πιστόνι σε εξουσιοδοτημένο συνεργείο πλακέτας Πτολεμαΐδας ώρες λειτουργίας 15 ώρες τα υπόλοιπα από το τηλ Χρήστος - Less - "}