{"query": {"url": "https://www.car.gr/677715-sym-symphony-50-symphony-50-kainoyrio", "type": "CAR_ADDE", "trial_count": 1, "last_processed": 1553105265}, "title": "Sym Symphony 50 SYMPHONY 50  KAINOYRIO   '16", "ad_id": "677715", "ad_data": {"Make/Model": "Sym Symphony 50 SYMPHONY 50  KAINOYRIO   '16", "Classified number": "677715", "Price": "€11", "Category": "Bike - Roller/Scooter", "Registration": "1 / 2016", "Fuel type": "Gasoline", "Cubic capacity": "50 cc", "Power": "6 bhp", "Transmission": "Automatic", "Color": "Silver (Metallic)", "Modified": "35 days", "Times clicked": "5514", "Short link": "www.car.gr/677715", "Telephone": "+30 6945279646"}, "ad_seller": {"Dealer": "ΜΟΤΟΣΥΛΛΟΓΗ", "Address": "59100", "City": "ΒΕΡΟΙΑ", "": "+30 6945279646", "Fax": "+30 2331022881", "Dealer page": "https//motosillogi.car.gr/", "Website": "https//www.facebook.com/motosyllogi76"}, "metadata": {"type": "Bikes", "brand": "Sym", "model": "Symphony 50"}, "extras": ["Automatic", "Cargo Rack", "Cast wheels", "Catalyst", "Centerstand", "Electric starter", "Exhibition", "Four-stroke engine", "Gelatin", "Kick-Starter", "Sidestand", "Καρμπυρατέρ"], "description": "ΤΕΤΡΑΧΡΟΝΟ - ΑΕΡΟΨΥΚΤΟ - ΤΡΟΧΟΙ 16 - ΚΕΝΤΡΙΚΟ -ΠΛΑΙΝΟ ΣΤΑΝΤ - ΡΕΖΕΡΒΟΥΑΡ 4.8 ΛΙΤΡΩΝ - ΕΝΣΩΜΑΤΩΜΕΝΗ ΣΧΑΡΑ ΑΠΟΣΚΕΥΩΝ - ΜΙΖΑ- ΜΑΝΙΒΕΛΑ - ΕΜΠΡΟΣ - ΔΙΣΚΟΦΡΕΝΟ - ΜΕ ΠΙΝΑΚΙΔΑ ΛΟΓΩ ΤΕΛΟΥΣ ΕΓΚΡΙΣΕΩΣ ΧΩΡΙΣ ΧΙΛ ΤΟ ΜΗΧΑΝΑΚΙ ΕΙΝΑΙ ΚΑΙΝΟΥΡΙΟ ΤΕΛΕΥΤΕΟ ΚΟΜΑΤΗ ΣΕ ΠΡΟΣΦΟΡΑ ΠΡΟΛΑΒΕΤΕ ΜΟΤΟΣΥΛΛΟΓΗ, η καλυτερη σχεση με τους 2 τροχους.//Η ΤΗΜΗ ΕΙΝΑΙ ΕΝΔΗΚΤΗΚΗ ΣΤΗΛΤΕ ΜΗΝΗΜΑ Η ΤΗΛ ΕΑΝ ΕΙΝΑΙ ΔΙΑΘΕΣΗΜΟ ΑΝΤΑΛΑΓΗ ΜΕ ΤΡΑΚΤΕΡ Η ΑΓΡΟΤΙΚΟ ΜΕ ΚΑΡΟΤΣΑ - Less - "}