{"query": {"url": "https://www.car.gr/21330866-yamaha-fz1-naked", "type": "CAR_ADDE", "trial_count": 1, "last_processed": 1553095367}, "title": "Yamaha FZ1 Naked  '07", "ad_id": "21330866", "ad_data": {"Make/Model": "Yamaha FZ1 Naked '07", "Classified number": "21330866", "Price": "€4.500", "Category": "Bike - Naked", "Registration": "1 / 2007", "Mileage": "50,000 km", "Fuel type": "Gasoline", "Cubic capacity": "1,000 cc", "Power": "151 bhp", "Color": "Black (Metallic)", "Kteo to": "01 / 2020", "Previous owners": "1", "Modified": "2 days", "Times clicked": "271", "Short link": "www.car.gr/21330866", "Telephone": "None"}, "ad_seller": {}, "metadata": {"type": "Bikes", "brand": "Yamaha", "model": "FZ1 Naked"}, "extras": ["Car Exchange", "Cast wheels", "Centerstand", "Electric starter", "Exchange with Moto accepted", "Exhaust Special", "Exhibition", "Four-stroke engine", "Gelatin", "Greek Dealership", "Injection", "Led lights", "Lights Xenon", "Price without VAT", "Service Book"], "description": "Πολλά έξτρα. Power commander v,ενισχυμένο βολάν,πίσω φανάρι led,remus τελικό,kn φίλτρο,σωληνακια υψηλης,πρόσφατο σέρβις τακάκια λάδια φίλτρα. Ανταλλαγες με supersport,on/off, και με μερικα αμαξια - Less - "}