{"query": {"url": "https://www.car.gr/21330875-honda-c-c50", "type": "CAR_ADDE", "trial_count": 1, "last_processed": 1553098953}, "title": "Honda C C50 '73", "ad_id": "21330875", "ad_data": {"Make/Model": "Honda C C50 '73", "Classified number": "21330875", "Price": "€900", "Category": "Bike - Underbone", "Registration": "1 / 1973", "Mileage": "6,000 km", "Fuel type": "Gasoline", "Cubic capacity": "50 cc", "Power": "5 bhp", "Color": "Blue", "Modified": "12 days", "Times clicked": "248", "Short link": "www.car.gr/21330875", "Telephone": "None"}, "ad_seller": {}, "metadata": {"type": "Bikes", "brand": "Honda", "model": "C"}, "extras": [], "description": ""}