{"query": {"url": "https://www.car.gr/21330853-yamaha-fjr-1300", "type": "CAR_ADDE", "trial_count": 1, "last_processed": 1553093758}, "title": "Yamaha FJR 1300  '07", "ad_id": "21330853", "ad_data": {"Make/Model": "Yamaha FJR 1300 '07", "Classified number": "21330853", "Price": "€7.000", "Category": "Bike - Sport Touring", "Registration": "4 / 2007", "Mileage": "38,000 km", "Fuel type": "Gasoline", "Cubic capacity": "1,300 cc", "Power": "152 bhp", "Color": "Silver (Metallic)", "Kteo to": "01 / 2020", "Liters/100km": "6.5 (Εντός)/5.5 (Εκτός)/6 (Μικτό)", "Modified": "8 hours", "Times clicked": "55", "Short link": "www.car.gr/21330853", "Telephone": "None"}, "ad_seller": {}, "metadata": {"type": "Bikes", "brand": "Yamaha", "model": "FJR 1300"}, "extras": ["ABS", "Alarm", "Bars", "Cargo Rack", "Cast wheels", "Catalyst", "Centerstand", "Electric starter", "Engine Guards", "Exchange with Moto accepted", "Exhaust Special", "Four-stroke engine", "Gelatin", "Greek Dealership", "Heated Handguards", "Injection", "Kick-Starter", "Led lights", "Sidestand", "Top Box-Μπαγκαζιέρα"], "description": "Άριστο κατάσταση βιτρίνας με ότι μπορεί να πάρει επάνω κ με πράγματα που δεν θα δείτε σε κανενα άλλο FJR.Και τιμονοπλακα άλλη για πιο όρθια κ ξεκούραστη στάση σώματος! Προσφορά έως κ 15 Απριλίου.Μετά η τιμή διαμορφώνετε στα 8.500€ - Less - "}