{"query": {"url": "https://www.car.gr/21330865-yamaha-x-city-250", "type": "CAR_ADDE", "trial_count": 1, "last_processed": 1553096946}, "title": "Yamaha X-CITY 250  '10", "ad_id": "21330865", "ad_data": {"Make/Model": "Yamaha X-CITY 250 '10", "Classified number": "21330865", "Price": "€1.800", "Category": "Bike - Roller/Scooter", "Registration": "9 / 2010", "Mileage": "70,000 km", "Fuel type": "Gasoline", "Cubic capacity": "250 cc", "Power": "22 bhp", "Color": "Silver (Metallic)", "Kteo to": "12 / 2019", "Modified": "7 days", "Times clicked": "74", "Short link": "www.car.gr/21330865", "Telephone": "None"}, "ad_seller": {}, "metadata": {"type": "Bikes", "brand": "Yamaha", "model": "X-CITY 250"}, "extras": ["Automatic", "Centerstand", "Electric starter", "Four-stroke engine", "Greek Dealership", "Injection", "Sidestand", "Top Box-Μπαγκαζιέρα", "Trip computer"], "description": "Δεκτός έλεγχος,δίνεται κ εγγύηση - Δώρο η ασφάλεια - Περισσότερα στο τηλ - Less - "}