{"query": {"url": "https://www.car.gr/5049298-daelim-s4-4t", "type": "CAR_ADDE", "trial_count": 1, "last_processed": 1553094740}, "title": "Daelim  S4 4T '14", "ad_id": "5049298", "ad_data": {"Make/Model": "Daelim S4 4T '14", "Classified number": "5049298", "Price": "€1.190", "Category": "Bike - Roller/Scooter", "Registration": "5 / 2014", "Fuel type": "Gasoline", "Cubic capacity": "49 cc", "Power": "4 bhp", "Color": "White", "Modified": "1 day", "Times clicked": "20", "Short link": "www.car.gr/5049298", "Telephone": "+30 2102388281"}, "ad_seller": {"Dealer": "ΝΙΚΑΣ ΣΠΥΡΙΔΩΝ", "Address": "ΛΕΩΦ.ΔΗΜΟΚΡΑΤΙΑΣ290", "City": "ΑΧΑΡΝΕΣ", "": "+30 2102381638", "Fax": "+30 2102388282", "Dealer page": "https//chevrolet-nikas.car.gr/"}, "metadata": {"type": "Bikes", "brand": "Daelim", "model": "Daelim  S4 4T '14 - € 1.190 EUR"}, "extras": ["Automatic", "Car Exchange", "Exchange with Moto accepted", "Four-stroke engine"], "description": "KAINOYRIO 0 XILIOMETRA - Less - "}