{"query": {"url": "https://www.car.gr/5461516-kawasaki-zx-12-r", "type": "CAR_ADDE", "trial_count": 1, "last_processed": 1553097969}, "title": "Kawasaki ZX-12 R  '02", "ad_id": "5461516", "ad_data": {"Make/Model": "Kawasaki ZX-12 R '02", "Classified number": "5461516", "Price": "€3.200", "Category": "Bike - Super Sport", "Registration": "1 / 2002", "Mileage": "39,850 km", "Fuel type": "Gasoline", "Cubic capacity": "1,200 cc", "Power": "180 bhp", "Color": "Blue", "Modified": "10 days", "Times clicked": "4713", "Short link": "www.car.gr/5461516", "Telephone": "None"}, "ad_seller": {}, "metadata": {"type": "Bikes", "brand": "Kawasaki", "model": "ZX-12 R"}, "extras": ["Electric starter", "Four-stroke engine"], "description": ""}