{"query": {"url": "https://www.car.gr/8790912-suzuki-rf", "type": "CAR_ADDE", "trial_count": 1, "last_processed": 1553093672}, "title": "Suzuki RF  '99", "ad_id": "8790912", "ad_data": {"Make/Model": "Suzuki RF '99", "Classified number": "8790912", "Price": "€499", "Category": "Bike - Roller/Scooter", "Registration": "2 / 1999", "Mileage": "14,900 km", "Fuel type": "Gasoline", "Cubic capacity": "50 cc", "Power": "7 bhp", "Color": "Black (Metallic)", "Liters/100km": "3 (Εντός)/3 (Εκτός)/3 (Μικτό)", "Modified": "7 hours", "Times clicked": "886", "Short link": "www.car.gr/8790912", "Telephone": "None"}, "ad_seller": {"Name": "dax", "Address": "ΛΑΡΙΣΑP.ΛΑΡΙΣΑΣ"}, "metadata": {"type": "Bikes", "brand": "Suzuki", "model": "RF"}, "extras": ["Automatic", "Cast wheels", "Centerstand", "Electric starter", "Kick-Starter", "Two-stroke"], "description": " Το μηχανάκι αγοράστηκε καινούργιο, το χρώμα του είναι εργοστασιακό (μαύρο μεταλλικό) και φυλάσσεται σε κλειστό χώρο. - Είναι αυτόματο,δίχρονο,αερόψυκτο, με μίζα,δισκόφρενο μπροστά και ξεχωριστό δοχείο λαδιού. Ελάχιστα πραγματικά χλμ. χωρίς παρεμβάσεις χωρίς μετατροπές και κάθε έλεγχος δεκτός . - Λόγω κυβισμού απαλλάσσεται από ΚΤΕΟ. - Σας ευχαριστώ που επικοινωνούμε από τις 08:00 έως τις 15:00 από την Δευτέρα έως την Παρασκευή . - Less - "}