{"query": {"url": "https://www.car.gr/6771625-honda-xlv-transalp-600-transalp-2000-modelo", "type": "CAR_ADDE", "trial_count": 1, "last_processed": 1553104967}, "title": "Honda XLV Transalp 600 TRANSALP 2000 MODELO '00", "ad_id": "6771625", "ad_data": {"Make/Model": "Honda XLV Transalp 600 TRANSALP 2000 MODELO '00", "Classified number": "6771625", "Price": "Askforprice", "Category": "Bike - On/Off", "Registration": "1 / 2000", "Mileage": "56,789 km", "Fuel type": "Gasoline", "Cubic capacity": "600 cc", "Power": "67 bhp", "Color": "Bordeaux (Metallic)", "Modified": "4 hours", "Times clicked": "2292", "Short link": "www.car.gr/6771625", "Telephone": "+30 2265079579"}, "ad_seller": {"Dealer": "ZOGRAFOS CARS", "Address": "ΣΑΛΩΝΩΝ33", "City": "ΑΜΦΙΣΣΑ", "": "+30 6953093175", "Fax": "+30 2265023042", "Dealer page": "https//zografos.car.gr/"}, "metadata": {"type": "Bikes", "brand": "Honda", "model": "XLV Transalp"}, "extras": ["Bars", "Car Exchange", "Electric starter", "Exchange with Boat", "Exchange with Moto accepted", "Exhaust Special", "Four-stroke engine", "Gelatin", "Heated Handguards", "Kick-Starter", "Service Book", "Top Box-Μπαγκαζιέρα"], "description": "MONO GIA ANTALAKTIKA\\IPARXOYN TA PANTA - Less - "}