{"query": {"url": "https://www.car.gr/3387632-kawasaki-kawasaki-kle-500-2000", "type": "CAR_ADDE", "trial_count": 1, "last_processed": 1553104867}, "title": "Kawasaki  KAWASAKI KLE 500 2000 '00", "ad_id": "3387632", "ad_data": {"Make/Model": "Kawasaki KAWASAKI KLE 500 2000 '00", "Classified number": "3387632", "Price": "€1.800", "Category": "Bike - On/Off", "Registration": "1 / 2000", "Mileage": "27,000 km", "Fuel type": "Gasoline", "Cubic capacity": "500 cc", "Power": "50 bhp", "Transmission": "Manual", "Color": "Blue", "Modified": "over 2 months", "Times clicked": "6928", "Short link": "www.car.gr/3387632", "Telephone": "+30 2104122075"}, "ad_seller": {"Dealer": "Tsivarakis Moto", "Address": "Γρ.Λαμπράκη10-12", "City": "ΠΕΙΡΑΙΑΣ", "": "+30 2104130039", "Fax": "+30 2104130039", "Dealer page": "https//tsivarakismoto.car.gr/", "Open hours": "Ωράριο Καταστήματος\nΔευτέρα – Παρασκευή 1000-2000\nΣάββατο 1000-1700"}, "metadata": {"type": "Bikes", "brand": "Kawasaki", "model": "Kawasaki  KAWASAKI KLE 500 2000 '00 - € 1.800 EUR"}, "extras": ["Car Exchange", "Exchange with Moto accepted"], "description": "Με διακανονισμό τιμή €2000 - 6 ΜΗΝΕΣ ΓΡΑΠΤΗ ΕΓΓΥΗΣΗ - Ωράριο Καταστήματος - Δευτέρα – Παρασκευή 10:00-20:00 - Σάββατο 10:00-17:00 - Ωράριο Συνεργείου - Δευτέρα – Παρασκευή 10:00-18:00 - Less - "}