{"query": {"url": "https://www.car.gr/237261-aie", "type": "CAR_ADDE", "trial_count": 4, "last_processed": 1553093237}, "title": "Aie  ΔΕΚΤΗ ΑΝΤΑΛΛΑΓΗ '18", "ad_id": "237261", "ad_data": {"Make/Model": "Aie ΔΕΚΤΗ ΑΝΤΑΛΛΑΓΗ '18", "Classified number": "237261", "Price": "€1.300", "Category": "Bike - Four Wheel-ATV", "Registration": "1 / 2018", "Fuel type": "Gasoline", "Cubic capacity": "50 cc", "Power": "10 bhp", "Transmission": "Automatic", "Color": "Red", "Modified": "1 hour", "Times clicked": "1455", "Short link": "www.car.gr/237261", "Telephone": "+30 2721033605"}, "ad_seller": {"Dealer": "AUTO-MOTO ΚΟΥΤΡΑΦΟΥΡΗΣ", "Address": "ΣΠΕΡΧΟΓΕΙΑ", "City": "ΚΑΛΑΜΑΤΑ", "": "+30 2721033605", "Fax": "+30 2721033296", "Dealer page": "https//koutrafouris.car.gr/"}, "metadata": {"type": "Bikes", "brand": "Aie", "model": "Aie  ΔΕΚΤΗ ΑΝΤΑΛΛΑΓΗ '18 - € 1.300 EUR"}, "extras": ["Automatic", "Car Exchange", "Electric starter", "Exchange with Moto accepted", "Exhibition", "Kick-Starter"], "description": ""}