{"query": {"url": "https://www.car.gr/5424162-yamaha-mt-125-new-super", "type": "CAR_ADDE", "trial_count": 1, "last_processed": 1553104918}, "title": "Yamaha  MT-125 NEW!!! SUPER ΠΡΟΣΦΟΡΑ '18", "ad_id": "5424162", "ad_data": {"Make/Model": "Yamaha MT-125 NEW!!! SUPER ΠΡΟΣΦΟΡΑ '18", "Classified number": "5424162", "Price": "Askforprice", "Category": "Bike - Naked", "Registration": "1 / 2018", "Fuel type": "Gasoline", "Cubic capacity": "125 cc", "Power": "15 bhp", "Color": "Grey", "Modified": "10 hours", "Times clicked": "24523", "Short link": "www.car.gr/5424162", "Telephone": "+30 2102130783"}, "ad_seller": {"Dealer": "YAMAHA- Δ.ΜΠΑΡΟΥΣ", "Address": "ΓΑΛΑΤΣΙΟΥ45", "City": "ΓΑΛΑΤΣΙ", "": "+30 6976860133", "Fax": "+30 2102130783", "Dealer page": "https//yamaha-barous.car.gr/", "Open hours": "ΔΕΥΤΕΡΑ ΕΩΣ ΠΑΡΑΣΚΕΥΗ 9-8 \n\nΣΑΒΒΑΤΟ 10-230"}, "metadata": {"type": "Bikes", "brand": "Yamaha", "model": "Yamaha  MT-125 NEW!!! SUPER ΠΡΟΣΦΟΡΑ '18 - Ask for price"}, "extras": ["Exchange with Moto accepted", "Four-stroke engine", "Service Book"], "description": "ΤΙΜΗ ΜΕ ABS: 4590 ΕΥΡΩ - Η νέα γενιά μοντέλων Yamaha MT έχει αλλάξει τα δεδομένα στον κόσμο των μοτοσυκλετών. Με το πρωτοποριακό στυλ και την άψογη συνολική της εικόνα, η οικογένεια MT ταυτίζεται με τη συγκίνηση της αυθεντικής μοτοσυκλετιστικής εμπειρίας, στη νέα της εκδοχή : τόσο απλή, τόσο μοναδικά ευφυής! Το νέο MT-125 έρχεται να κάνει και αυτό τη διαφορά! Η κατηγορία των 125 κ.εκ. αλλάζει ριζικά! - Χάρη στο απίστευτο \"γυμνό\" πλαίσιο, το νέο MT-125 είναι ασυναγώνιστο! Με επιθετικό στυλ streetfighter που μαγνητίζει τα βλέμματα όπου εμφανιστεί, κατακτά και τους πιο απαιτητικούς με τον ιδιαίτερο χαρακτήρα του. Επίσης, σε συνδυασμό με το πλαίσιο μεγάλων διαστάσεων, το τελευταίο MT προκαλεί θαυμασμό και επιβάλλει το σεβασμό σε κάθε του εμφάνιση στο δρόμο. - Είμαστε νέοι μόνον μια φορά! Τώρα το νέο ΜΤ-125 σας δίνει την ευκαιρία να ζήσετε τη νεότητά σας, ή και να την ξαναζήσετε από την αρχή! Τώρα! - ΤΟ ΚΑΤΑΣΤΗΜΑ ΜΑΣ YAMAHA ΜΠΑΡΟΥΣ ΣΑΣ ΠΑΡΕΧΕΙ: -ΤΗ ΜΕΓΑΛΥΤΕΡΗ ΠOΙΚΙΛΙΑ ΣΕ ΟΛΑ ΤΑ ΝΕΑ ΜΟΝΤΕΛΑ ΤΗΣ ΕΤΑΙΡΙΑΣ ΜΑΣ ΓΙΑ ΝΑ ΔΕΙΤΕ -ΑΞΙΟΠΙΣΤΑ ΜΕΤΑΧΕΙΡΙΣΜΕΝΑ ΜΟΝΤΕΛΑ -ΥΠΕΡΣΥΓΧΡΟΝΟ ΕΞΟΥΣΙΟΔΟΤΗΜΕΝΟ ΣΥΝΕΡΓΕΙΟ -ΓΝΗΣΙΑ ΑΞΕΣΟΥΑΡ ΚΑΙ ΑΝΤΑΛΛΑΚΤΙΚΑ ΓΙΑ ΤΗ ΜΟΤΟΣΥΚΛΕΤΑ ΣΑΣ ΚΑΙ ΓΙΑ ΤΟΝ ΑΝΑΒΑΤΗ -ΤΙΣ ΚΑΛΥΤΕΡΕΣ ΤΙΜΕΣ ΤΗΣ ΑΓΟΡΑΣ\t -ΤΑ ΜΕΓΑΛΥΤΕΡΑ ΠΑΚΕΤΑ ΔΩΡΩΝ*** ΣΕ ΓΝΗΣΙΑ ΥΑΜΑΗΑ ΑΡΙΣΤΗΣ ΠΟΙΟΤΗΤΑΣ!!! (ΚΑΙ ΟΧΙ ΦΘΗΝΑ ΚΙΝΕΖΙΚΑ) -ΤΑ ΤΕΛΗ ΚΥΚΛΟΦΟΡΙΑΣ ΤΟΥ 2016 -ΕΓΓΥΗΣΗ ΕΡΓΑΣΙΩΝ SERVICE -ΑΜΕΣΗ ΠΑΡΑΔΟΣΗ ΣΕ 1 ΗΜΕΡΑ -ΤΟΥΣ ΠΙΟ ΕΥΕΛΙΚΤΟΥΣ ΤΡΟΠΟΥΣ ΧΡΗΜΑΤΟΔΟΤΗΣΗΣ -ΧΡΗΜΑΤΟΔΟΤΗΣΗ ΜΕ ΤΟ ΧΑΜΗΛΟΤΕΡΟ ΕΠΙΤΟΚΙΟ ΑΠΟ 0% ΠΡΟΚΑΤΑΒΟΛΗ ΚΑΙ ΕΞΟΦΛΗΣΗ ΕΩΣ 72 ΜΗΝΕΣ - \t-ΔΕΧΟΜΑΣΤΕ ΚΑΡΤΑ ΚΑΙ ΜΕ ΑΤΟΚΕΣ ΔΟΣΕΙΣ\t -ΔΥΝΑΤΟΤΗΤΑ ΑΠΟΣΤΟΛΗΣ ΣΕ ΟΛΗ ΤΗΝ ΕΛΛΑΔΑ ΧΩΡΙΣ ΧΡΕΩΣΗ -ΔΥΝΑΤΟΤΗΤΑ ΑΣΦΑΛΙΣΗΣ ΚΑΙ ΜΕ ΚΛΟΠΗ - ΑΚΟΜΗ… -ΑΓΟΡΑΖΟΥΜΕ Η ΑΝΤΑΛΛΑΣΣΟΥΜΕ ΤΗΝ ΜΟΤΟΣΥΚΛΕΤΑ ΣΑΣ!!! -ΑΝΑΛΑΜΒΑΝΟΥΜΕ ΤΗΝ ΠΩΛΗΣΗ ΤΗΣ ΜΟΤΟΣΥΚΛΕΤΑΣ ΣΑΣ ΣΤΗΝ ΤΙΜΗ ΠΟΥ ΕΣΕΙΣ ΘΕΛΕΤΕ!!! - ΤΟ ΚΑΤΑΣΤΗΜΑ ΜΑΣ ΜΕ ΤΗΝ ΠΟΛΥΕΤΗ ΟΔΗΓΙΚΗ ΚΑΙ ΑΓΩΝΙΣΤΙΚΗ ΕΜΠΕΙΡΙΑ ΤΟΥ ΚΑΤΑΞΙΩΜΕΝΟΥ ΠΟΛΥΠΡΩΤΑΘΛΗΤΗ ΟΔΗΓΟΥ ΔΗΜΗΤΡΗ ΜΠΑΡΟΥΣ ΘΑ ΧΑΡΕΙ ΝΑ ΣΑΣ ΒΟΗΘΗΣΕΙ ΣΤΗΝ ΕΠΙΛΟΓΗ ΤΗΣ ΝΕΑΣ ΣΑΣ ΜΟΤΟΣΥΚΛΕΤΑΣ ΝΑ ΣΑΣ ΣΥΜΒΟΥΛΕΥΣΕΙ ΚΑΙ ΝΑ ΛΥΣΕΙ ΟΠΟΙΑΔΗΠΟΤΕ ΑΠΟΡΙΑ ΕΧΕΤΕ!!! - ***ΓΙΑ ΠΕΡΙΣΣΟΤΕΡΕΣ ΠΛΗΡΟΦΟΡΙΕΣ ΕΠΙΣΚΕΥΘΕΙΤΕ ΤΗΝ ΙΣΤΟΣΕΛΙΔΑ ΜΑΣ www.yamaha-barous.gr . - ΚΑΝΤΕ LIKE ΚΑΙ ΣΤΟ www.facebook.com/yamahabarous ΓΙΑ ΝΑ ΚΕΡΔΙΣΕΤΕ ΕΚΠΤΩΣΗ ΑΠΟ ΤΟ ΚΑΤΑΣΤΗΜΑ ΜΑΣ ΑΛΛΑ ΚΑΙ ΓΙΑ ΝΕΟΤΕΡΗ ΠΛΗΡΟΦΟΡΗΣΗ ΣΧΕΤΙΚΑ ΜΕ ΤΑ ΝΕΑ ΜΟΝΤΕΛΑ ΥΑΜΑΗΑ!!! - Less - "}