{"query": {"url": "https://www.car.gr/501543-dayang-dayang-50-kainoyrio-stok", "type": "CAR_ADDE", "trial_count": 1, "last_processed": 1553104632}, "title": "Dayang  dayang 50   KAINOYRIO STOK '95", "ad_id": "501543", "ad_data": {"Make/Model": "Dayang dayang 50   KAINOYRIO STOK '95", "Classified number": "501543", "Price": "€750", "Category": "Bike - Moped", "Registration": "1 / 1995", "Fuel type": "Gasoline", "Cubic capacity": "50 cc", "Power": "3 bhp", "Transmission": "Automatic", "Color": "Blue", "Modified": "56 days", "Times clicked": "9197", "Short link": "www.car.gr/501543", "Telephone": "+30 6945279646"}, "ad_seller": {"Dealer": "ΜΟΤΟΣΥΛΛΟΓΗ", "Address": "59100", "City": "ΒΕΡΟΙΑ", "": "+30 6945279646", "Fax": "+30 2331022881", "Dealer page": "https//motosillogi.car.gr/", "Website": "https//www.facebook.com/motosyllogi76"}, "metadata": {"type": "Bikes", "brand": "Dayang", "model": "Dayang  dayang 50   KAINOYRIO STOK '95 - € 750 EUR"}, "extras": ["Antique-Classic", "Automatic", "Exhaust Special", "Exhibition", "Gelatin", "Kick-Starter", "Price without VAT", "Service Book", "Two-stroke"], "description": "Το μηχνανακι ειναι καινουριο. ΓΙΑ ΑΝΤΑΛΑΚΤΗΚΑ ΚΟΜΑΤΗ ΚΟΜΑΤΗ ΔΕΝ ΒΓΑΖΕΙ ΠΙΝΑΚΙΔΕΣ ΣΤΗΝ ΕΛΛΑΔΑ ΜΟΝΟ ΕΞΩΤΕΡΗΚΟ - Less - "}