{"query": {"url": "https://www.car.gr/21332912-honda-varadero-125-varadero-125", "type": "CAR_ADDE", "trial_count": 1, "last_processed": 1553105191}, "title": "Honda Varadero 125 Varadero 125  '03", "ad_id": "21332912", "ad_data": {"Make/Model": "Honda Varadero 125 Varadero 125  '03", "Classified number": "21332912", "Price": "€1", "Category": "Bike - On/Off", "Registration": "1 / 2003", "Mileage": "40,000 km", "Fuel type": "Gasoline", "Cubic capacity": "125 cc", "Power": "15 bhp", "Color": "Black (Metallic)", "Kteo to": "01 / 2019", "Liters/100km": "4 (Εντός)/5 (Εκτός)/5 (Μικτό)", "Previous owners": "1", "Modified": "12 days", "Times clicked": "110", "Short link": "www.car.gr/21332912", "Telephone": "None"}, "ad_seller": {}, "metadata": {"type": "Bikes", "brand": "Honda", "model": "Varadero 125"}, "extras": ["Cargo Rack", "Cast wheels", "Electric starter", "Four-stroke engine", "Gelatin", "Service Book", "Skid Plate", "Top Box-Μπαγκαζιέρα", "Καρμπυρατέρ"], "description": "Άριστο πολλά εχτρα οικονομικο πραγματικά πολύ λίγο δουλεμένο φανταστικό για ταξιδια τιμή τα βρίσκουμε από κοντά η από το τηλ η μηχανή βρίσκεται στον τυρναβο Λαρίσης γενικα είναι πολύ αξιοπιστό περισσότερα από το τηλ ΔΕΚΤΟΣ ΕΛΕΝΧΟΣ οπου - Less - "}