{"query": {"url": "https://www.car.gr/8712141-cagiva", "type": "CAR_ADDE", "trial_count": 1, "last_processed": 1553094018}, "title": "Cagiva   '05", "ad_id": "8712141", "ad_data": {"Make/Model": "Cagiva '05", "Classified number": "8712141", "Price": "€3.000", "Category": "Bike - Super Sport", "Registration": "1 / 2005", "Mileage": "23,000 km", "Fuel type": "Gasoline", "Cubic capacity": "1,000 cc", "Power": "3 bhp", "Color": "Red", "Modified": "18 hours", "Times clicked": "6405", "Short link": "www.car.gr/8712141", "Telephone": "+30 2106666622"}, "ad_seller": {"Dealer": "MOTOPARTS 22", "Address": "ΑγίουΑθανασίου13", "City": "ΠΑΛΛΗΝΗ", "": "+30 2105225601", "Fax": "+30 2106001817", "Dealer page": "https//motoparts22.car.gr/", "Website": "http//www.motoparts22.com", "Open hours": "Δευτέρα-Παρασκευή 0830-1700\nΣ/Κ κλειστά"}, "metadata": {"type": "Bikes", "brand": "Cagiva", "model": "Cagiva   '05 - € 3.000 EUR"}, "extras": [], "description": ""}