{"query": {"url": "https://www.car.gr/6767992-piaggio-px", "type": "CAR_ADDE", "trial_count": 1, "last_processed": 1553097913}, "title": "Piaggio PX  '81", "ad_id": "6767992", "ad_data": {"Make/Model": "Piaggio PX '81", "Classified number": "6767992", "Price": "€2.000", "Category": "Bike - Other", "Registration": "9 / 1981", "Mileage": "42,000 km", "Fuel type": "Gasoline", "Cubic capacity": "200 cc", "Power": "15 bhp", "Color": "Dark Red", "Modified": "9 days", "Times clicked": "2067", "Short link": "www.car.gr/6767992", "Telephone": "+30 2821099405"}, "ad_seller": {"Dealer": "CHANIA MOTORCYCLES", "Address": "ΝΙΚΟΛΑΟΥΠΛΑΣΤΗΡΑ4", "City": "ΧΑΝΙΑ", "": "+30 6980127373", "Fax": "+30 6996312247", "Dealer page": "https//stavroulakis-cars.car.gr/"}, "metadata": {"type": "Bikes", "brand": "Piaggio", "model": "PX"}, "extras": ["Antique-Classic", "Car Exchange", "Exchange with Boat", "Exchange with Moto accepted", "Kick-Starter", "Two-stroke"], "description": "δουλευει αριστα εχει αδεια κυκλοφοριασ - Less - "}