{"query": {"url": "https://www.car.gr/8795519-kymco-agility-125", "type": "CAR_ADDE", "trial_count": 1, "last_processed": 1553094689}, "title": "Kymco Agility 125  '16", "ad_id": "8795519", "ad_data": {"Make/Model": "Kymco Agility 125 '16", "Classified number": "8795519", "Price": "€1.500", "Category": "Bike - Roller/Scooter", "Registration": "5 / 2016", "Mileage": "6,800 km", "Fuel type": "Gasoline", "Cubic capacity": "125 cc", "Power": "10 bhp", "Color": "Red (Metallic)", "Modified": "1 day", "Times clicked": "10", "Short link": "www.car.gr/8795519", "Telephone": "+30 2271044027"}, "ad_seller": {"Dealer": "CHIOS ECONOMY CARS", "Address": "ΛΕΥΚΩΝΙΑΚΟΝΤΑΡΙ", "City": "ΧΙΟΣ", "": "+30 6944442393", "Fax": "+30 2271027079", "Dealer page": "https//chioseconomy.car.gr/"}, "metadata": {"type": "Bikes", "brand": "Kymco", "model": "Agility 125"}, "extras": ["Automatic", "Electric starter", "Four-stroke engine", "Kick-Starter"], "description": "ΤΟ ΜΗΧΑΝΑΚΙ ΕΙΝΑΙ ΣΕ ΑΡΙΣΤΗ ΚΑΤΑΣΤΑΣΗ.ΜΠΟΡΕΙ ΝΑ ΕΛΕΓΘΕΙ ΚΑΙ ΝΑ ΠΑΡΑΔΟΘΕΙ ΚΑΙ ΣΤΟΝ ΠΕΙΡΑΙΑ. - Less - "}