{"query": {"url": "https://www.car.gr/21507097-kawasaki-klx-450-r-klx450r", "type": "CAR_ADDE", "trial_count": 1, "last_processed": 1553093763}, "title": "Kawasaki KLX 450 R KLX450R '09", "ad_id": "21507097", "ad_data": {"Make/Model": "Kawasaki KLX 450 R KLX450R '09", "Classified number": "21507097", "Price": "€3.999", "Category": "Bike - Εnduro", "Registration": "1 / 2009", "Mileage": "4,400 km", "Fuel type": "Gasoline", "Cubic capacity": "449 cc", "Power": "50 bhp", "Color": "Green", "Kteo to": "01 / 2020", "Previous owners": "1", "Modified": "8 hours", "Times clicked": "51", "Short link": "www.car.gr/21507097", "Telephone": "None"}, "ad_seller": {"Name": "ΣπύροςΔιαγραμμα", "Address": "ΑΘΗΝΑP.ΑΤΤΙΚΗΣ"}, "metadata": {"type": "Bikes", "brand": "Kawasaki", "model": "KLX 450 R"}, "extras": [], "description": "πωλείται KLX 450 R μοντέλο 08 με πρώτη άδεια το 2012 κ 4400 χλμ με 170 περίπου ώρες λειτουργίας - Ανταλλαγή μόνο με KTM 690 enduro - Φώτα μίζα- μανιβέλα πινακίδα άδεια κ κτέο απόλυτα νόμιμο κ σε καταπληκτική κατάσταση! - έξτρα έχει εξάτμιση από το καθαρό, κιτ καρμπυρατέρ, LED φανάρι ( η νύχτα μέρα πραγματικά), μεγάλο τεπόζιτο 14 λίτρων, σεταρισμένες για 85 κιλά αναβάτη αναρτήσεις στον Παπανικολάκη, ηλεκτροστατική στα μαμά στεφάνια, μεγάλη δισκόπλακα εμπρός, χρυσή αλυσίδα Oring κ dunlop μεσσαία με μία βόλτα επάνω - Επίσης θα δωθεί το μαμά κοστούμι κ άλλα πλαστικά που έχω, το μαμά κάλυμμα σέλας κ owners- service manulas. - επειδή με ρωτάνε πολλοί, προφανώς για την φάση τα έβαλα τα αυτοκόλλητα δεν τρέχω σε αγώνες !! - Για ότι άλλο θέλετε μιλάμε τηλεφωνικά - Less - "}