{"query": {"url": "https://www.car.gr/5453891-kymco-visa-r-50-12", "type": "CAR_ADDE", "trial_count": 1, "last_processed": 1553096497}, "title": "Kymco  VISA R 50  12 ΑΤΟΚΕΣ ΔΟΣΕΙΣ '17", "ad_id": "5453891", "ad_data": {"Make/Model": "Kymco VISA R 50  12 ΑΤΟΚΕΣ ΔΟΣΕΙΣ '17", "Classified number": "5453891", "Price": "€1.295", "Category": "Bike - Underbone", "Registration": "1 / 2017", "Fuel type": "Gasoline", "Cubic capacity": "50 cc", "Power": "4 bhp", "Color": "White", "Modified": "5 days", "Times clicked": "701", "Short link": "www.car.gr/5453891", "Telephone": "+30 2621027508"}, "ad_seller": {"Dealer": "ΜΟΤΟ ΝΕΟΦΩΤΙΣΤΟΣ", "Address": "ΘΕΜΙΣΤΟΚΛΕΟΥΣ11", "City": "ΠΥΡΓΟΣ", "": "+30 6939018523", "Fax": "+30 2621027508", "Dealer page": "https//moto-neofotistos.car.gr/"}, "metadata": {"type": "Bikes", "brand": "Kymco", "model": "Kymco  VISA R 50  12 ΑΤΟΚΕΣ ΔΟΣΕΙΣ '17 - € 1.295 EUR"}, "extras": ["Exchange with Moto accepted"], "description": "ΕΚΠΛΗΚΤΙΚΗ ΕΥΕΛΙΞΙΑ ΣΤΙΣ ΚΑΘΗΜΕΡΙΝΕΣ ΑΝΑΓΚΕΣ ΜΕΤΑΚΙΝΗΣΗΣ ΣΥΝΔΙΑΣΜΕΝΑ ΜΕ ΤΗΝ ΑΠΟΛΥΤΗ ΟΙΚΟΝΟΜΙΑ ΣΕ ΚΑΥΣΙΜΟ ΚΑΙ ΕΞΟΔΑ ΣΥΝΤΗΡΗΣΗΣ.ΤΟ VISA-R ΔΕΝ ΘΑ ΣΑΣ ΑΡΝΗΘΕΙ ΚΑΜΙΑ ΔΙΑΔΡΟΜΗ ΣΤΗΝ ΠΟΛΗ ΑΛΛΑ ΚΑΙ ΑΡΚΕΤΑ ΠΙΟ ΠΕΡΑ...ΑΠΟ Ο ΠΡΟΚΑΤΑΒΟΛΗ ΚΑΙ 2 ΧΡΟΝΙΑ ΕΓΓΥΗΣΗ ΜΕ ΑΠΕΡΙΟΡΙΣΤΑ ΧΛΜ ΕΙΝΑΙ ΣΙΓΟΥΡΑ ΜΟΝΑΔΙΚΗ ΚΑΙ ΑΞΙΟΠΙΣΤΗ ΠΡΟΤΑΣΗ ΑΓΟΡΑΣ ΕΠΩΝΥΜΟΥ ΠΑΠΙΟΥ.ΔΙΑΤΙΘΕΤΑΙ ΚΑΙ ΣΕ ΕΚΔΟΣΗ DELIVERY - Less - "}