{"query": {"url": "https://www.car.gr/4040875-tcb-new-spark-50-125", "type": "CAR_ADDE", "trial_count": 1, "last_processed": 1553104800}, "title": "TCB  NEW SPARK 50 & 125 '13", "ad_id": "4040875", "ad_data": {"Make/Model": "TCB NEW SPARK 50 & 125 '13", "Classified number": "4040875", "Price": "€1.180", "Category": "Bike - Roller/Scooter", "Registration": "1 / 2013", "Fuel type": "Gasoline", "Cubic capacity": "50 cc", "Power": "6 bhp", "Color": "Blue", "Modified": "over 2 months", "Times clicked": "2414", "Short link": "www.car.gr/4040875", "Telephone": "+30 2109712304"}, "ad_seller": {"Dealer": "Συνεργείο μοτο, ηλεκτρικά, ανταλακτικά-αξεσουάρ-πωλήσεις ΜΟΤΟ καινούριων και μεταχειρισμένων-ΣΤΕΛΙΟΣ", "Address": "ΛΕΩΦ.ΔΗΜΟΚΡΑΤΙΑΣ43ΗΛΙΟΥΠΟΛΗ", "City": "ΗΛΙΟΥΠΟΛΗ", "": "+30 2109712304", "Fax": "+30 2109712304", "Dealer page": "https//stelioss.car.gr/"}, "metadata": {"type": "Bikes", "brand": "TCB", "model": "TCB  NEW SPARK 50 & 125 '13 - € 1.180 EUR"}, "extras": [], "description": "Διατίθεται και σε 125 κυβικά, στην ίδια τιμή. - Less - "}