{"query": {"url": "https://www.car.gr/21334693-yamaha-mt-03", "type": "CAR_ADDE", "trial_count": 1, "last_processed": 1553094854}, "title": "Yamaha MT-03  '06", "ad_id": "21334693", "ad_data": {"Make/Model": "Yamaha MT-03 '06", "Classified number": "21334693", "Price": "€2.800", "Category": "Bike - Naked", "Registration": "1 / 2006", "Mileage": "21,000 km", "Fuel type": "Gasoline", "Cubic capacity": "660 cc", "Power": "57 bhp", "Color": "Black", "Kteo to": "01 / 2020", "Liters/100km": "1 (Εντός)/4 (Εκτός)/4.5 (Μικτό)", "Previous owners": "1", "Modified": "1 day", "Times clicked": "515", "Short link": "www.car.gr/21334693", "Telephone": "None"}, "ad_seller": {}, "metadata": {"type": "Bikes", "brand": "Yamaha", "model": "MT-03"}, "extras": ["Electric starter", "Exchange with Moto accepted", "Four-stroke engine", "Greek Dealership", "Sidestand"], "description": "Πωλείται λόγο αλλαγής κατηγοριας.Η μηχανή είναι σαν καινούρια με service στη Yamaha δεν χρειάζεται τίποτα.φανάρι πίσω barracuda υπάρχει και το μανισιο,Τιμόνι acerbis υπάρχει και το μανισιο.πληρωμενα τέλη του 2019,ΚΤΕΟ έως 2020.Δεκτη ανταλλαγή με fz6 n,hornet Δεκτοι κ οι έμποροι. - Less - "}