{"query": {"url": "https://www.car.gr/21334677-yamaha-ybr-250-1", "type": "CAR_ADDE", "trial_count": 1, "last_processed": 1553098897}, "title": "Yamaha YBR 250 1 χρονο εγγυηση!!! '10", "ad_id": "21334677", "ad_data": {"Make/Model": "Yamaha YBR 250 1 χρονο εγγυηση!!! '10", "Classified number": "21334677", "Price": "€2.095", "Category": "Bike - Naked", "Registration": "11 / 2010", "Mileage": "18,600 km", "Fuel type": "Gasoline", "Cubic capacity": "250 cc", "Power": "25 bhp", "Color": "Black (Metallic)", "Previous owners": "1", "Modified": "12 days", "Times clicked": "270", "Short link": "www.car.gr/21334677", "Telephone": "+30 2310886200"}, "ad_seller": {"Dealer": "RIDERSMARKET", "Address": "ΠΑΠΑΝΑΣΤΑΣΙΟΥ31", "City": "ΘΕΣΣΑΛΟΝΙΚΗ", "": "+30 2310900013", "Fax": "+30 2310858002", "Dealer page": "https//nikitakis.car.gr/", "Website": "http//WWW.RIDERSMARKET.GR", "Open hours": "ΔΕΥΤΕΡΑ - ΠΑΡΑΣΚΕΥΗ  900-1730"}, "metadata": {"type": "Bikes", "brand": "Yamaha", "model": "YBR 250"}, "extras": ["Cargo Rack", "Cast wheels", "Credit card-Visa accepted", "Electric starter", "Exchange with Moto accepted", "Four-stroke engine", "Injection", "Sidestand", "Top Box-Μπαγκαζιέρα"], "description": "ΑΝΤΙΠΡΟΣΩΠΕΙΑ HONDA ΝΙΚΗΤΑΚΗΣ ΑΝΑΤΟΛΙΚΗΣ ΘΕΣΣΑΛΟΝΙΚΗΣ - ΜΕ ΠΟΛΥΕΤΉ ΕΜΠΕΙΡΊΑ ΣΤΟ ΧΩΡΟ ΤΗΣ ΜΟΤΟΣΙΚΛΈΤΑΣ 35 ΧΡΌΝΩΝ - ΜΕ ΟΡΓΆΝΩΣΗ ΚΑΙ ΣΥΝΈΠΕΙΑ - ΣΑΣ ΠΡΟΣΦΕΡΟΥΜΕ ΆΡΙΣΤΗ ΠΟΙΌΤΗΤΑ ΥΠΗΡΕΣΙΏΝ - ΣΤΗ ΠΩΛΗΣΗ ΜΟΤΟ - ΑΞΕΣΟΥΑΡ - SERVICE - ΑΝΤΑΛΛΑΚΤΙΚΑ - ΕΛΑΣΤΙΚΑ - ΚΑΙ ΣΕ ΟΤΙ ΑΛΛΟ ΧΡΕΙΑΣΤΕΊΤΕ - Σε αριστη κατασταση,βαλιτσα,σερβις,λαστιχα,1 χρονο εγγυηση γραπτη,δεκτες και ανταλλαγες. - Less - "}