{"query": {"url": "https://www.car.gr/21334616-suzuki-gsx-r-1000-8", "type": "CAR_ADDE", "trial_count": 1, "last_processed": 1553098902}, "title": "Suzuki GSX-R 1000 Κ8 '08", "ad_id": "21334616", "ad_data": {"Make/Model": "Suzuki GSX-R 1000 Κ8 '08", "Classified number": "21334616", "Price": "€5.500", "Category": "Bike - Super Sport", "Registration": "1 / 2008", "Mileage": "35,000 km", "Fuel type": "Gasoline", "Cubic capacity": "1,000 cc", "Power": "192 bhp", "Color": "Black", "Kteo to": "03 / 2021", "Modified": "12 days", "Times clicked": "680", "Short link": "www.car.gr/21334616", "Telephone": "None"}, "ad_seller": {}, "metadata": {"type": "Bikes", "brand": "Suzuki", "model": "GSX-R 1000"}, "extras": ["Exchange with Moto accepted"], "description": " Gsxr 1000 k8.. Αριστο. Δεκτος οποιοσδηποτε ελεγχος. Περισότερες πληροφορίες στο τηλ. - Less - "}