{"query": {"url": "https://www.car.gr/21334644-kymco-kxr-250", "type": "CAR_ADDE", "trial_count": 1, "last_processed": 1553098899}, "title": "Kymco KXR 250  '07", "ad_id": "21334644", "ad_data": {"Make/Model": "Kymco KXR 250 '07", "Classified number": "21334644", "Price": "€1.100", "Category": "Bike - Four Wheel-ATV", "Registration": "1 / 2007", "Mileage": "20,800 km", "Fuel type": "Gasoline", "Cubic capacity": "250 cc", "Power": "35 bhp", "Color": "Green", "Modified": "12 days", "Times clicked": "298", "Short link": "www.car.gr/21334644", "Telephone": "None"}, "ad_seller": {}, "metadata": {"type": "Bikes", "brand": "Kymco", "model": "KXR 250"}, "extras": [], "description": "Θελει λαστιχα μπαταρια και κτεο - Less - "}