{"query": {"url": "https://www.car.gr/21334696-suzuki-fx-125-125", "type": "CAR_ADDE", "trial_count": 1, "last_processed": 1553098894}, "title": "Suzuki FX 125 125 '01", "ad_id": "21334696", "ad_data": {"Make/Model": "Suzuki FX 125 125 '01", "Classified number": "21334696", "Price": "€1.300", "Category": "Bike - Underbone", "Registration": "1 / 2001", "Mileage": "11,111 km", "Fuel type": "Gasoline", "Cubic capacity": "125 cc", "Power": "15 bhp", "Color": "Green (Metallic)", "Kteo to": "05 / 2019", "Previous owners": "1", "Modified": "12 days", "Times clicked": "443", "Short link": "www.car.gr/21334696", "Telephone": "None"}, "ad_seller": {}, "metadata": {"type": "Bikes", "brand": "Suzuki", "model": "FX 125"}, "extras": [], "description": "Εργοστάσιο τελιος αλλαγμένο κουστουμι γνήσιο άριστο δεκτός κάθε έλεγχος σε όλα - Less - "}