{"query": {"url": "https://www.car.gr/21334625-kymco-straight-150", "type": "CAR_ADDE", "trial_count": 1, "last_processed": 1553098901}, "title": "Kymco Straight 150  '08", "ad_id": "21334625", "ad_data": {"Make/Model": "Kymco Straight 150 '08", "Classified number": "21334625", "Price": "€700", "Category": "Bike - Underbone", "Registration": "1 / 2008", "Mileage": "61,000 km", "Fuel type": "Gasoline", "Cubic capacity": "150 cc", "Power": "10 bhp", "Color": "Black", "Modified": "12 days", "Times clicked": "182", "Short link": "www.car.gr/21334625", "Telephone": "None"}, "ad_seller": {}, "metadata": {"type": "Bikes", "brand": "Kymco", "model": "Straight 150"}, "extras": [], "description": "150 cc 5 ταχύτητες μαζί με την μπαγκαζιέρα - Less - "}