{"query": {"url": "https://www.car.gr/6771473-honda-boldor-750", "type": "CAR_ADDE", "trial_count": 1, "last_processed": 1553093634}, "title": "Honda  BOLDOR 750  '82", "ad_id": "6771473", "ad_data": {"Make/Model": "Honda BOLDOR 750  '82", "Classified number": "6771473", "Price": "€3.000", "Category": "Bike - On/Off", "Registration": "1 / 1982", "Fuel type": "Gasoline", "Cubic capacity": "750 cc", "Power": "90 bhp", "Color": "Yellow", "Modified": "7 hours", "Times clicked": "18956", "Short link": "www.car.gr/6771473", "Telephone": "+30 2104122075"}, "ad_seller": {"Dealer": "Tsivarakis Moto", "Address": "Γρ.Λαμπράκη10-12", "City": "ΠΕΙΡΑΙΑΣ", "": "+30 2104130039", "Fax": "+30 2104130039", "Dealer page": "https//tsivarakismoto.car.gr/", "Open hours": "Ωράριο Καταστήματος\nΔευτέρα – Παρασκευή 1000-2000\nΣάββατο 1000-1700"}, "metadata": {"type": "Bikes", "brand": "Honda", "model": "Honda  BOLDOR 750  '82 - € 3.000 EUR"}, "extras": ["Exchange with Moto accepted"], "description": "TIMH ΑΝΝΤΑΛΑΓΗΣ 3800 - Less - "}