{"query": {"url": "https://www.car.gr/7101681-suzuki-hayabusa-gsx1300r", "type": "CAR_ADDE", "trial_count": 1, "last_processed": 1553101975}, "title": "Suzuki  HAYABUSA GSX1300R '05", "ad_id": "7101681", "ad_data": {"Make/Model": "Suzuki HAYABUSA GSX1300R '05", "Classified number": "7101681", "Price": "€5.500", "Category": "Bike - On/Off", "Registration": "1 / 2005", "Mileage": "38,500 km", "Fuel type": "Gasoline", "Cubic capacity": "1,300 cc", "Power": "180 bhp", "Color": "Silver", "Modified": "27 days", "Times clicked": "5926", "Short link": "www.car.gr/7101681", "Telephone": "+30 2104122075"}, "ad_seller": {"Dealer": "Tsivarakis Moto", "Address": "Γρ.Λαμπράκη10-12", "City": "ΠΕΙΡΑΙΑΣ", "": "+30 2104130039", "Fax": "+30 2104130039", "Dealer page": "https//tsivarakismoto.car.gr/", "Open hours": "Ωράριο Καταστήματος\nΔευτέρα – Παρασκευή 1000-2000\nΣάββατο 1000-1700"}, "metadata": {"type": "Bikes", "brand": "Suzuki", "model": "Suzuki  HAYABUSA GSX1300R '05 - € 5.500 EUR"}, "extras": ["Exchange with Moto accepted"], "description": "ΜΕ ΔΙΑΚΑΝΟΝΙΣΜΟ 6000 ΕΥΡΩ - 6 MΗNEΣ ΓΡΑΠΤΗ ΕΓΓΥΗΣΗ - ΩΡΕΣ ΛΕΙΤΟΥΡΓΙΑΣ ΚΑΤΑΣΤΗΜΑΤΟΣ - ΔΕΥΤΕΡΑ-ΠΑΡΑΣΚΕΥΗ 10:00-20:00 - ΣΑΒΒΑΤΟ 10:00-17:00 - ΣΥΝΕΡΓΕΙΟ:ΔΕΥΤΕΡΑ-ΠΑΡΑΣΚΕΥΗ - 10:00-18:00 - Less - "}