{"query": {"url": "https://www.car.gr/5020417-daelim", "type": "CAR_ADDE", "trial_count": 1, "last_processed": 1553094739}, "title": "Daelim  ΒΟΝΙΤΑ '14", "ad_id": "5020417", "ad_data": {"Make/Model": "Daelim ΒΟΝΙΤΑ '14", "Classified number": "5020417", "Price": "€1.390", "Category": "Bike - Roller/Scooter", "Registration": "4 / 2014", "Fuel type": "Gasoline", "Cubic capacity": "50 cc", "Power": "3 bhp", "Color": "White", "Modified": "1 day", "Times clicked": "21", "Short link": "www.car.gr/5020417", "Telephone": "+30 2102388281"}, "ad_seller": {"Dealer": "ΝΙΚΑΣ ΣΠΥΡΙΔΩΝ", "Address": "ΛΕΩΦ.ΔΗΜΟΚΡΑΤΙΑΣ290", "City": "ΑΧΑΡΝΕΣ", "": "+30 2102381638", "Fax": "+30 2102388282", "Dealer page": "https//chevrolet-nikas.car.gr/"}, "metadata": {"type": "Bikes", "brand": "Daelim", "model": "Daelim  ΒΟΝΙΤΑ '14 - € 1.390 EUR"}, "extras": ["Automatic", "Car Exchange", "Electric starter", "Exchange with Moto accepted", "Two-stroke"], "description": "ΚΑΙΝΟΥΡΙΟ 0 ΧΙΛΙΟΜΕΤΡΑ - Less - "}