{"query": {"url": "https://www.car.gr/8711773-kymco-people-125-people-125s", "type": "CAR_ADDE", "trial_count": 1, "last_processed": 1553098699}, "title": "Kymco People 125 people 125s '08", "ad_id": "8711773", "ad_data": {"Make/Model": "Kymco People 125 people 125s '08", "Classified number": "8711773", "Price": "€1.200", "Category": "Bike - Roller/Scooter", "Registration": "5 / 2008", "Mileage": "21,000 km", "Fuel type": "Gasoline", "Cubic capacity": "125 cc", "Power": "12 bhp", "Color": "Silver (Metallic)", "Modified": "11 days", "Times clicked": "1661", "Short link": "www.car.gr/8711773", "Telephone": "+30 2510247524"}, "ad_seller": {"Dealer": "TOMMYS BIKES", "Address": "7ΗΣΜΕΡΑΡΧΙΑΣ106", "City": "ΚΑΒΑΛΑ", "": "+30 2510247524", "Fax": "+30 2510247524", "Dealer page": "https//tommysbikes.car.gr/", "Website": "http//tommysbikes.gr"}, "metadata": {"type": "Bikes", "brand": "Kymco", "model": "People 125"}, "extras": [], "description": "ΜΕΤΑΧΕΙΡΙΣΜΕΝΟ.TOP CASE. - Less - "}