{"query": {"url": "https://www.car.gr/8753980-yamaha-xvs-1300a-midnight-star-950", "type": "CAR_ADDE", "trial_count": 1, "last_processed": 1553102570}, "title": "Yamaha XVS 1300A Midnight Star 950 '09", "ad_id": "8753980", "ad_data": {"Make/Model": "Yamaha XVS 1300A Midnight Star 950 '09", "Classified number": "8753980", "Price": "€6.500", "Category": "Bike - Custom", "Registration": "6 / 2009", "Mileage": "8,000 km", "Fuel type": "Gasoline", "Cubic capacity": "950 cc", "Power": "85 bhp", "Color": "Black (Metallic)", "Modified": "32 days", "Times clicked": "7900", "Short link": "www.car.gr/8753980", "Telephone": "+30 2463027800"}, "ad_seller": {"Dealer": "RACINGMOTORS   ACCESSORIES", "Address": "EΛΕΥΘΕΡΙΑΣ5", "City": "ΠΤΟΛΕΜΑΙΔΑ", "": "+30 2463027800", "Fax": "+30 2463027800", "Dealer page": "https//racingmotors.car.gr/"}, "metadata": {"type": "Bikes", "brand": "Yamaha", "model": "XVS 1300A Midnight Star"}, "extras": [], "description": ""}