{"query": {"url": "https://www.car.gr/8707359-harley-davidson-softail", "type": "CAR_ADDE", "trial_count": 1, "last_processed": 1553094873}, "title": "Harley Davidson Softail  '07", "ad_id": "8707359", "ad_data": {"Make/Model": "Harley Davidson Softail '07", "Classified number": "8707359", "Price": "€19.900", "Category": "Bike - Custom", "Registration": "1 / 2007", "Mileage": "440 km", "Fuel type": "Gasoline", "Cubic capacity": "1,450 cc", "Power": "80 bhp", "Color": "White (Metallic)", "Modified": "2 days", "Times clicked": "6695", "Short link": "www.car.gr/8707359", "Telephone": "+30 2551026000"}, "ad_seller": {"Dealer": "ΣΙΔΕΚΑΤ ΑΕ", "Address": "ΚΑΡΑΟΛΗ44", "City": "ΑΛΕΞΑΝΔΡΟΥΠΟΛΗ", "": "+30 2551026000", "Fax": "+30 2551029133", "Dealer page": "https//sidekat-sa.car.gr/"}, "metadata": {"type": "Bikes", "brand": "Harley Davidson", "model": "Softail"}, "extras": [], "description": "Η μηχανή είναι καινούρια φυλάσσεται σε γκαράζ και είναι σε άριστη κατάσταση, διαθέτει battery tender της HARLEY - DAVIDSON . Είναι ελληνικής αντιπροσωπείας. - Less - "}