{"query": {"url": "https://www.car.gr/2347053-honda-xl-1000v-varadero", "type": "CAR_ADDE", "trial_count": 1, "last_processed": 1553101674}, "title": "Honda XL 1000V Varadero  '02", "ad_id": "2347053", "ad_data": {"Make/Model": "Honda XL 1000V Varadero '02", "Classified number": "2347053", "Price": "€3.100", "Category": "Bike - On/Off", "Registration": "10 / 2002", "Mileage": "23,000 km", "Fuel type": "Gasoline", "Cubic capacity": "1,000 cc", "Power": "80 bhp", "Transmission": "Manual", "Color": "Red", "Modified": "24 days", "Times clicked": "5847", "Short link": "www.car.gr/2347053", "Telephone": "+30 2821099405"}, "ad_seller": {"Dealer": "CHANIA MOTORCYCLES", "Address": "ΝΙΚΟΛΑΟΥΠΛΑΣΤΗΡΑ4", "City": "ΧΑΝΙΑ", "": "+30 6980127373", "Fax": "+30 6996312247", "Dealer page": "https//stavroulakis-cars.car.gr/"}, "metadata": {"type": "Bikes", "brand": "Honda", "model": "XL 1000V Varadero"}, "extras": ["Alarm", "Electric starter", "Exchange with Moto accepted", "Four-stroke engine", "Gelatin", "Service Book", "Top Box-Μπαγκαζιέρα"], "description": "ΑΡΙΣΤΗ ΚΑΤΑΣΑΤΑΣΗ ΠΟΛΛΑ ΕΞΤΡΑ ΠΟΛΥ ΛΙΓΑ ΑΛΗΘΙΝΑ ΧΙΛΙΟΜΕΤΡΑ - Less - "}