{"query": {"url": "https://www.car.gr/21506747-yamaha-x-max-250", "type": "CAR_ADDE", "trial_count": 1, "last_processed": 1553094852}, "title": "Yamaha  X-MAX 250 '07", "ad_id": "21506747", "ad_data": {"Make/Model": "Yamaha X-MAX 250 '07", "Classified number": "21506747", "Price": "€1.750", "Category": "Bike - Roller/Scooter", "Registration": "9 / 2007", "Mileage": "35,000 km", "Fuel type": "Gasoline", "Cubic capacity": "250 cc", "Power": "24 bhp", "Color": "Black (Metallic)", "Kteo to": "09 / 2020", "Modified": "1 day", "Times clicked": "30", "Short link": "www.car.gr/21506747", "Telephone": "None"}, "ad_seller": {}, "metadata": {"type": "Bikes", "brand": "Yamaha", "model": "Yamaha  X-MAX 250 '07 - € 1.750 EUR"}, "extras": ["Automatic", "Cast wheels", "Centerstand", "Electric starter", "Four-stroke engine", "Gelatin", "Injection", "Sidestand"], "description": "TO MHXANAKI EINE SE POLY KALH KATASTASH KAINOYRGIA ELASTIKA EMPROS KAI PISV ANEMOUVRAKA MEGALO OPVS TO BLEPETE STIS FVTO DEN GRAFV ALLA - Less - "}