{"query": {"url": "https://www.car.gr/21506787-shineray-xy-250", "type": "CAR_ADDE", "trial_count": 1, "last_processed": 1553094848}, "title": "Shineray XY 250  '07", "ad_id": "21506787", "ad_data": {"Make/Model": "Shineray XY 250 '07", "Classified number": "21506787", "Price": "€350", "Category": "Bike - Four Wheel-ATV", "Registration": "1 / 2007", "Mileage": "60,000 km", "Fuel type": "Gasoline", "Cubic capacity": "250 cc", "Power": "18 bhp", "Color": "Dark Green", "Kteo to": "01 / 2020", "Previous owners": "1", "Modified": "1 day", "Times clicked": "163", "Short link": "www.car.gr/21506787", "Telephone": "None"}, "ad_seller": {}, "metadata": {"type": "Bikes", "brand": "Shineray", "model": "XY 250"}, "extras": [], "description": "Πληροφοριες στο τηλ!! Δουλευει κανονικα - Less - "}