{"query": {"url": "https://www.car.gr/21506782-husqvarna-te-300", "type": "CAR_ADDE", "trial_count": 1, "last_processed": 1553094849}, "title": "Husqvarna TE 300  '16", "ad_id": "21506782", "ad_data": {"Make/Model": "Husqvarna TE 300 '16", "Classified number": "21506782", "Price": "€6.500", "Category": "Bike - Εnduro", "Registration": "1 / 2016", "Mileage": "1 km", "Fuel type": "Gasoline", "Cubic capacity": "300 cc", "Power": "50 bhp", "Color": "White", "Modified": "1 day", "Times clicked": "47", "Short link": "www.car.gr/21506782", "Telephone": "None"}, "ad_seller": {"Name": "HHH", "Address": "ΧΟΛΑΡΓΟΣP.ΑΤΤΙΚΗΣ"}, "metadata": {"type": "Bikes", "brand": "Husqvarna", "model": "TE 300"}, "extras": [], "description": ""}