{"query": {"url": "https://www.car.gr/21506779-honda-nc-750-nc750x-abs-dct", "type": "CAR_ADDE", "trial_count": 9, "last_processed": 1553093187}, "title": "Honda NC 750 NC750X ABS DCT '14", "ad_id": "21506779", "ad_data": {"Make/Model": "Honda NC 750 NC750X ABS DCT '14", "Classified number": "21506779", "Price": "€8.200", "Category": "Bike - On/Off", "Registration": "3 / 2014", "Mileage": "21,900 km", "Fuel type": "Gasoline", "Cubic capacity": "750 cc", "Power": "55 bhp", "Color": "Silver (Metallic)", "Kteo to": "03 / 2020", "Liters/100km": "4.2 (Εντός)/3.8 (Εκτός)/4.1 (Μικτό)", "Modified": "6 hours", "Times clicked": "188", "Short link": "www.car.gr/21506779", "Telephone": "None"}, "ad_seller": {"Name": "Θανάσης", "Address": "ΑΓΙΟΣΔΗΜΗΤΡΙΟΣP.ΑΤΤΙΚΗΣ"}, "metadata": {"type": "Bikes", "brand": "Honda", "model": "NC 750"}, "extras": ["ABS", "Alarm", "Automatic", "Bars", "Centerstand", "Electric starter", "Engine Guards", "Exhaust Special", "Gelatin", "Greek Dealership", "Heated Handguards", "Injection", "Semiautomatic", "Service Book", "Sidestand", "Skid Plate", "Spoke wheels", "Top Box-Μπαγκαζιέρα"], "description": " - Less - "}