{"query": {"url": "https://www.car.gr/21506793-piaggio-beverly-500", "type": "CAR_ADDE", "trial_count": 1, "last_processed": 1553094847}, "title": "Piaggio Beverly 500  '04", "ad_id": "21506793", "ad_data": {"Make/Model": "Piaggio Beverly 500 '04", "Classified number": "21506793", "Price": "€1.500", "Category": "Bike - Roller/Scooter", "Registration": "1 / 2004", "Mileage": "100,000 km", "Fuel type": "Gasoline", "Cubic capacity": "500 cc", "Power": "80 bhp", "Color": "Black (Metallic)", "Kteo to": "01 / 2020", "Liters/100km": "6 (Εντός)", "Modified": "1 day", "Times clicked": "41", "Short link": "www.car.gr/21506793", "Telephone": "None"}, "ad_seller": {}, "metadata": {"type": "Bikes", "brand": "Piaggio", "model": "Beverly 500"}, "extras": [], "description": "Beverly 2004 από Γενικό σέρβις.malossi μπαλάκια και ιμάντες,καινούργιες βαλβολινη,τακάκια,λάδια,φίλτρο αέρα φίλτρο λαδιού, - Less - "}