{"query": {"url": "https://www.car.gr/21506766-daytona-dy-r-125", "type": "CAR_ADDE", "trial_count": 1, "last_processed": 1553094850}, "title": "Daytona DY-R 125  '13", "ad_id": "21506766", "ad_data": {"Make/Model": "Daytona DY-R 125 '13", "Classified number": "21506766", "Price": "€200", "Category": "Bike - Underbone", "Registration": "1 / 2013", "Mileage": "90,000 km", "Fuel type": "Gasoline", "Cubic capacity": "125 cc", "Power": "8 bhp", "Color": "Black", "Kteo to": "01 / 2020", "Liters/100km": "4 (Εντός)/4 (Εκτός)/4 (Μικτό)", "Modified": "1 day", "Times clicked": "104", "Short link": "www.car.gr/21506766", "Telephone": "None"}, "ad_seller": {}, "metadata": {"type": "Bikes", "brand": "Daytona", "model": "DY-R 125"}, "extras": [], "description": "Λειτουργεί κανονικα αλλά έχει προβλήματα και θέλει φτιαξιματα. Η τιμή φυσικά είναι τελική.. έχει μπαγαζιερα - Less - "}