{"query": {"url": "https://www.car.gr/21506771-honda-magna", "type": "CAR_ADDE", "trial_count": 1, "last_processed": 1553094849}, "title": "Honda Magna  '97", "ad_id": "21506771", "ad_data": {"Make/Model": "Honda Magna '97", "Classified number": "21506771", "Price": "€1.200", "Category": "Bike - Chopper", "Registration": "4 / 1997", "Mileage": "94,500 km", "Fuel type": "Gasoline", "Cubic capacity": "250 cc", "Power": "3 bhp", "Color": "White (Metallic)", "Kteo to": "03 / 2019", "Previous owners": "2", "Modified": "1 day", "Times clicked": "60", "Short link": "www.car.gr/21506771", "Telephone": "None"}, "ad_seller": {}, "metadata": {"type": "Bikes", "brand": "Honda", "model": "Magna"}, "extras": [], "description": ""}