{"query": {"url": "https://www.car.gr/21506783-ktm-450-exc-six-days", "type": "CAR_ADDE", "trial_count": 1, "last_processed": 1553094449}, "title": "KTM 450 EXC Six days '08", "ad_id": "21506783", "ad_data": {"Make/Model": "KTM 450 EXC Six days '08", "Classified number": "21506783", "Price": "€3.000", "Category": "Bike - Εnduro", "Registration": "1 / 2008", "Mileage": "13,000 km", "Fuel type": "Gasoline", "Cubic capacity": "450 cc", "Power": "47 bhp", "Color": "Orange", "Modified": "23 hours", "Times clicked": "150", "Short link": "www.car.gr/21506783", "Telephone": "None"}, "ad_seller": {"Name": "Νικος", "Address": "ΑΓΙΑΠΑΡΑΣΚΕΥΗP.ΑΤΤΙΚΗΣ"}, "metadata": {"type": "Bikes", "brand": "KTM", "model": "450 EXC"}, "extras": ["Electric starter", "Four-stroke engine", "Kick-Starter"], "description": "Σε πάρα πολύ καλή κατάσταση - Έκδοση six days με αρκετά extra - Έχουν αλλαχτεί πρόσφατα όλα τα αναλώσιμα. - Less - "}