{"query": {"url": "https://www.car.gr/6744194-ktm-950-super-moto", "type": "CAR_ADDE", "trial_count": 1, "last_processed": 1553100577}, "title": "KTM 950 Super Moto  '08", "ad_id": "6744194", "ad_data": {"Make/Model": "KTM 950 Super Moto '08", "Classified number": "6744194", "Price": "€6.000", "Category": "Bike - Super Motard", "Registration": "9 / 2008", "Mileage": "13,963 km", "Fuel type": "Gasoline", "Cubic capacity": "950 cc", "Power": "98 bhp", "Color": "Black", "Modified": "19 days", "Times clicked": "7991", "Short link": "www.car.gr/6744194", "Telephone": "+30 2242069411"}, "ad_seller": {"Dealer": "ilios cars", "Address": "Τιγκάκι", "City": "ΚΩΣ", "": "+30 2242069411", "Fax": "+30 2242069173", "Dealer page": "https//ilios-cars.car.gr/"}, "metadata": {"type": "Bikes", "brand": "KTM", "model": "950 Super Moto"}, "extras": ["ABS", "Electric starter", "Exhaust Special", "Four-stroke engine", "Price without VAT", "Service Book"], "description": ""}