{"query": {"url": "https://www.car.gr/6715158-kymco", "type": "CAR_ADDE", "trial_count": 1, "last_processed": 1553105177}, "title": "Kymco   '17", "ad_id": "6715158", "ad_data": {"Make/Model": "Kymco '17", "Classified number": "6715158", "Price": "€1", "Category": "Bike - Roller/Scooter", "Registration": "1 / 2017", "Fuel type": "Electric", "Cubic capacity": "50 cc", "Power": "7 bhp", "Color": "Black", "Modified": "8 days", "Times clicked": "2176", "Short link": "www.car.gr/6715158", "Telephone": "+30 2621027508"}, "ad_seller": {"Dealer": "ΜΟΤΟ ΝΕΟΦΩΤΙΣΤΟΣ", "Address": "ΘΕΜΙΣΤΟΚΛΕΟΥΣ11", "City": "ΠΥΡΓΟΣ", "": "+30 6939018523", "Fax": "+30 2621027508", "Dealer page": "https//moto-neofotistos.car.gr/"}, "metadata": {"type": "Bikes", "brand": "Kymco", "model": "Kymco   '17 - € 1 EUR"}, "extras": [], "description": "ΑΤΟΚΕΣ ΔΟΣΕΙΣ ΣΕ ΟΛΑ ΤΑ ΜΟΝΤΕΛΑ KYMCO-ΓΝΗΣΙΑ ΑΝΤΑΛΛΑΚΤΙΚΑ-ΑΝΑΛΩΣΙΜΑ-ΑΞΕΣΟΥΑΡ-SERVICE-ΕΠΙΣΚΕΥΕΣ-ΑΝΑΒΑΘΜΙΣΕΙΣ-ΕΛΑΣΤΙΚΑ ΑΝΑΛΑΜΒΑΝΟΥΜΕ ΥΠΕΥΘΥΝΟ SERVICE ΣΕ ΟΛΕΣ ΤΙΣ ΜΑΡΚΕΣ ΜΟΤΟΣΥΚΛΕΤΩΝ - Less - "}