{"query": {"url": "https://www.car.gr/3359478-piaggio-beverly-500", "type": "CAR_ADDE", "trial_count": 1, "last_processed": 1553103688}, "title": "Piaggio Beverly 500  '04", "ad_id": "3359478", "ad_data": {"Make/Model": "Piaggio Beverly 500 '04", "Classified number": "3359478", "Price": "€2.200", "Category": "Bike - Roller/Scooter", "Registration": "7 / 2004", "Mileage": "15,700 km", "Fuel type": "Gasoline", "Cubic capacity": "500 cc", "Power": "38 bhp", "Transmission": "Automatic", "Color": "Bordeaux (Metallic)", "Modified": "42 days", "Times clicked": "7316", "Short link": "www.car.gr/3359478", "Telephone": "+30 2441400272"}, "ad_seller": {"Dealer": "TSIAKARAS - CARS", "Address": "ΛΕΩΦΟΡΟΣΔΗΜΟΚΡΑΤΙΑΣ89(έναντιΚΤΕΛ)", "City": "ΚΑΡΔΙΤΣΑ", "": "+30 2441400272", "Fax": "+30 2441400272", "Dealer page": "https//tsiakaras-cars.car.gr/"}, "metadata": {"type": "Bikes", "brand": "Piaggio", "model": "Beverly 500"}, "extras": ["Automatic", "Car Exchange", "Electric starter", "Gelatin", "Top Box-Μπαγκαζιέρα"], "description": "----ΆΡΙΣΤΗ ΚΑΤΆΣΤΑΣΗ--ΦΙΛΑΣΟΜΕΝΗ ΜΈΣΑ ΣΕ ΓΚΑΡΆΖ-- ΠΡΑΓΜΑΤΙΚΆ ΧΙΛΙΟΜΕΤΡΑ - Less - "}