{"query": {"url": "https://www.car.gr/8706782-yamaha-bw-bws", "type": "CAR_ADDE", "trial_count": 1, "last_processed": 1553093864}, "title": "Yamaha BW BWS  '00", "ad_id": "8706782", "ad_data": {"Make/Model": "Yamaha BW BWS  '00", "Classified number": "8706782", "Price": "€500", "Category": "Bike - Roller/Scooter", "Registration": "5 / 2000", "Mileage": "3,868 km", "Fuel type": "Gasoline", "Cubic capacity": "100 cc", "Power": "10 bhp", "Color": "Green (Metallic)", "Modified": "9 hours", "Times clicked": "12054", "Short link": "www.car.gr/8706782", "Telephone": "+30 2331097111"}, "ad_seller": {"Dealer": "FANIS TRUCKS", "Address": "11οχιλ.Βέροιας-Θεσ/νικηςΕγνατίαοδόςΚόμβοςΚουλούρας", "City": "ΒΕΡΟΙΑ", "": "+30 2331097111", "Fax": "+30 2331097121", "Dealer page": "https//fanistrucks.car.gr/", "Website": "http//www.fanistrucks.gr"}, "metadata": {"type": "Bikes", "brand": "Yamaha", "model": "BW"}, "extras": [], "description": "YAMAHA BWS ειναι αγορασμενο απο εξωτερικο και ειναι κανονικα εκτελωνισμενο με τα χαρτια του - Less - "}