{"query": {"url": "https://www.car.gr/21336458-gilera-runner-200-vxr-runner-vxr-rste3", "type": "CAR_ADDE", "trial_count": 1, "last_processed": 1553095222}, "title": "Gilera Runner 200 VXR runner vxr rste3 '07", "ad_id": "21336458", "ad_data": {"Make/Model": "Gilera Runner 200 VXR runner vxr rste3 '07", "Classified number": "21336458", "Price": "€1.700", "Category": "Bike - Roller/Scooter", "Registration": "2 / 2007", "Mileage": "55,000 km", "Fuel type": "Gasoline", "Cubic capacity": "250 cc", "Power": "22 bhp", "Color": "Black (Metallic)", "Kteo to": "02 / 2020", "Modified": "2 days", "Times clicked": "48", "Short link": "www.car.gr/21336458", "Telephone": "None"}, "ad_seller": {}, "metadata": {"type": "Bikes", "brand": "Gilera", "model": "Runner 200 VXR"}, "extras": ["Automatic", "Cargo Rack", "Catalyst", "Centerstand", "Electric starter", "Exhibition", "Four-stroke engine", "Gelatin", "Greek Dealership", "Kick-Starter", "Led lights", "Lights Xenon", "Service Book", "Sidestand", "Skid Plate", "Καρμπυρατέρ"], "description": "αριστο μοτερ απο 250cc beverly με 2000 κμ το μηχανακι παει σφαιρα... μονο μετρητα παζαρια οχι...νεα λαστιχα led φωτα polini imanta polini filtro αερογραφια στα διπλα italia.δεν θελει ευρω.... - Less - "}