{"query": {"url": "https://www.car.gr/21336440-yamaha-crypton-01", "type": "CAR_ADDE", "trial_count": 1, "last_processed": 1553098790}, "title": "Yamaha Crypton 01 '03", "ad_id": "21336440", "ad_data": {"Make/Model": "Yamaha Crypton 01 '03", "Classified number": "21336440", "Price": "€750", "Category": "Bike - Underbone", "Registration": "4 / 2003", "Mileage": "5,000 km", "Fuel type": "Gasoline", "Cubic capacity": "125 cc", "Power": "18 bhp", "Color": "Red", "Kteo to": "04 / 2020", "Liters/100km": "1 (Εντός)/1 (Εκτός)/1 (Μικτό)", "Previous owners": "1", "Modified": "12 days", "Times clicked": "244", "Short link": "www.car.gr/21336440", "Telephone": "None"}, "ad_seller": {}, "metadata": {"type": "Bikes", "brand": "Yamaha", "model": "Crypton"}, "extras": [], "description": "To mixanaki einai pena einai opos stin foto einai prosfato serbis apo tin episkeuh exi 5000xlm gia perisotera sto til. H timi den einai sizitisimi mono sobares protasis. - Less - "}