{"query": {"url": "https://www.car.gr/2133641-kymco-people-50", "type": "CAR_ADDE", "trial_count": 1, "last_processed": 1553096334}, "title": "Kymco  PEOPLE 50  '11", "ad_id": "2133641", "ad_data": {"Make/Model": "Kymco PEOPLE 50  '11", "Classified number": "2133641", "Price": "€1.800", "Category": "Bike - Roller/Scooter", "Registration": "1 / 2011", "Fuel type": "Gasoline", "Cubic capacity": "50 cc", "Power": "5 bhp", "Transmission": "Automatic", "Color": "Silver (Metallic)", "Modified": "5 days", "Times clicked": "3159", "Short link": "www.car.gr/2133641", "Telephone": "+30 2104122075"}, "ad_seller": {"Dealer": "Tsivarakis Moto", "Address": "Γρ.Λαμπράκη10-12", "City": "ΠΕΙΡΑΙΑΣ", "": "+30 2104130039", "Fax": "+30 2104130039", "Dealer page": "https//tsivarakismoto.car.gr/", "Open hours": "Ωράριο Καταστήματος\nΔευτέρα – Παρασκευή 1000-2000\nΣάββατο 1000-1700"}, "metadata": {"type": "Bikes", "brand": "Kymco", "model": "Kymco  PEOPLE 50  '11 - € 1.800 EUR"}, "extras": [], "description": ""}