{"query": {"url": "https://www.car.gr/21336462-suzuki-gsx-r-1000", "type": "CAR_ADDE", "trial_count": 1, "last_processed": 1553098787}, "title": "Suzuki GSX-R 1000  '10", "ad_id": "21336462", "ad_data": {"Make/Model": "Suzuki GSX-R 1000 '10", "Classified number": "21336462", "Price": "€9.000", "Category": "Bike - Super Sport", "Registration": "7 / 2010", "Mileage": "10,467 km", "Fuel type": "Gasoline", "Cubic capacity": "1,000 cc", "Power": "185 bhp", "Color": "Blue", "Kteo to": "01 / 2021", "Modified": "12 days", "Times clicked": "1398", "Short link": "www.car.gr/21336462", "Telephone": "None"}, "ad_seller": {}, "metadata": {"type": "Bikes", "brand": "Suzuki", "model": "GSX-R 1000"}, "extras": ["Electric starter", "Gelatin", "Injection", "Service Book", "Sidestand", "Trip computer"], "description": "Suzuki Gsxr 1000 k9 - ΠΡΩΤΟ ΧΕΡΙ ΑΠΟ ΙΔΙΩΤΗ ΣΕ ΥΠΕΡΑΡΙΣΤΗ ΚΑΤΑΣΤΑΣΗ,ΠΡΑΓΜΑΤΙΚΑ ΧΙΛΙΟΜΕΤΡΑ 10467km.ΔΕΧΟΜΑΙ Η ΜΗΧΑΝΗ ΝΑ ΕΛΕΓΧΘΕΙ ΣΕ ΟΠΟΙΟΔΗΠΩΤΕ ΕΞΟΥΣΙΟΔΩΤΗΜΕΝΟ ΣΥΝΕΡΓΕΙΟ SUZUKI ΩΣΤΕ ΝΑ ΠΙΣΤΟΠΟΙΗΘΟΥΝ ΤΟΣΟ ΤΑ ΧΙΛΙΟΜΕΤΡΑ ΠΟΥ ΑΝΑΓΡΑΦΟΝΤΑΙ ΟΣΟ ΚΑΙ Η ΑΡΙΣΤΗ ΚΑΤΑΣΤΑΣΗ ΣΤΗΝ ΟΠΟΙΑ ΒΡΙΣΚΕΤΑΙ Η ΜΗΧΑΝΗ. - ΠΑΝΤΑ ΦΥΛΑΣΣΕΤΑΙ ΣΕ ΚΛΕΙΣΤΟ ΓΚΑΡΑΖ ΜΕ ΚΟΥΚΟΥΛΑ Η ΚΑΙ ΕΝΤΟΣ ΟΙΚΙΑΣ.ΕΧΕΙ ΠΟΛΛΑ ΕΞΤΡΑ,ΥΠΑΡΧΟΥΝ ΚΑΙ ΤΑ ΜΑΜΑ ΠΡΑΓΜΑΤΑ ΟΛΑ,ΕΝΩ ΜΟΤΕΡΙΚΑ ΕΙΝΑΙ ΣΕ ΕΝΤΕΛΩΣ ΕΡΓΟΣΤΑΣΙΑΚΗ ΚΑΤΑΣΤΑΣΗ ΠΕΡΑ ΤΗΣ ΟΛΟΣΩΜΗΣ ΕΞΑΤΜΙΣΗΣ ΠΟΥ ΕΧΩ ΤΟΠΟΘΕΤΗΣΕΙ.Η ΕΞΑΤΜΙΣΗ ΕΙΧΕ ΑΓΟΡΑΣΤΕΙ ΚΑΙΝΟΥΡΓΙΑ 3500 ΕΥΡΩ ΓΙΑ ΟΣΟΥΣ ΓΝΩΡΙΖΟΥΝ.ΕΠΙΣΗΣ ΟΛΑ ΤΑ ΕΞΤΡΑ ΕΧΟΥΝ ΑΓΟΡΑΣΤΕΙ ΚΑΙΝΟΥΡΓΙΑ.ΕΠΙΣΗΣ ΕΧΕΙ BOOK SERVICE,ΜΕ ΤΕΛΕΥΤΑΙΟ SERVICE ΠΡΙΝ 1000km.ΓΕΝΙΚΟΤΕΡΑ ΠΡΟΚΕΙΤΑΙ ΓΙΑ ΕΝΑ ΠΟΛΥ ΚΑΛΟΔΙΑΤΗΡΗΜΕΝΟ ΜΗΧΑΝΑΚΙ ΣΕ ΑΡΙΣΤΗ ΚΑΤΑΣΤΑΣΗ ΚΑΙ ΟΧΙ \"ΞΕΣΚΙΣΜΕΝΟ\"..... - ΔΕΝ ΜΕ ΕΝΔΙΑΦΕΡΟΥΝ ΑΝΤΑΛΛΑΓΕΣ ΣΕ ΚΑΜΙΑ ΠΕΡΙΠΤΩΣΗ. - ΚΤΕΟ ΠΙΝΑΚΙΔΕΣ ΑΣΦΑΛΕΙΕΣ ΟΛΑ ΕΝ ΙΣΧΥ - ΜΟΝΟ ΣΟΒΑΡΕΣ ΠΡΟΤΑΣΕΙΣ - ΕΥΧΑΡΙΣΤΩ - Less - "}