{"query": {"url": "https://www.car.gr/21336445-piaggio-mp3-300-lt-mp3-300lt-sport-business-abs", "type": "CAR_ADDE", "trial_count": 1, "last_processed": 1553098783}, "title": "Piaggio MP3 300 LT MP3 300LT-SPORT-BUSINESS-ABS- '15", "ad_id": "21336445", "ad_data": {"Make/Model": "Piaggio MP3 300 LT MP3 300LT-SPORT-BUSINESS-ABS- '15", "Classified number": "21336445", "Price": "€5.500", "Category": "Bike - Three Wheel", "Registration": "4 / 2015", "Mileage": "7,200 km", "Fuel type": "Gasoline", "Cubic capacity": "300 cc", "Power": "30 bhp", "Color": "White", "Kteo to": "04 / 2021", "Modified": "12 days", "Times clicked": "240", "Short link": "www.car.gr/21336445", "Telephone": "None"}, "ad_seller": {}, "metadata": {"type": "Bikes", "brand": "Piaggio", "model": "MP3 300 LT"}, "extras": ["ABS", "Alarm", "Automatic", "Cargo Rack", "Cast wheels", "Catalyst", "Centerstand", "Electric starter", "Four-stroke engine", "Gelatin", "Injection", "Service Book", "Top Box-Μπαγκαζιέρα"], "description": "ΟΛΟΚΑΙΝΟΥΡΓΙΟ, ΜΠΑΓΚΑΖΙΕΡΑ, ΣΥΝΑΓΕΡΜΟΣ, ΣΥΣΤΗΜΑ ΓΙΑ ΟΛΙΣΘΗΣΗ ΑSR, ABS, ΑΣΠΡΟ ΜΕ ΚΑΦΕ ΣΕΛΑ, 7.200 ΧΛΜ., ΦΥΛΑΣΣΕΤΑΙ ΣΕ PARCKING. - MP3 LT 300 i.e. SPORT - BUSINESS ABS - ASR - Less - "}