{"query": {"url": "https://www.car.gr/21336477-piaggio-skipper-125", "type": "CAR_ADDE", "trial_count": 1, "last_processed": 1553098787}, "title": "Piaggio Skipper 125  '04", "ad_id": "21336477", "ad_data": {"Make/Model": "Piaggio Skipper 125 '04", "Classified number": "21336477", "Price": "€800", "Category": "Bike - Roller/Scooter", "Registration": "1 / 2004", "Mileage": "38,000 km", "Fuel type": "Gasoline", "Cubic capacity": "125 cc", "Power": "11 bhp", "Color": "Silver", "Modified": "12 days", "Times clicked": "28", "Short link": "www.car.gr/21336477", "Telephone": "None"}, "ad_seller": {"Name": "Ευαγγελος", "Address": "ΝΑΥΠΑΚΤΟΣP.ΑΙΤΩΛΟΑΚΑΡΝΑΝΙΑΣ"}, "metadata": {"type": "Bikes", "brand": "Piaggio", "model": "Skipper 125"}, "extras": [], "description": "η' ανταλλαγη με γουρουνα σωστη ( χωρις προβλημα ) διοτι το μηχανακι ειναι σουπερ - Less - "}