{"query": {"url": "https://www.car.gr/21332001-kawasaki-z-750", "type": "CAR_ADDE", "trial_count": 1, "last_processed": 1553098951}, "title": "Kawasaki Z 750  '05", "ad_id": "21332001", "ad_data": {"Make/Model": "Kawasaki Z 750 '05", "Classified number": "21332001", "Price": "€2.500", "Category": "Bike - Naked", "Registration": "1 / 2005", "Mileage": "72,000 km", "Fuel type": "Gasoline", "Cubic capacity": "749 cc", "Power": "110 bhp", "Color": "Black (Metallic)", "Kteo to": "01 / 2020", "Previous owners": "1", "Modified": "12 days", "Times clicked": "174", "Short link": "www.car.gr/21332001", "Telephone": "None"}, "ad_seller": {}, "metadata": {"type": "Bikes", "brand": "Kawasaki", "model": "Z 750"}, "extras": ["Electric starter", "Exchange with Moto accepted", "Gelatin", "Injection", "Led lights", "Lights Xenon", "Service Book", "Sidestand"], "description": "Πραγματικα χιλιόμετρα.Τα service ευλαβικά στην ώρα σε εξουσιοδοτημένο συνεργείο.Υπαρχει book service. - Μπροστινά ohlins - Πιςω αμορτισέρ απο zx6r. - Καινούργια λάστιχα pilot road 4 - K/n φίλτρο. - Καινούργια μπαταρία,καινούργια αλυσίδα γρανάζια. - Τιμόνι και χειρολαβές rizoma. - Εξάτμιση με pipe mivv race slip on. - Σωληνάκια υψηλής. - Xenon φώτα. - Αναδιπλούμενη βάση. - Ανταλλάσσεται με super sport 600 ανάλογης κατάστασης. - Μπρος πιςω φλας led. - Less - "}