{"query": {"url": "https://www.car.gr/21330480-sym-crox-125", "type": "CAR_ADDE", "trial_count": 1, "last_processed": 1553094640}, "title": "Sym  CROX 125 '18", "ad_id": "21330480", "ad_data": {"Make/Model": "Sym CROX 125 '18", "Classified number": "21330480", "Price": "€1.650", "Category": "Bike - Roller/Scooter", "Registration": "3 / 2018", "Mileage": "1,500 km", "Fuel type": "Gasoline", "Cubic capacity": "125 cc", "Power": "12 bhp", "Color": "White", "Modified": "1 day", "Times clicked": "149", "Short link": "www.car.gr/21330480", "Telephone": "None"}, "ad_seller": {}, "metadata": {"type": "Bikes", "brand": "Sym", "model": "Sym  CROX 125 '18 - € 1.650 EUR"}, "extras": ["Alarm", "Automatic", "Cast wheels", "Centerstand", "Electric starter", "Four-stroke engine", "Greek Dealership", "Kick-Starter", "Led lights", "Service Book", "Sidestand"], "description": "ΣΕ ΑΡΙΣΤΗ ΚΑΤΑΣΤΑΣΗ Αγρατζούνιστο ΚΑΙΝΟΥΡΓΙΟ Απο στρώσιμο. - Καινούργια Μπαταρία YUASA. ΣΥΝΑΓΕΡΜΟΣ - Enduro - Scooter - Less - "}