{"query": {"url": "https://www.car.gr/21330462-piaggio-beverly-350-sporttouring-abs-asr", "type": "CAR_ADDE", "trial_count": 1, "last_processed": 1553096453}, "title": "Piaggio Beverly 350 SportTouring ABS/ASR '12", "ad_id": "21330462", "ad_data": {"Make/Model": "Piaggio Beverly 350 SportTouring ABS/ASR '12", "Classified number": "21330462", "Price": "€3.600", "Category": "Bike - Sport Touring", "Registration": "1 / 2012", "Mileage": "47,000 km", "Fuel type": "Gasoline", "Cubic capacity": "350 cc", "Power": "33 bhp", "Color": "Black", "Modified": "5 days", "Times clicked": "128", "Short link": "www.car.gr/21330462", "Telephone": "None"}, "ad_seller": {"Name": "Χρηστος", "Address": "ΖΩΓΡΑΦΟΣP.ΑΤΤΙΚΗΣ"}, "metadata": {"type": "Bikes", "brand": "Piaggio", "model": "Beverly 350 SportTouring"}, "extras": [], "description": "BEVERLY 350 ST - Less - "}