{"query": {"url": "https://www.car.gr/21330482-honda", "type": "CAR_ADDE", "trial_count": 1, "last_processed": 1553098959}, "title": "Honda   '18", "ad_id": "21330482", "ad_data": {"Make/Model": "Honda '18", "Classified number": "21330482", "Price": "€1.900", "Category": "Bike - Underbone", "Registration": "10 / 2018", "Mileage": "6,800 km", "Fuel type": "Gasoline", "Cubic capacity": "110 cc", "Power": "9 bhp", "Color": "Black (Metallic)", "Kteo to": "10 / 2022", "Modified": "12 days", "Times clicked": "71", "Short link": "www.car.gr/21330482", "Telephone": "None"}, "ad_seller": {}, "metadata": {"type": "Bikes", "brand": "Honda", "model": "Honda   '18 - € 1.900 EUR"}, "extras": ["Alarm", "Exchange with Moto accepted", "Four-stroke engine", "Semiautomatic"], "description": "Χοντα αστρεα 110κ.αριστη κατασταση πρωτο χερι ατρακαριστο ιδιωτης.ανταλλασεται με SYM 150-η 200κ.σε αριστη κατασταση - Less - "}