{"query": {"url": "https://www.car.gr/21330457-yamaha-dt-125-r", "type": "CAR_ADDE", "trial_count": 1, "last_processed": 1553098959}, "title": "Yamaha DT 125 R  '91", "ad_id": "21330457", "ad_data": {"Make/Model": "Yamaha DT 125 R '91", "Classified number": "21330457", "Price": "€1.300", "Category": "Bike - Εnduro", "Registration": "4 / 1991", "Mileage": "30,000 km", "Fuel type": "Gasoline", "Cubic capacity": "125 cc", "Power": "25 bhp", "Color": "Blue", "Kteo to": "04 / 2021", "Liters/100km": "3 (Εντός)/4 (Εκτός)/3 (Μικτό)", "Previous owners": "2", "Modified": "12 days", "Times clicked": "26", "Short link": "www.car.gr/21330457", "Telephone": "None"}, "ad_seller": {}, "metadata": {"type": "Bikes", "brand": "Yamaha", "model": "DT 125 R"}, "extras": [], "description": ""}