{"query": {"url": "https://www.car.gr/6747059-aprilia-scarabeo-500-i-e", "type": "CAR_ADDE", "trial_count": 1, "last_processed": 1553102447}, "title": "Aprilia Scarabeo 500 i.e.  '07", "ad_id": "6747059", "ad_data": {"Make/Model": "Aprilia Scarabeo 500 i.e. '07", "Classified number": "6747059", "Price": "€2.000", "Category": "Bike - Roller/Scooter", "Registration": "7 / 2007", "Mileage": "20,000 km", "Fuel type": "Gasoline", "Cubic capacity": "500 cc", "Power": "42 bhp", "Color": "Bordeaux", "Modified": "30 days", "Times clicked": "2318", "Short link": "www.car.gr/6747059", "Telephone": "+30 2821099405"}, "ad_seller": {"Dealer": "CHANIA MOTORCYCLES", "Address": "ΝΙΚΟΛΑΟΥΠΛΑΣΤΗΡΑ4", "City": "ΧΑΝΙΑ", "": "+30 6980127373", "Fax": "+30 6996312247", "Dealer page": "https//stavroulakis-cars.car.gr/"}, "metadata": {"type": "Bikes", "brand": "Aprilia", "model": "Scarabeo 500 i.e."}, "extras": ["Automatic", "Car Exchange", "Electric starter", "Exchange with Boat", "Exchange with Moto accepted", "Four-stroke engine", "Gelatin", "Service Book", "Top Box-Μπαγκαζιέρα"], "description": "πολυ καλη κατασταση - Less - "}