{"query": {"url": "https://www.car.gr/8717500-gilera-nexus-250-sp", "type": "CAR_ADDE", "trial_count": 1, "last_processed": 1553094692}, "title": "Gilera Nexus 250 SP  '07", "ad_id": "8717500", "ad_data": {"Make/Model": "Gilera Nexus 250 SP '07", "Classified number": "8717500", "Price": "€1.650", "Category": "Bike - Roller/Scooter", "Registration": "11 / 2007", "Mileage": "92 km", "Fuel type": "Gasoline", "Cubic capacity": "250 cc", "Power": "24 bhp", "Color": "Black", "Liters/100km": "3.2 (Εντός)/2.8 (Εκτός)/3 (Μικτό)", "Modified": "1 day", "Times clicked": "449", "Short link": "www.car.gr/8717500", "Telephone": "None"}, "ad_seller": {"Name": "Sotiris", "Address": "ΑΘΗΝΑP.ΑΤΤΙΚΗΣ"}, "metadata": {"type": "Bikes", "brand": "Gilera", "model": "Nexus 250 SP"}, "extras": ["Automatic", "Centerstand", "Four-stroke engine", "Gelatin", "Sidestand", "Trip computer"], "description": "Α Τ Ρ Α Κ Α Ρ Ι Σ Τ Ο, πρώτο χέρι με όλα τα service του στην ώρα τους. Στα 83000 Km - αλλάχτηκαν ιμάντας- βαριατορ-ραουλα όλα γνήσια,έχει συναγερμό αντικραδασμικό με κυλιομένους κωδικούς της Εlser αξίας 200, βαλίτσα της gilera γνήσια αξιας 150 Ε. - Φυλάσσετε σε γκαράζ, προσεγμένο! - Η τιμή είναι απόλυτος μετρητής χωρίς παζάρια . - Less - "}