{"query": {"url": "https://www.car.gr/676855-suzuki-gsx-r-1300-hayabusa", "type": "CAR_ADDE", "trial_count": 1, "last_processed": 1553105074}, "title": "Suzuki GSX-R 1300 Hayabusa  '08", "ad_id": "676855", "ad_data": {"Make/Model": "Suzuki GSX-R 1300 Hayabusa '08", "Classified number": "676855", "Price": "Askforprice", "Category": "Bike - Sport Touring", "Registration": "3 / 2008", "Mileage": "4,200 km", "Fuel type": "Gasoline", "Cubic capacity": "1,300 cc", "Power": "280 bhp", "Transmission": "Semiauto", "Color": "Dark blue", "Modified": "2 days", "Times clicked": "61730", "Short link": "www.car.gr/676855", "Telephone": "+30 2552027110"}, "ad_seller": {"Dealer": "Στοϊκοτίδης Δημήτριος", "Address": "Κωνσταντινουπόλεως63", "City": "Ορεστιάδα", "": "+30 2552027110", "Fax": "+30 2552027110", "Dealer page": "https//team-stoikotidis.car.gr/", "Website": "http//www.teamstoikotidis.gr"}, "metadata": {"type": "Bikes", "brand": "Suzuki", "model": "GSX-R 1300 Hayabusa"}, "extras": [], "description": "ΜΟΝΟ ΓΙΑ ΔΙΑΦΗΜΙΣΗ ΟΧΙ ΓΙΑ ΠΩΛΗΣΗ ΑΝ ΣΑΣ ΑΡΕΣΕΙ ΑΥΤΟ ΠΟΥ ΒΛΕΠΕΤΑΙ ΤΟ ΚΑΝΟΥΜΕ ΚΑΙ ΣΤΟ ΔΙΚΟ ΣΑΣ ΜΟΤΟ - Less - "}