{"query": {"url": "https://www.car.gr/4610820-honda-cx-500-cx500", "type": "CAR_ADDE", "trial_count": 1, "last_processed": 1553105219}, "title": "Honda CX 500 CX500 '81", "ad_id": "4610820", "ad_data": {"Make/Model": "Honda CX 500 CX500 '81", "Classified number": "4610820", "Price": "Askforprice", "Category": "Bike - Street Bike", "Registration": "1 / 1981", "Mileage": "91,300 km", "Fuel type": "Gasoline", "Cubic capacity": "500 cc", "Power": "50 bhp", "Color": "Black (Metallic)", "Previous owners": "1", "Modified": "28 days", "Times clicked": "21924", "Short link": "www.car.gr/4610820", "Telephone": "+30 6945279646"}, "ad_seller": {"Dealer": "ΜΟΤΟΣΥΛΛΟΓΗ", "Address": "59100", "City": "ΒΕΡΟΙΑ", "": "+30 6945279646", "Fax": "+30 2331022881", "Dealer page": "https//motosillogi.car.gr/", "Website": "https//www.facebook.com/motosyllogi76"}, "metadata": {"type": "Bikes", "brand": "Honda", "model": "CX 500"}, "extras": ["Antique-Classic", "Cargo Rack", "Centerstand", "Electric starter", "Four-stroke engine", "Kick-Starter", "Price without VAT", "Sidestand", "Top Box-Μπαγκαζιέρα"], "description": "CX500 ΜΑΥΡΟ ΧΡΩΜΑ ΓΙΑ ΑΝΤΑΛΑΚΤΗΚΑ ΚΟΜΑΤΗ ΚΟΜΑΤΗ ΔΕΙΤΕ ΦΩΤΟ Η ΤΗΜΗ ΕΙΝΑΙ ΕΝΔΗΚΤΗΚΗ ΣΤΗΛΤΕ ΜΗΝΗΜΑ Η ΤΗΛ ΓΙΑ ΤΙΜΕΣ ΚΑΙ ΔΙΑΘΕΣΗΜΟΤΗΤΑ // - Less - "}