{"query": {"url": "https://www.car.gr/6742356-honda-vt-400-c-shadow", "type": "CAR_ADDE", "trial_count": 1, "last_processed": 1553104877}, "title": "Honda VT 400 C Shadow  '99", "ad_id": "6742356", "ad_data": {"Make/Model": "Honda VT 400 C Shadow '99", "Classified number": "6742356", "Price": "€4.200", "Category": "Bike - Chopper", "Registration": "1 / 1999", "Mileage": "39,681 km", "Fuel type": "Gasoline", "Cubic capacity": "400 cc", "Power": "33 bhp", "Color": "Brown (Metallic)", "Modified": "over 2 months", "Times clicked": "20309", "Short link": "www.car.gr/6742356", "Telephone": "+30 2431026327"}, "ad_seller": {"Dealer": "OFF RUN MOTORSTORE", "Address": "ΠΕΡΙΦΕΡΕΙΑΚΗΟΔΟΣΛΑΡΙΣΗΣ-ΙΩΑΝΝΙΝΩΝ", "City": "ΤΡΙΚΑΛΑ", "": "+30 2431026327", "Fax": "+30 2431026327", "Dealer page": "https//off-run-motorstore.car.gr/"}, "metadata": {"type": "Bikes", "brand": "Honda", "model": "VT 400 C Shadow"}, "extras": ["Car Exchange", "Exchange with Moto accepted", "Exhaust Special"], "description": "Ηonda shadow 400 μετατροπή σε bober πλήρως αναπαλαιωμένη.1 χρόνο εγγύηση,ανταλλαγές με μοτοσυκλέτες και αυτοκίνητα.Αποστολές σε όλη την Ελλάδα. - Less - "}