{"query": {"url": "https://www.car.gr/21333829-gilera-nexus-500-sp", "type": "CAR_ADDE", "trial_count": 1, "last_processed": 1553098938}, "title": "Gilera Nexus 500 SP  '07", "ad_id": "21333829", "ad_data": {"Make/Model": "Gilera Nexus 500 SP '07", "Classified number": "21333829", "Price": "€3.200", "Category": "Bike - Roller/Scooter", "Registration": "9 / 2007", "Mileage": "25,262 km", "Fuel type": "Gasoline", "Cubic capacity": "459 cc", "Power": "45 bhp", "Color": "Black", "Modified": "12 days", "Times clicked": "97", "Short link": "www.car.gr/21333829", "Telephone": "None"}, "ad_seller": {}, "metadata": {"type": "Bikes", "brand": "Gilera", "model": "Nexus 500 SP"}, "extras": ["Alarm", "Automatic", "Catalyst", "Centerstand", "Electric starter", "Four-stroke engine", "Gelatin", "Service Book", "Sidestand"], "description": "ΠΩΛΕΙΤΑΙ NEXUS 500 SP MONT'07 - ΑΨΟΓΟ ΦΥΛΛΑΣΟΜΕΝΟ ΣΕ ΓΚΑΡΑΖ - ΠΡΑΓΜΑΤΙΚΑ ΧΙΛΙΟΜΕΤΡΑ, ΒΙΒΛΙΟ SERVICE - ΒΑΛΙΤΣΕΣ ΤΥΠΟΥ ΣΑΜΑΡΙ ΤΗΣ COLORI - ΦΙΛΤΡΟ ΕΛΕΥΘΕΡΑΣ K&N, ΜΕΓΑΛΗ ΖΕΛΑΤΙΝΑ ΠΡΟΣΤΑΣΙΑΣ - ΕΡΓΟΣΤΑΣΙΑΚΟΣ ΣΥΝΑΓΕΡΜΟΣ - Less - "}