{"query": {"url": "https://www.car.gr/21333836-kawasaki-klx-250-klx250e", "type": "CAR_ADDE", "trial_count": 1, "last_processed": 1553097908}, "title": "Kawasaki KLX 250 KLX250E '98", "ad_id": "21333836", "ad_data": {"Make/Model": "Kawasaki KLX 250 KLX250E '98", "Classified number": "21333836", "Price": "€1.400", "Category": "Bike - Εnduro", "Registration": "1 / 1998", "Mileage": "50,000 km", "Fuel type": "Gasoline", "Cubic capacity": "250 cc", "Power": "23 bhp", "Color": "Green", "Modified": "9 days", "Times clicked": "439", "Short link": "www.car.gr/21333836", "Telephone": "None"}, "ad_seller": {"Name": "Βασίλης", "Address": "ΠΕΙΡΑΙΑΣP.ΑΤΤΙΚΗΣ"}, "metadata": {"type": "Bikes", "brand": "Kawasaki", "model": "KLX 250"}, "extras": ["Kick-Starter"], "description": "Σε πλήρως λειτουργική κατάσταση. Το πίσω λάστιχο είναι καινούργιο Michelin traction και το εμπρός pirelli mt21 σε μέτρια κατάσταση. Αλυσογράναζα και δίσκοι συμπλέκτη (οι φιμπερένιοι μόνο) αλλάχτηκαν πρόσφατα.Στο μπροστινό άλλαξα τσιμούχες(ariete), ξύστρες και λάδι πριν ένα μήνα. Φοράει fatbar magura ex,τρόμπα μπροστινού φρένου brembo με σωληνάκι υψηλής πίεση και ανοξείδωτο τελικό εξάτμισης crd. Η σέλλα έχει μετατραπεί από το motok με ψηλότερο αφρώδες και αντιολισθητικό κάλυμμα (υπάρχει και δεύτερη χαμηλή).Η μάσκα έχει αλλαχτεί με polisport και φέγγει αρκετά καλύτερα από τη γνήσια. Επιπλέον δίνεται και μεγάλο μέρος δεύτερου klx για ανταλλακτικά.Δεν υπάρχει κοντέρ. Δεν έχω περάσει ΚΤΕΟ πρόσφατα. Για περισσότερες πληροφορίες τηλεφωνήστε - Less - "}