{"query": {"url": "https://www.car.gr/21333851-kawasaki-ninja-zx-10-r", "type": "CAR_ADDE", "trial_count": 1, "last_processed": 1553093264}, "title": "Kawasaki Ninja ZX - 10 R  '16", "ad_id": "21333851", "ad_data": {"Make/Model": "Kawasaki Ninja ZX - 10 R '16", "Classified number": "21333851", "Price": "€15.500", "Category": "Bike - Super Sport", "Registration": "2 / 2016", "Mileage": "16,240 km", "Fuel type": "Gasoline", "Cubic capacity": "998 cc", "Power": "205 bhp", "Color": "Green (Metallic)", "Kteo to": "01 / 2021", "Previous owners": "1", "Modified": "6 hours", "Times clicked": "944", "Short link": "www.car.gr/21333851", "Telephone": "+30 2105135654"}, "ad_seller": {"Dealer": "KS.TH.", "Address": "Λ.ΚΗΦΙΣΟΥ50ΑΘΗΝΑ", "City": "ΑΘΗΝΑ", "": "+30 6909128780", "Dealer page": "https//ks-thauto.car.gr/"}, "metadata": {"type": "Bikes", "brand": "Kawasaki", "model": "Ninja ZX - 10 R"}, "extras": ["ABS", "Car Exchange", "Cast wheels", "Catalyst", "Electric starter", "Engine Guards", "Exchange with Moto accepted", "Exhaust Special", "Exhibition", "Four-stroke engine", "Gelatin", "Injection", "Lights Xenon", "Service Book", "Sidestand", "TCS-TractionControl", "Trip computer"], "description": "ΕΚΔΟΣΗ WSBK REPLICA - ΣΠΑΣΤΕΣ ΜΑΝΕΤΕΣ ΚΟΝΤΕΣ LSL - ΠΟΔΙΣΤΗΡΙΑ LSL - ΜΑΝΙΤΑΡΙΑ LSL - ΚΑΙΝΟΥΡΙΑ ΕΛΑΣΤΙΚΑ - ΕΞΑΤΜΙΣΗ SC PROJECT - ΖΕΛΑΤΙΝΑ MRA DOUBLE BUBBLE - ΟΛΑ ΤΑ SERVICE ΣΤΗΝ ΑΝΤΙΠΡΟΣΩΠΕΙΑ - ΕΓΓΥΗΣΗ ΣΕ ΙΣΧΥ - Less - "}