{"query": {"url": "https://www.car.gr/8738930-bsa-a10", "type": "CAR_ADDE", "trial_count": 1, "last_processed": 1553104929}, "title": "Bsa  A10 '55", "ad_id": "8738930", "ad_data": {"Make/Model": "Bsa A10 '55", "Classified number": "8738930", "Price": "Askforprice", "Category": "Bike - Cafe Racer", "Registration": "1 / 1955", "Mileage": "146 km", "Fuel type": "Gasoline", "Cubic capacity": "650 cc", "Power": "35 bhp", "Color": "Black", "Modified": "9 hours", "Times clicked": "13866", "Short link": "www.car.gr/8738930", "Telephone": "+30 2106026200"}, "ad_seller": {"Dealer": "CLUB SPORT", "Address": "2οχλμ.Λεωφ.ΚορωπίουΒάρης&Ηφαίστου-Κορωπί", "City": "ΚΟΡΩΠΙ", "": "+30 2106026200", "Fax": "+30 2106026201", "Dealer page": "https//clubsport.car.gr/", "Website": "http//www.clubsport.gr"}, "metadata": {"type": "Bikes", "brand": "Bsa", "model": "Bsa  A10 '55 - Ask for price"}, "extras": [], "description": "***CLUB SPORT LTD - STEFANOS NERIS*** - ΑΝΕΞΑΡΤΗΤΗ ΜΟΝΑΔΑ PORSCHE - * ΠΩΛΗΣΕΙΣ - * SERVICE - * ΑΝΤΑΛΛΑΚΤΙΚΑ - * ΦΑΝΟΠΟΙΕΙΑ - * ΒΕΛΤΙΩΣΕΙΣ cargraphic - * ΑΞΕΣΟΥΑΡ PORSCHE DESIGN - PORSCHE SELECTION PORSCHE TEQUIPMENT - Less - "}