{"query": {"url": "https://www.car.gr/8795376-aprilia-classic-special-edition", "type": "CAR_ADDE", "trial_count": 1, "last_processed": 1553096925}, "title": "Aprilia  classic (special edition) '11", "ad_id": "8795376", "ad_data": {"Make/Model": "Aprilia classic (special edition) '11", "Classified number": "8795376", "Price": "€2.700", "Category": "Bike - Custom", "Registration": "9 / 2011", "Mileage": "5,179 km", "Fuel type": "Gasoline", "Cubic capacity": "125 cc", "Power": "12 bhp", "Color": "Gold (Metallic)", "Modified": "7 days", "Times clicked": "108", "Short link": "www.car.gr/8795376", "Telephone": "+30 2105617620"}, "ad_seller": {"Dealer": "MOTO NOMIKOS", "Address": "ΓΡ.ΛΑΜΠΡΑΚΗ94", "City": "ΚΟΡΥΔΑΛΛΟΣ", "": "+30 2105617732", "Fax": "+30 2105620902", "Dealer page": "https//motonomikos.car.gr/", "Website": "https//motonomikos.gr", "Open hours": "Δευτέρα - Παρασκευή 0830 - 2000\nΣάββατο 0800 - 1600\nΚυριακή κλειστά"}, "metadata": {"type": "Bikes", "brand": "Aprilia", "model": "Aprilia  classic (special edition) '11 - € 2.700 EUR (Negotiable)"}, "extras": ["Antique-Classic", "Electric starter", "Exchange with Moto accepted", "Exhibition", "Kick-Starter", "Two-stroke"], "description": "Σπανιο κομματι,το μοναδικο αυτη την στιγμη προς πωληση στην Ελλαδα.Η συγκεκριμένη μηχανή είναι σαν καινούργια αν και εμφανίζεται η αγορά της το 2001. Είναι φυλαγμένη σε εσωτερικό χώρο και είναι σε υπεράριστη κατάσταση. Έχει δίχρονο κινητήρα, χρώμια και λάστιχα καινούργια. - επισκευτητε την παρακατω σελιδα για να μαθετε και να δειτε περισσοτερες μηχανες - http://www.bikepics.com/aprilia/classic125/ - και δω τεχνικα χαρακτηριστικα - http://www.motorbikes.be/en/Aprilia_Classic_125_2001.aspx - Less - "}