{"query": {"url": "https://www.car.gr/4028980-suzuki-burgman", "type": "CAR_ADDE", "trial_count": 1, "last_processed": 1553105098}, "title": "Suzuki  Burgman '04", "ad_id": "4028980", "ad_data": {"Make/Model": "Suzuki Burgman '04", "Classified number": "4028980", "Price": "€1", "Category": "Bike - Roller/Scooter", "Registration": "1 / 2004", "Mileage": "50,000 km", "Fuel type": "Gasoline", "Cubic capacity": "650 cc", "Power": "55 bhp", "Color": "Silver", "Modified": "3 days", "Times clicked": "11378", "Short link": "www.car.gr/4028980", "Telephone": "+30 2109712304"}, "ad_seller": {"Dealer": "Συνεργείο μοτο, ηλεκτρικά, ανταλακτικά-αξεσουάρ-πωλήσεις ΜΟΤΟ καινούριων και μεταχειρισμένων-ΣΤΕΛΙΟΣ", "Address": "ΛΕΩΦ.ΔΗΜΟΚΡΑΤΙΑΣ43ΗΛΙΟΥΠΟΛΗ", "City": "ΗΛΙΟΥΠΟΛΗ", "": "+30 2109712304", "Fax": "+30 2109712304", "Dealer page": "https//stelioss.car.gr/"}, "metadata": {"type": "Bikes", "brand": "Suzuki", "model": "Suzuki  Burgman '04 - € 1 EUR"}, "extras": [], "description": "Πωλούνται τα ανταλλακτικά του. - Less - "}