{"query": {"url": "https://www.car.gr/21336176-harley-davidson-sportster-roadster-1200", "type": "CAR_ADDE", "trial_count": 1, "last_processed": 1553098796}, "title": "Harley Davidson Sportster Roadster 1200 '18", "ad_id": "21336176", "ad_data": {"Make/Model": "Harley Davidson Sportster Roadster 1200 '18", "Classified number": "21336176", "Price": "€12.500", "Category": "Bike - Cafe Racer", "Registration": "10 / 2018", "Mileage": "2,200 km", "Fuel type": "Gasoline", "Cubic capacity": "1,200 cc", "Power": "80 bhp", "Color": "Black", "Kteo to": "01 / 2021", "Modified": "12 days", "Times clicked": "747", "Short link": "www.car.gr/21336176", "Telephone": "None"}, "ad_seller": {}, "metadata": {"type": "Bikes", "brand": "Harley Davidson", "model": "Sportster Roadster"}, "extras": [], "description": ""}