{"query": {"url": "https://www.car.gr/21336194-honda-nx-250", "type": "CAR_ADDE", "trial_count": 1, "last_processed": 1553098793}, "title": "Honda NX 250  '02", "ad_id": "21336194", "ad_data": {"Make/Model": "Honda NX 250 '02", "Classified number": "21336194", "Price": "€1.200", "Category": "Bike - Street Bike", "Registration": "1 / 2002", "Mileage": "10,000 km", "Fuel type": "Gasoline", "Cubic capacity": "250 cc", "Power": "27 bhp", "Color": "Red", "Modified": "12 days", "Times clicked": "148", "Short link": "www.car.gr/21336194", "Telephone": "None"}, "ad_seller": {}, "metadata": {"type": "Bikes", "brand": "Honda", "model": "NX 250"}, "extras": [], "description": ""}