{"query": {"url": "https://www.car.gr/21336157-daytona-dy-50", "type": "CAR_ADDE", "trial_count": 1, "last_processed": 1553098799}, "title": "Daytona DY 50  '09", "ad_id": "21336157", "ad_data": {"Make/Model": "Daytona DY 50 '09", "Classified number": "21336157", "Price": "€600", "Category": "Bike - Underbone", "Registration": "1 / 2009", "Mileage": "1,000 km", "Fuel type": "Gasoline", "Cubic capacity": "110 cc", "Power": "9 bhp", "Color": "Black", "Liters/100km": "3 (Εντός)", "Modified": "12 days", "Times clicked": "47", "Short link": "www.car.gr/21336157", "Telephone": "None"}, "ad_seller": {}, "metadata": {"type": "Bikes", "brand": "Daytona", "model": "DY 50"}, "extras": [], "description": "Δινεται με 2 μοτερ περισσοτερες πληροφοριες απο τηλεφωνο - Less - "}