{"query": {"url": "https://www.car.gr/21336102-honda-crf-450", "type": "CAR_ADDE", "trial_count": 1, "last_processed": 1553098811}, "title": "Honda CRF 450  '07", "ad_id": "21336102", "ad_data": {"Make/Model": "Honda CRF 450 '07", "Classified number": "21336102", "Price": "€4.000", "Category": "Bike - Motocross", "Registration": "12 / 2007", "Mileage": "20,000 km", "Fuel type": "Gasoline", "Cubic capacity": "450 cc", "Power": "55 bhp", "Color": "Red", "Previous owners": "2", "Modified": "12 days", "Times clicked": "93", "Short link": "www.car.gr/21336102", "Telephone": "None"}, "ad_seller": {}, "metadata": {"type": "Bikes", "brand": "Honda", "model": "CRF 450"}, "extras": [], "description": "Το Μιχανακη βρίσκεται Ρουμανία , έχει πινάκια και αν υπάρχει ενδιαφέρον το φέρνω - Less - "}