{"query": {"url": "https://www.car.gr/21336109-piaggio-beverly-300i", "type": "CAR_ADDE", "trial_count": 1, "last_processed": 1553098810}, "title": "Piaggio Beverly 300i  '17", "ad_id": "21336109", "ad_data": {"Make/Model": "Piaggio Beverly 300i '17", "Classified number": "21336109", "Price": "€3.600", "Category": "Bike - Roller/Scooter", "Registration": "4 / 2017", "Mileage": "11,000 km", "Fuel type": "Gasoline", "Cubic capacity": "300 cc", "Power": "22 bhp", "Color": "White", "Kteo to": "03 / 2023", "Modified": "12 days", "Times clicked": "36", "Short link": "www.car.gr/21336109", "Telephone": "None"}, "ad_seller": {}, "metadata": {"type": "Bikes", "brand": "Piaggio", "model": "Beverly 300i"}, "extras": ["ABS", "Four-stroke engine", "Service Book"], "description": "Πωλείται λόγο αλλαγής κατηγορία! - Less - "}