{"query": {"url": "https://www.car.gr/21336160-kawasaki-zx-250r-ninja", "type": "CAR_ADDE", "trial_count": 1, "last_processed": 1553094539}, "title": "Kawasaki ZX 250R Ninja  '10", "ad_id": "21336160", "ad_data": {"Make/Model": "Kawasaki ZX 250R Ninja '10", "Classified number": "21336160", "Price": "€2.500", "Category": "Bike - Super Sport", "Registration": "7 / 2010", "Mileage": "20,000 km", "Fuel type": "Gasoline", "Cubic capacity": "250 cc", "Power": "33 bhp", "Color": "Black", "Kteo to": "10 / 2019", "Liters/100km": "4 (Εντός)/3 (Εκτός)/3.5 (Μικτό)", "Previous owners": "1", "Modified": "1 day", "Times clicked": "335", "Short link": "www.car.gr/21336160", "Telephone": "None"}, "ad_seller": {}, "metadata": {"type": "Bikes", "brand": "Kawasaki", "model": "ZX 250R Ninja"}, "extras": ["Electric starter", "Four-stroke engine", "Injection", "Lights Xenon", "Service Book"], "description": "Λεπτομέρειες από το τηλ - Το μηχανάκι είναι ΆΨΟΓΟ - Less - "}