{"query": {"url": "https://www.car.gr/21336150-honda-glx-glx-90", "type": "CAR_ADDE", "trial_count": 1, "last_processed": 1553098800}, "title": "Honda GLX Glx 90 '00", "ad_id": "21336150", "ad_data": {"Make/Model": "Honda GLX Glx 90 '00", "Classified number": "21336150", "Price": "€1.800", "Category": "Bike - Underbone", "Registration": "1 / 2000", "Fuel type": "Gasoline", "Cubic capacity": "90 cc", "Power": "10 bhp", "Color": "Bordeaux (Metallic)", "Kteo to": "10 / 2020", "Liters/100km": "3 (Εντός)", "Modified": "12 days", "Times clicked": "243", "Short link": "www.car.gr/21336150", "Telephone": "None"}, "ad_seller": {}, "metadata": {"type": "Bikes", "brand": "Honda", "model": "GLX"}, "extras": ["Καρμπυρατέρ"], "description": "Glx super cub όλο ανακατασκευή και χρώμα Μπορντώ με 22περλες όλα είναι γνήσια εκτός από τις ζάντες που είναι πιο ενισχυμένες . Τά πράγματα είναι όλα καινούργια και θέλει στρώσιμο - Less - "}