{"query": {"url": "https://www.car.gr/7112236-kawasaki-zx-12-r-ninja-zx-12-r", "type": "CAR_ADDE", "trial_count": 1, "last_processed": 1553095130}, "title": "Kawasaki ZX-12 R NINJA ZX-12 R '00", "ad_id": "7112236", "ad_data": {"Make/Model": "Kawasaki ZX-12 R NINJA ZX-12 R '00", "Classified number": "7112236", "Price": "€6.000", "Category": "Bike - Sport Touring", "Registration": "7 / 2000", "Mileage": "37,000 km", "Fuel type": "Gasoline", "Cubic capacity": "1,200 cc", "Power": "184 bhp", "Color": "Grey (Metallic)", "Modified": "2 days", "Times clicked": "8421", "Short link": "www.car.gr/7112236", "Telephone": "+30 2541024600"}, "ad_seller": {"Dealer": "ΑΜΑΝΑΤΙΑΔΗΣ Μ. -ΚΥΡΙΑΖΙΔΗΣ Ι.  Ο.Ε", "Address": "Δημοκρίτου9&Νεστου1-Ξανθη", "City": "ΞΑΝΘΗ", "": "+30 2541024600", "Fax": "+30 2541067330", "Dealer page": "https//amanatiadis.car.gr/"}, "metadata": {"type": "Bikes", "brand": "Kawasaki", "model": "ZX-12 R"}, "extras": [], "description": "Το μηχανάκι ειναι πρώτο χέρι αγορασμένο απο Ελλάδα με την πιστοποίηση του φυλασσόμενο παντα σε κλειστό χώρο δεν εχει ξανα βαφτεί ειναι με τα χρώματα εργοστασίου . - ΔΕΚΤΗ ΑΝΤΑΛΛΑΓΉ - Less - "}