{"query": {"url": "https://www.car.gr/6740822-honda-glx", "type": "CAR_ADDE", "trial_count": 1, "last_processed": 1553095507}, "title": "Honda GLX  '00", "ad_id": "6740822", "ad_data": {"Make/Model": "Honda GLX '00", "Classified number": "6740822", "Price": "€1.500", "Category": "Bike - Underbone", "Registration": "1 / 2000", "Mileage": "1,000 km", "Fuel type": "Gasoline", "Cubic capacity": "50 cc", "Power": "3 bhp", "Color": "Blue (Metallic)", "Modified": "3 days", "Times clicked": "476", "Short link": "www.car.gr/6740822", "Telephone": "None"}, "ad_seller": {}, "metadata": {"type": "Bikes", "brand": "Honda", "model": "GLX"}, "extras": [], "description": "ΑΠΟ ΑΝΑΚΑΤΑΣΚΕΥΗ ΠΟΛΛΑ ΕΧΤΡΑ ΠΛΗΡΟΦΟΡΙΕΣ ΤΗΛ - Less - "}