{"query": {"url": "https://www.car.gr/711195-kawasaki-400", "type": "CAR_ADDE", "trial_count": 1, "last_processed": 1553105142}, "title": "Kawasaki  Ζ-400 πληρες ανακατασκευασμενο '84", "ad_id": "711195", "ad_data": {"Make/Model": "Kawasaki Ζ-400 πληρες ανακατασκευασμενο '84", "Classified number": "711195", "Price": "€1", "Category": "Bike - Street Bike", "Registration": "1 / 1984", "Mileage": "14,000 km", "Fuel type": "Gasoline", "Cubic capacity": "400 cc", "Power": "40 bhp", "Transmission": "Manual", "Color": "Green (Metallic)", "Modified": "5 days", "Times clicked": "19858", "Short link": "www.car.gr/711195", "Telephone": "+30 2741072037"}, "ad_seller": {"Dealer": "Μoto Κordalis", "Address": "ΚΡΗΤΙΚΑΑΡΧΑΙΑΣΚΟΡΙΝΘΟΥ", "City": "ΚΟΡΙΝΘΟΣ", "": "+30 6973492024", "Fax": "+30 2741072037", "Dealer page": "https//moto-kordalis.car.gr/", "Website": "http//www.motokordalis.gr"}, "metadata": {"type": "Bikes", "brand": "Kawasaki", "model": "Kawasaki  Ζ-400 πληρες ανακατασκευασμενο '84 - € 1 EUR"}, "extras": [], "description": "Η μοτοσυκλετα ειναι πληρως ανακατασκευασμενη με 17\" τροχους και πισω δισκοφρενο. Ο κινητήρας κελαϊδάι !! - Less - "}