{"query": {"url": "https://www.car.gr/6752181-bsa-m20-army-moto", "type": "CAR_ADDE", "trial_count": 1, "last_processed": 1553099724}, "title": "Bsa  M20 ARMY MOTO! '39", "ad_id": "6752181", "ad_data": {"Make/Model": "Bsa M20 ARMY MOTO! '39", "Classified number": "6752181", "Price": "€3.000", "Category": "Bike - Custom", "Registration": "1 / 1939", "Mileage": "12,121 km", "Fuel type": "Gasoline", "Cubic capacity": "500 cc", "Power": "25 bhp", "Color": "Black", "Modified": "15 days", "Times clicked": "1968", "Short link": "www.car.gr/6752181", "Telephone": "+30 6944305004"}, "ad_seller": {"Dealer": "Moto Antikes&TRAKTOR", "Address": "ΜαρίνουΑντυπά16", "City": "ΑΛΕΞΑΝΔΡΕΙΑ", "": "+30 2333501276", "Fax": "+30 2333501276", "Dealer page": "https//panagiotis-antikes.car.gr/", "Website": "http//www.antikeszografos.gr"}, "metadata": {"type": "Bikes", "brand": "Bsa", "model": "Bsa  M20 ARMY MOTO! '39 - € 3.000 EUR"}, "extras": [], "description": "Θέλει αναπαλαίωση με πινακίδες πληρωμένα τελη. - Less - "}