{"query": {"url": "https://www.car.gr/7116356-kymco-xciting-300-r", "type": "CAR_ADDE", "trial_count": 1, "last_processed": 1553100389}, "title": "Kymco Xciting 300 R  '09", "ad_id": "7116356", "ad_data": {"Make/Model": "Kymco Xciting 300 R '09", "Classified number": "7116356", "Price": "€2.700", "Category": "Bike - Roller/Scooter", "Registration": "1 / 2009", "Mileage": "26,000 km", "Fuel type": "Gasoline", "Cubic capacity": "270 cc", "Power": "24 bhp", "Color": "White (Metallic)", "Previous owners": "1", "Modified": "17 days", "Times clicked": "3062", "Short link": "www.car.gr/7116356", "Telephone": "None"}, "ad_seller": {"Name": "HERACLESPAPACOSTAS", "Address": "ΛΕΥΚΑΔΑP.ΛΕΥΚΑΔΑΣ"}, "metadata": {"type": "Bikes", "brand": "Kymco", "model": "Xciting 300 R"}, "extras": ["Automatic", "Electric starter", "Four-stroke engine", "Gelatin", "Top Box-Μπαγκαζιέρα"], "description": "GIVI σχάρα μπαγκαζιέρας για KYMCO Xciting 300Ri, 100 € (Περιλαμβάνονται Ταχυδρομικά Έξοδα ΕΛΤΑ - ΚΤΕΛ) - Σχάρα μπαγκαζιέρας για KYMCO Xciting 300Ri, 60 € (Περιλαμβάνονται Ταχυδρομικά Έξοδα ΕΛΤΑ - ΚΤΕΛ) - Ανεμοθώρακας Διάφανη (Ζελατίνα) για KYMCO Xciting 300Ri, 110 € (Περιλαμβάνονται Ταχυδρομικά Έξοδα ΕΛΤΑ - ΚΤΕΛ) - KYMCO Xciting 300Ri Κεντρική κλειδαριά με 2 κλειδιά, 60 € (Περιλαμβάνονται Ταχυδρομικά Έξοδα ΕΛΤΑ - ΚΤΕΛ) - KYMCO Xciting 300Ri Μαγνητική κλειδαριά με 2 κλειδιά, 30 € (Περιλαμβάνονται Ταχυδρομικά Έξοδα ΕΛΤΑ - ΚΤΕΛ) - KYMCO Xciting 300Ri ΠΡΟΣΤ/ΚΑ ΛΑΙΜΟΥ ΕΞΑΤΜΙΣΕΩΣ, 50 € (Περιλαμβάνονται Ταχυδρομικά Έξοδα ΕΛΤΑ - ΚΤΕΛ) - KYMCO Xciting 300Ri ΠΡΟΣΤ/ΚΑ ΕΞΑΤΜΙΣΕΩΣ, 50 € (Περιλαμβάνονται Ταχυδρομικά Έξοδα ΕΛΤΑ - ΚΤΕΛ) - KYMCO Xciting 300Ri ΔΑΠΕΔΑ ΕΜΠΡΟΣΘΙΑ ΔΕΞΙΑ ΜΑΥΡΑ, 50 € (Περιλαμβάνονται Ταχυδρομικά Έξοδα ΕΛΤΑ - ΚΤΕΛ) - KYMCO Xciting 300Ri ΚΑΠΑΚΙΑ ΠΛΑΙΝΑ ΑΡΙΣΤΕΡΑ ΛΕΥΚΑ, 90 € (Περιλαμβάνονται Ταχυδρομικά Έξοδα ΕΛΤΑ - ΚΤΕΛ) - KYMCO Xciting 300Ri ΔΑΠΕΔΑ ΚΕΝΤΡΙΚΑ ΚΑΤΩ ΜΑΥΡA, 30 € (Περιλαμβάνονται Ταχυδρομικά Έξοδα ΕΛΤΑ - ΚΤΕΛ) - KYMCO Xciting 300Ri ΠΟΔΙΕΣ ΕΣΩΤΕΡΙΚΕΣ ΜΑΥΡΕΣ, 40 € (Περιλαμβάνονται Ταχυδρομικά Έξοδα ΕΛΤΑ - ΚΤΕΛ) - KYMCO Xciting 300Ri ΦΛΑΣ ΕΜΠΡ. ΔΕΞΙΑ (ΚΟΜΠΛΕ), 30 € (Περιλαμβάνονται Ταχυδρομικά Έξοδα ΕΛΤΑ - ΚΤΕΛ) - KYMCO Xciting 300Ri ΦΛΑΣ ΕΜΠΡ. ΑΡΙΣΤ.(ΚΟΜΠΛΕ), 30 € (Περιλαμβάνονται Ταχυδρομικά Έξοδα ΕΛΤΑ - ΚΤΕΛ) - KYMCO Xciting 300Ri ΕΜΠΡΟΣΘΙΟΣ ΦΑΝΟΣ, 120 € (Περιλαμβάνονται Ταχυδρομικά Έξοδα ΕΛΤΑ - ΚΤΕΛ) - KYMCO Xciting 300Ri Ρουλεμάν Τιμονιού Επάνω-Κάτω, 120 € (Περιλαμβάνονται Ταχυδρομικά Έξοδα ΕΛΤΑ - ΚΤΕΛ) - Επίσης: Οικία μεζονέτα, 3 επιπέδων, ισόγειο, όροφος και σοφίτα 92 m2, οικόπεδο 38 m2, 3 υπνοδωμάτια, 3 wc, κεντρική θέρμανση, κατασκευή από μπετό, χωρίς κήπο η γκαράζ, έτος κατασκευής 1984, εντός πόλεως Λευκάδας, 120.000 €, Λευκάδα, - Έκταση 6400 m2, 2 Km από διασταύρωση Πόρτο-Κατσίκι, 100.000 €, Λευκάδα, - Less - "}