{"query": {"url": "https://www.car.gr/5458014-yamaha-yfm-700r-raptor-monster-edition", "type": "CAR_ADDE", "trial_count": 1, "last_processed": 1553096638}, "title": "Yamaha YFM 700R Raptor Monster edition '09", "ad_id": "5458014", "ad_data": {"Make/Model": "Yamaha YFM 700R Raptor Monster edition '09", "Classified number": "5458014", "Price": "€5.000", "Category": "Bike - Four Wheel-ATV", "Registration": "1 / 2009", "Mileage": "1,000 km", "Fuel type": "Gasoline", "Cubic capacity": "700 cc", "Power": "70 bhp", "Color": "Blue", "Modified": "6 days", "Times clicked": "3190", "Short link": "www.car.gr/5458014", "Telephone": "None"}, "ad_seller": {}, "metadata": {"type": "Bikes", "brand": "Yamaha", "model": "YFM 700R Raptor"}, "extras": ["Bars", "Car Exchange", "Catalyst", "Electric starter", "Exchange with Moto accepted", "Four-stroke engine", "Injection", "Rear", "Service Book"], "description": "Η μηχανή ειναι σαν καινούργια το μοτέρ δεν ανοίχτηκε ποτε ,το μόνο που θέλει ειναι λάστιχα .δεν την ζόρισα ποτε την μηχανή και ειναι πολύ δυνατή.εχει 117 ώρες λειτουργίας.απο extra έχει:Αποστάτες τροχών εμπρός και πίσω αλουμινιου ,μπάρα πίσω,nelf bars της gytr ,ωρομετρο,φίλτρο αέρος uni,ρουλεμαν άξονα τις pivot ,Μπούσες εμπρός ψαλιδιων τις American star. - •ανταλαγη με μοτο η με atv-utv 4χ4 για αγροτική χρήση • - smart roadster• - δεν εχει πινακιδα..υπαρχουν ολα τα χαρτια της - Less - "}