{"query": {"url": "https://www.car.gr/3390348-yamaha-majesty-125", "type": "CAR_ADDE", "trial_count": 1, "last_processed": 1553097113}, "title": "Yamaha Majesty 125  '99", "ad_id": "3390348", "ad_data": {"Make/Model": "Yamaha Majesty 125 '99", "Classified number": "3390348", "Price": "€180", "Category": "Bike - Roller/Scooter", "Registration": "1 / 1999", "Mileage": "19,999 km", "Fuel type": "Gasoline", "Cubic capacity": "124 cc", "Power": "8 bhp", "Transmission": "Automatic", "Color": "Dark Red", "Modified": "7 days", "Times clicked": "21905", "Short link": "www.car.gr/3390348", "Telephone": "+30 2102628712"}, "ad_seller": {"Dealer": "MOTODEALS", "Address": "XRISALIDOS4", "City": "ΝΕΑΧΑΛΚΗΔΟΝΑ", "": "+30 2102628712", "Fax": "+30 2102628712", "Dealer page": "https//motodeals.car.gr/"}, "metadata": {"type": "Bikes", "brand": "Yamaha", "model": "Majesty 125"}, "extras": [], "description": "ολοκληρα 2 τεμαχια με ελλειψεις ΜΟΝΟ αντ\\κα μεμονομενα - Less - "}