{"query": {"url": "https://www.car.gr/5056350-honda-cbr-1000rr-persol", "type": "CAR_ADDE", "trial_count": 1, "last_processed": 1553095929}, "title": "Honda CBR 1000RR persol '05", "ad_id": "5056350", "ad_data": {"Make/Model": "Honda CBR 1000RR persol '05", "Classified number": "5056350", "Price": "€5.000", "Category": "Bike - Super Sport", "Registration": "5 / 2005", "Mileage": "12,000 km", "Fuel type": "Gasoline", "Cubic capacity": "998 cc", "Power": "180 bhp", "Color": "Other", "Kteo to": "04 / 2015", "Modified": "4 days", "Times clicked": "11212", "Short link": "www.car.gr/5056350", "Telephone": "+30 2310680681"}, "ad_seller": {"Dealer": "Χ. I Ρωμανιδης", "Address": "ΤΘ40333ΑΓΡΟΤΙΚΙΠΕΡΙΟΧΗΕΥΟΣΜΟΥ", "City": "ΣΤΑΥΡΟΥΠΟΛΗ", "": "+30 6977621294", "Fax": "+30 2310688465", "Dealer page": "https//romanidis.car.gr/"}, "metadata": {"type": "Bikes", "brand": "Honda", "model": "CBR 1000RR"}, "extras": [], "description": "είναι το προσωπικο μου μηχανάκι το χρησιμοποιο σπάνια λογο υπαρξης αλλων τριων - αριστη κατασταση - Less - "}