{"query": {"url": "https://www.car.gr/7157581-ducati-750-ss-f-f", "type": "CAR_ADDE", "trial_count": 1, "last_processed": 1553105022}, "title": "Ducati 750 SS F.F. ΑΝΤΑΛΛΑΚΤΙΚΑ '02", "ad_id": "7157581", "ad_data": {"Make/Model": "Ducati 750 SS F.F. ΑΝΤΑΛΛΑΚΤΙΚΑ '02", "Classified number": "7157581", "Price": "Askforprice", "Category": "Bike - Sport Touring", "Registration": "1 / 2002", "Mileage": "51,000 km", "Fuel type": "Gasoline", "Cubic capacity": "750 cc", "Power": "3 bhp", "Color": "Black", "Modified": "21 hours", "Times clicked": "4531", "Short link": "www.car.gr/7157581", "Telephone": "+30 2106666622"}, "ad_seller": {"Dealer": "MOTOPARTS 22", "Address": "ΑγίουΑθανασίου13", "City": "ΠΑΛΛΗΝΗ", "": "+30 2105225601", "Fax": "+30 2106001817", "Dealer page": "https//motoparts22.car.gr/", "Website": "http//www.motoparts22.com", "Open hours": "Δευτέρα-Παρασκευή 0830-1700\nΣ/Κ κλειστά"}, "metadata": {"type": "Bikes", "brand": "Ducati", "model": "750 SS F.F."}, "extras": [], "description": "Πωλούνται ΑΝΤΑΛΛΑΚΤΙΚΑ από την εικονιζόμενη μοτοσυκλέτα - Less - "}