{"query": {"url": "https://www.car.gr/21506111-honda-cbr-600-f", "type": "CAR_ADDE", "trial_count": 1, "last_processed": 1553094854}, "title": "Honda CBR 600 F  '00", "ad_id": "21506111", "ad_data": {"Make/Model": "Honda CBR 600 F '00", "Classified number": "21506111", "Price": "€2.200", "Category": "Bike - Street Bike", "Registration": "1 / 2000", "Mileage": "140,000 km", "Fuel type": "Gasoline", "Cubic capacity": "600 cc", "Power": "120 bhp", "Color": "Black (Metallic)", "Modified": "1 day", "Times clicked": "34", "Short link": "www.car.gr/21506111", "Telephone": "None"}, "ad_seller": {}, "metadata": {"type": "Bikes", "brand": "Honda", "model": "CBR 600 F"}, "extras": [], "description": ""}