{"query": {"url": "https://www.car.gr/2343281-ymc-mc-v3", "type": "CAR_ADDE", "trial_count": 1, "last_processed": 1553097602}, "title": "Ymc  ΥMC V3  '12", "ad_id": "2343281", "ad_data": {"Make/Model": "Ymc ΥMC V3  '12", "Classified number": "2343281", "Price": "€2.500", "Category": "Bike - Street Bike", "Registration": "1 / 2012", "Fuel type": "Gasoline", "Cubic capacity": "250 cc", "Power": "15 bhp", "Transmission": "Automatic", "Color": "Chromium", "Modified": "9 days", "Times clicked": "13998", "Short link": "www.car.gr/2343281", "Telephone": "+30 2104122075"}, "ad_seller": {"Dealer": "Tsivarakis Moto", "Address": "Γρ.Λαμπράκη10-12", "City": "ΠΕΙΡΑΙΑΣ", "": "+30 2104130039", "Fax": "+30 2104130039", "Dealer page": "https//tsivarakismoto.car.gr/", "Open hours": "Ωράριο Καταστήματος\nΔευτέρα – Παρασκευή 1000-2000\nΣάββατο 1000-1700"}, "metadata": {"type": "Bikes", "brand": "Ymc", "model": "Ymc  ΥMC V3  '12 - € 2.500 EUR"}, "extras": [], "description": " 6 ΜΗΝΕΣ ΓΡΑΠΤΗ ΕΓΓΥΗΣΗ - ΩΡΕΣ ΛΕΙΤΟΥΡΓΙΑΣ ΚΑΤΑΣΤΗΜΑΤΟΣ - ΔΕΥΤΕΡΑ-ΠΑΡΑΣΚΕΥΗ 10:00-20:00 - ΣΑΒΒΑΤΟ 10:00-17:00 - ΣΥΝΕΡΓΕΙΟ:ΔΕΥΤΕΡΑ-ΠΑΡΑΣΚΕΥΗ - 10:00-18:00 - Less - "}