{"query": {"url": "https://www.car.gr/21331739-aprilia-sr-50-r", "type": "CAR_ADDE", "trial_count": 1, "last_processed": 1553098952}, "title": "Aprilia SR 50 R  '05", "ad_id": "21331739", "ad_data": {"Make/Model": "Aprilia SR 50 R '05", "Classified number": "21331739", "Price": "€600", "Category": "Bike - Roller/Scooter", "Registration": "1 / 2005", "Mileage": "20,000 km", "Fuel type": "Gasoline", "Cubic capacity": "80 cc", "Power": "9 bhp", "Color": "Orange (Metallic)", "Modified": "12 days", "Times clicked": "120", "Short link": "www.car.gr/21331739", "Telephone": "None"}, "ad_seller": {}, "metadata": {"type": "Bikes", "brand": "Aprilia", "model": "SR 50 R"}, "extras": ["Automatic", "Greek Dealership", "Two-stroke"], "description": ""}