{"query": {"url": "https://www.car.gr/2325876-lifan-sport-125-lifan-125cc-eukairia", "type": "CAR_ADDE", "trial_count": 1, "last_processed": 1553105268}, "title": "Lifan Sport 125 LIFAN 125CC EUKAIRIA     '12", "ad_id": "2325876", "ad_data": {"Make/Model": "Lifan Sport 125 LIFAN 125CC EUKAIRIA     '12", "Classified number": "2325876", "Price": "€11", "Category": "Bike - Underbone", "Registration": "1 / 2012", "Mileage": "1,100 km", "Fuel type": "Gasoline", "Cubic capacity": "125 cc", "Power": "10 bhp", "Transmission": "Manual", "Color": "Red (Metallic)", "Modified": "35 days", "Times clicked": "13317", "Short link": "www.car.gr/2325876", "Telephone": "+30 6945279646"}, "ad_seller": {"Dealer": "ΜΟΤΟΣΥΛΛΟΓΗ", "Address": "59100", "City": "ΒΕΡΟΙΑ", "": "+30 6945279646", "Fax": "+30 2331022881", "Dealer page": "https//motosillogi.car.gr/", "Website": "https//www.facebook.com/motosyllogi76"}, "metadata": {"type": "Bikes", "brand": "Lifan", "model": "Sport 125"}, "extras": ["Car Exchange", "Catalyst", "Centerstand", "Electric starter", "Exchange with Moto accepted", "Exhaust Special", "Exhibition", "Four-stroke engine", "Gelatin", "Greek Dealership", "Kick-Starter", "Price without VAT", "Service Book", "Sidestand"], "description": "ΣΕ ΑΡΙΣΤΗ ΚΑΤΑΣΤΑΣΗ ΔΕΚΤΗ ΑΝΤΑΛΛΑΓΗ ΑΠΟΣΤΟΛΗ ΣΕ ΟΛΗ ΤΗΝ ΕΛΛΑΔΑ...ΕΧΕΙ 1100 ΧΙΛΙΟΜΕΤΡΑ ΕΥΚΕΡΙΑ ΕΙΝΑΙ ΜΕ ΣΥΜΠΛΕΚΤΗ ΥΔΡΟΨΥΚΤΟ / ΑΝΤΑΛΑΓΗ ΜΕ ΑΓΡΟΤΙΚΟ ΚΑΡΟΤΣΑ ΚΑΙ ΤΡΑΚΤΕΡ - Less - "}