{"query": {"url": "https://www.car.gr/4071862-honda-crm-125", "type": "CAR_ADDE", "trial_count": 1, "last_processed": 1553104703}, "title": "Honda  CRM 125 '98", "ad_id": "4071862", "ad_data": {"Make/Model": "Honda CRM 125 '98", "Classified number": "4071862", "Price": "€1.300", "Category": "Bike - Roller/Scooter", "Registration": "1 / 1998", "Fuel type": "Gasoline", "Cubic capacity": "125 cc", "Power": "15 bhp", "Color": "White", "Modified": "over 2 months", "Times clicked": "11417", "Short link": "www.car.gr/4071862", "Telephone": "+30 2104122075"}, "ad_seller": {"Dealer": "Tsivarakis Moto", "Address": "Γρ.Λαμπράκη10-12", "City": "ΠΕΙΡΑΙΑΣ", "": "+30 2104130039", "Fax": "+30 2104130039", "Dealer page": "https//tsivarakismoto.car.gr/", "Open hours": "Ωράριο Καταστήματος\nΔευτέρα – Παρασκευή 1000-2000\nΣάββατο 1000-1700"}, "metadata": {"type": "Bikes", "brand": "Honda", "model": "Honda  CRM 125 '98 - € 1.300 EUR"}, "extras": ["Exchange with Moto accepted"], "description": "Με διακανονισμό η ανταλλαγη τιμή €1500 - 6 ΜΗΝΕΣ ΓΡΑΠΤΗ ΕΓΓΥΗΣΗ - Ωράριο Καταστήματος - Δευτέρα – Παρασκευή 10:00-20:00 - Σάββατο 10:00-17:00 - Ωράριο Συνεργείου - Δευτέρα – Παρασκευή 10:00-18:00 - Less - "}