{"query": {"url": "https://www.car.gr/21334443-kawasaki-klx-110", "type": "CAR_ADDE", "trial_count": 1, "last_processed": 1553098905}, "title": "Kawasaki KLX 110 κλχ '08", "ad_id": "21334443", "ad_data": {"Make/Model": "Kawasaki KLX 110 κλχ '08", "Classified number": "21334443", "Price": "€800", "Category": "Bike - Motocross", "Registration": "1 / 2008", "Mileage": "100 km", "Fuel type": "Gasoline", "Cubic capacity": "110 cc", "Power": "8 bhp", "Color": "Green", "Kteo to": "01 / 2025", "Liters/100km": "2 (Εντός)/2 (Εκτός)/2 (Μικτό)", "Previous owners": "1", "Modified": "12 days", "Times clicked": "432", "Short link": "www.car.gr/21334443", "Telephone": "None"}, "ad_seller": {}, "metadata": {"type": "Bikes", "brand": "Kawasaki", "model": "KLX 110"}, "extras": ["Kick-Starter", "Sidestand", "Skid Plate"], "description": "πολυ καλη κατασταση - Less - "}