{"query": {"url": "https://www.car.gr/21334483-sym-gts-300i-evo", "type": "CAR_ADDE", "trial_count": 1, "last_processed": 1553097349}, "title": "Sym GTS 300i EVO  '11", "ad_id": "21334483", "ad_data": {"Make/Model": "Sym GTS 300i EVO '11", "Classified number": "21334483", "Price": "€1.900", "Category": "Bike - Roller/Scooter", "Registration": "6 / 2011", "Mileage": "61,000 km", "Fuel type": "Gasoline", "Cubic capacity": "300 cc", "Power": "30 bhp", "Color": "Black (Metallic)", "Kteo to": "12 / 2019", "Modified": "8 days", "Times clicked": "223", "Short link": "www.car.gr/21334483", "Telephone": "None"}, "ad_seller": {}, "metadata": {"type": "Bikes", "brand": "Sym", "model": "GTS 300i EVO"}, "extras": ["Alarm", "Centerstand", "Electric starter", "Gelatin", "Injection"], "description": "Το μηχανάκι είναι σε άριστη κατάσταση ατρακαριστο και μόλις έκανε το μεγάλο σέρβις - Less - "}