{"query": {"url": "https://www.car.gr/21334469-piaggio-x-8", "type": "CAR_ADDE", "trial_count": 1, "last_processed": 1553094488}, "title": "Piaggio X 8  '06", "ad_id": "21334469", "ad_data": {"Make/Model": "Piaggio X 8 '06", "Classified number": "21334469", "Price": "€1.150", "Category": "Bike - Roller/Scooter", "Registration": "5 / 2006", "Mileage": "63,800 km", "Fuel type": "Gasoline", "Cubic capacity": "150 cc", "Power": "15 bhp", "Color": "Silver (Metallic)", "Kteo to": "03 / 2020", "Previous owners": "1", "Modified": "1 day", "Times clicked": "109", "Short link": "www.car.gr/21334469", "Telephone": "None"}, "ad_seller": {}, "metadata": {"type": "Bikes", "brand": "Piaggio", "model": "X 8"}, "extras": [], "description": "Α ΧΕΡΙ - ΛΑΣΤΙΧΑ 2017 ΜΕ 5.000 ΧΙΛΙΟΜΕΤΡΑ - ΚΑΙΝΟΥΡΙΑ ΜΠΑΤΑΡΙΑ - ΜΕΓΑΛΟ SERVICE (ΟΛΑ ΣΤΗΝ PIAGGIO) - ΑΤΡΑΚΑΡΙΣΤΟ - Less - "}