{"query": {"url": "https://www.car.gr/21334481-piaggio-beverly-250", "type": "CAR_ADDE", "trial_count": 1, "last_processed": 1553095112}, "title": "Piaggio Beverly 250  '06", "ad_id": "21334481", "ad_data": {"Make/Model": "Piaggio Beverly 250 '06", "Classified number": "21334481", "Price": "€1.300", "Category": "Bike - Roller/Scooter", "Registration": "1 / 2006", "Mileage": "62,000 km", "Fuel type": "Gasoline", "Cubic capacity": "250 cc", "Power": "27 bhp", "Color": "Black (Metallic)", "Modified": "2 days", "Times clicked": "716", "Short link": "www.car.gr/21334481", "Telephone": "None"}, "ad_seller": {}, "metadata": {"type": "Bikes", "brand": "Piaggio", "model": "Beverly 250"}, "extras": ["Alarm", "Top Box-Μπαγκαζιέρα"], "description": "Άριστη κατάσταση. Συναγερμός Piaggio. - Μπαγκαζιέρα. Έχει κάνει μεγάλο service - Less - "}