{"query": {"url": "https://www.car.gr/21334448-kymco-xciting-300-r-xciting-300-r", "type": "CAR_ADDE", "trial_count": 1, "last_processed": 1553093536}, "title": "Kymco Xciting 300 R XCITING 300 R '14", "ad_id": "21334448", "ad_data": {"Make/Model": "Kymco Xciting 300 R XCITING 300 R '14", "Classified number": "21334448", "Price": "€2.800", "Category": "Bike - Roller/Scooter", "Registration": "6 / 2014", "Mileage": "14,801 km", "Fuel type": "Gasoline", "Cubic capacity": "300 cc", "Power": "25 bhp", "Color": "White (Metallic)", "Kteo to": "01 / 2021", "Modified": "7 hours", "Times clicked": "5", "Short link": "www.car.gr/21334448", "Telephone": "None"}, "ad_seller": {}, "metadata": {"type": "Bikes", "brand": "Kymco", "model": "Xciting 300 R"}, "extras": ["Alarm", "Automatic", "Cargo Rack", "Centerstand", "Electric starter", "Gelatin", "Greek Dealership", "Injection", "Led lights", "Lights Xenon", "Service Book", "Sidestand", "Top Box-Μπαγκαζιέρα"], "description": "-Το μηχανάκι βρίσκεται σε άριστη κατάσταση.Είναι πρώτο χέρι φυλασσόμενο σε γκαράζ.έχει συναγερμό με ειδοποίηση-προειδοποίηση έχει σύστημα φρένων cbs και φοράει καινούρια λάστιχα michelin που περάστηκαν τον περασμένο Μάιο με απόδειξη αγοράς. Έχει λευκή μπαγκαζιέρα και πλάγιο σταντ.Πολύ οικονομικό και άνετο.ΠΩΛΗΣΗ ΛΟΓΩ ΑΓΟΡΑΣ ΑΥΤΟΚΙΝΗΤΟΥ - Less - "}