{"query": {"url": "https://www.car.gr/2357251-suzuki-tl-tl-1000r", "type": "CAR_ADDE", "trial_count": 1, "last_processed": 1553100376}, "title": "Suzuki TL TL 1000R '02", "ad_id": "2357251", "ad_data": {"Make/Model": "Suzuki TL TL 1000R '02", "Classified number": "2357251", "Price": "€3.100", "Category": "Bike - Super Sport", "Registration": "8 / 2002", "Mileage": "59,000 km", "Fuel type": "Gasoline", "Cubic capacity": "1,000 cc", "Power": "140 bhp", "Transmission": "Manual", "Color": "Black", "Modified": "17 days", "Times clicked": "19365", "Short link": "www.car.gr/2357251", "Telephone": "+30 2821099405"}, "ad_seller": {"Dealer": "CHANIA MOTORCYCLES", "Address": "ΝΙΚΟΛΑΟΥΠΛΑΣΤΗΡΑ4", "City": "ΧΑΝΙΑ", "": "+30 6980127373", "Fax": "+30 6996312247", "Dealer page": "https//stavroulakis-cars.car.gr/"}, "metadata": {"type": "Bikes", "brand": "Suzuki", "model": "TL"}, "extras": ["Electric starter", "Exchange with Moto accepted", "Exhaust Special", "Four-stroke engine"], "description": "ΤΕΛΕΙΑ ΚΑΤΑΣΤΑΣΗ ΟΛΟΚΑΙΝΟΥΡΓΙΑ ΛΑΣΤΙΧΑ ΑΠΟ ΓΕΝΙΚΟ SERVICE ΚΑΙΝΟΥΡΓΙΑ ΑΛΥΣΙΔΟΓΡΑΝΑΖΑ ΣΩΛΗΝΑΚΙΑ ΥΨΗΛΗΣ - Less - "}