{"query": {"url": "https://www.car.gr/7108811-honda-vfr-800", "type": "CAR_ADDE", "trial_count": 1, "last_processed": 1553104999}, "title": "Honda VFR 800 ΑΝΤΑΛΛΑΚΤΙΚΑ '00", "ad_id": "7108811", "ad_data": {"Make/Model": "Honda VFR 800 ΑΝΤΑΛΛΑΚΤΙΚΑ '00", "Classified number": "7108811", "Price": "Askforprice", "Category": "Bike - Super Sport", "Registration": "1 / 2000", "Fuel type": "Gasoline", "Cubic capacity": "800 cc", "Power": "3 bhp", "Color": "Black", "Modified": "21 hours", "Times clicked": "3263", "Short link": "www.car.gr/7108811", "Telephone": "+30 2106666622"}, "ad_seller": {"Dealer": "MOTOPARTS 22", "Address": "ΑγίουΑθανασίου13", "City": "ΠΑΛΛΗΝΗ", "": "+30 2105225601", "Fax": "+30 2106001817", "Dealer page": "https//motoparts22.car.gr/", "Website": "http//www.motoparts22.com", "Open hours": "Δευτέρα-Παρασκευή 0830-1700\nΣ/Κ κλειστά"}, "metadata": {"type": "Bikes", "brand": "Honda", "model": "VFR"}, "extras": [], "description": "ΔΕΝ πωλείται ολόκληρη! - Πωλούνται μόνο ΑΝΤΑΛΛΑΚΤΙΚΑ από την εικονιζόμενη μοτοσυκλέτα. - Less - "}