{"query": {"url": "https://www.car.gr/7169014-yamaha-xt-660x", "type": "CAR_ADDE", "trial_count": 1, "last_processed": 1553096829}, "title": "Yamaha XT 660X  '05", "ad_id": "7169014", "ad_data": {"Make/Model": "Yamaha XT 660X '05", "Classified number": "7169014", "Price": "€4.600", "Category": "Bike - Super Motard", "Registration": "12 / 2005", "Mileage": "17,200 km", "Fuel type": "Gasoline", "Cubic capacity": "660 cc", "Power": "50 bhp", "Color": "Red", "Kteo to": "09 / 2017", "Modified": "7 days", "Times clicked": "8476", "Short link": "www.car.gr/7169014", "Telephone": "+30 2224024044"}, "ad_seller": {"Dealer": "ΚEKIS-CARS-TIRES-ANTALAKTIKA", "Address": "KARYSTOSEYBOIAS", "City": "ΚΑΡΥΣΤΟΣ", "": "+30 6937718866", "Fax": "+30 2224024044", "Dealer page": "https//kekis-cars-tires.car.gr/"}, "metadata": {"type": "Bikes", "brand": "Yamaha", "model": "XT 660X"}, "extras": ["ABS", "Alarm", "Electric starter", "Exhaust Special", "Four-stroke engine", "Gelatin", "Service Book", "Top Box-Μπαγκαζιέρα"], "description": "TA ΛΟΓΙΑ ΕΙΝΑΙ ΠΕΡΙΤΑ ΑΠΛΑ ΕΙΝΑΙ ΚΑΙΝΟΥΡΓΕΙΑ ΤΑ ΧΙΛΙΟΜΕΤΡΑ ΠΡΑΓΜΑΤΙΚΑ ΔΕΚΤΟΣ ΚΑΘΕ ΕΛΕΓΧΟΣ ΚΑΙΝΟΥΡΓΙΑ ΛΑΣΤΙΧΑ MICHELIN ΧΟΥΦΤΕΣ ΠΟΔΙΑ ΑΛΟYΜΙΝΙΟΥ CRD PIPERCROSS ΦΙΛΤΡΟ ΕΞΑΤΜΙΣΕΙΣ REMUS CRANDPRIX CARBON ΑΞΙΑΣ ΧΙΛΙΑ ΕΥΡΩ ΦΥΛΑΣΕΤΕ ΣΕ ΓΚΑΡΑΖ ΣΥΝΟΛΙΚΑ ΔΕΝ ΤΗΝ ΕΧΕΙ ΔΕΙ Ο ΗΛΙΟΣ ΠΑΝΩ ΑΠΟ ΜΙΑ ΕΒΔΟΜΑΔΑ ΠΡΑΓΜΑΤΙΚΑ ΚΑΙΝΟΥΡΓΕΙΑ... - Less - "}