{"query": {"url": "https://www.car.gr/6793158-honda-cbr-1100-xx-super-blackbird", "type": "CAR_ADDE", "trial_count": 1, "last_processed": 1553096731}, "title": "Honda CBR 1100 XX Super Blackbird  '01", "ad_id": "6793158", "ad_data": {"Make/Model": "Honda CBR 1100 XX Super Blackbird '01", "Classified number": "6793158", "Price": "€4.300", "Category": "Bike - Sport Touring", "Registration": "4 / 2001", "Mileage": "16,000 km", "Fuel type": "Gasoline", "Cubic capacity": "1,100 cc", "Power": "180 bhp", "Color": "Bordeaux (Metallic)", "Kteo to": "01 / 2020", "Modified": "6 days", "Times clicked": "2928", "Short link": "www.car.gr/6793158", "Telephone": "None"}, "ad_seller": {}, "metadata": {"type": "Bikes", "brand": "Honda", "model": "CBR 1100 XX Super Blackbird"}, "extras": ["Alarm", "Bars", "Centerstand", "Gelatin", "Sidestand", "Top Box-Μπαγκαζιέρα"], "description": "σε πολυ καλη κατασταση. δεκτος καθε ελεγχος. Πληρωμένα όλα καινουρια λαστιχα - Less - "}