{"query": {"url": "https://www.car.gr/4009691-hercules", "type": "CAR_ADDE", "trial_count": 1, "last_processed": 1553095930}, "title": "Hercules  ΑΝΤΑΛΛΑΚΤΙΚΑ '02", "ad_id": "4009691", "ad_data": {"Make/Model": "Hercules ΑΝΤΑΛΛΑΚΤΙΚΑ '02", "Classified number": "4009691", "Price": "€120", "Category": "Bike - Roller/Scooter", "Registration": "5 / 2002", "Mileage": "14,000 km", "Fuel type": "Gasoline", "Cubic capacity": "50 cc", "Power": "5 bhp", "Color": "Red", "Modified": "4 days", "Times clicked": "6448", "Short link": "www.car.gr/4009691", "Telephone": "+30 2521033441"}, "ad_seller": {"Dealer": "ΣΟΠΕΛΙΔΗΣ ΧΡ.ΣΠΥΡΟΣ αποκλειστικος αντιπροσωπος KAWASAKI-PEUGEOT-DAELIM-LML-KTM-EVO MOTO-KYMCO-SHINERAY-AEON", "Address": "1ηςΙουλίου76", "City": "ΔΡΑΜΑ", "": "+30 2521033441", "Fax": "+30 2521033441", "Dealer page": "https//moto4u.car.gr/", "Website": "http//"}, "metadata": {"type": "Bikes", "brand": "Hercules", "model": "Hercules  ΑΝΤΑΛΛΑΚΤΙΚΑ '02 - € 120 EUR"}, "extras": [], "description": "Ειναι μονο για ανταλλακτικα,λειπει ο κινητηρας του και ο πισω τροχος.Ολο το υπολοιπο σωμα υπαρχει.ΜΟΝΟ ΓΙΑ ΑΝΤΑΛΛΑΚΤΙΚΑ - Less - "}