{"query": {"url": "https://www.car.gr/5034713-zundapp-ks50", "type": "CAR_ADDE", "trial_count": 1, "last_processed": 1553093318}, "title": "Zundapp  ks50  '80", "ad_id": "5034713", "ad_data": {"Make/Model": "Zundapp ks50  '80", "Classified number": "5034713", "Price": "€3.500", "Category": "Bike - On/Off", "Registration": "1 / 1980", "Mileage": "10,000 km", "Fuel type": "Gasoline", "Cubic capacity": "50 cc", "Power": "8 bhp", "Color": "Silver (Metallic)", "Liters/100km": "7 (Εντός)/7 (Εκτός)/7 (Μικτό)", "Modified": "6 hours", "Times clicked": "14112", "Short link": "www.car.gr/5034713", "Telephone": "+30 2104954210"}, "ad_seller": {"Dealer": "MOTO MERKOURIS", "Address": "KARDHMHTRIOU", "City": "ΚΟΡΥΔΑΛΛΟΣ", "": "+30 6977457015", "Fax": "+30 2104954210", "Dealer page": "https//merkouris.car.gr/"}, "metadata": {"type": "Bikes", "brand": "Zundapp", "model": "Zundapp  ks50  '80 - € 3.500 EUR"}, "extras": [], "description": ""}