{"query": {"url": "https://www.car.gr/8780393-piaggio-x9-180", "type": "CAR_ADDE", "trial_count": 1, "last_processed": 1553097714}, "title": "Piaggio X9 180  '02", "ad_id": "8780393", "ad_data": {"Make/Model": "Piaggio X9 180 '02", "Classified number": "8780393", "Price": "€1.200", "Category": "Bike - Roller/Scooter", "Registration": "1 / 2002", "Mileage": "38,000 km", "Fuel type": "Gasoline", "Cubic capacity": "180 cc", "Power": "20 bhp", "Color": "Yellow", "Modified": "9 days", "Times clicked": "1126", "Short link": "www.car.gr/8780393", "Telephone": "None"}, "ad_seller": {}, "metadata": {"type": "Bikes", "brand": "Piaggio", "model": "X9 180"}, "extras": ["Automatic", "Cargo Rack", "Centerstand", "Electric starter", "Exchange with Moto accepted", "Four-stroke engine", "Lights Xenon", "Sidestand", "Top Box-Μπαγκαζιέρα", "Trip computer"], "description": "Προσφατο γενικο σερβις καινουρια λαστιχα ανταλαγη με σκουτερ ως 250 κυβ - Less - "}