{"query": {"url": "https://www.car.gr/21509697-daytona-diva125", "type": "CAR_ADDE", "trial_count": 1, "last_processed": 1553094623}, "title": "Daytona  DIVA125 '16", "ad_id": "21509697", "ad_data": {"Make/Model": "Daytona DIVA125 '16", "Classified number": "21509697", "Price": "€850", "Category": "Bike - Roller/Scooter", "Registration": "1 / 2016", "Mileage": "12,198 km", "Fuel type": "Gasoline", "Cubic capacity": "125 cc", "Power": "9 bhp", "Color": "Black", "Kteo to": "01 / 2020", "Modified": "1 day", "Times clicked": "23", "Short link": "www.car.gr/21509697", "Telephone": "None"}, "ad_seller": {}, "metadata": {"type": "Bikes", "brand": "Daytona", "model": "Daytona  DIVA125 '16 - € 850 EUR"}, "extras": [], "description": "Daytona diva, Τετράχρονο, μοντέλο του 2016, 125 κυβικά, αυτόματο με μίζα και μανιβέλα, δισκόφρενο, 2 αποθηκευτικούς χώρους, σχάρα, και ολοκαίνουρια μπαταρία. - Άριστη κατάσταση, λίγα χιλιόμετρα, δυνατό και οικονομικό στην κατανάλωση (10ευρώ ανά 170χλμ). - Φυλάσσεται σε πυλωτή. - Πληρωμένα τα τέλη για το 2019 και πληρωμένη η ασφάλεια. - Ευκαιρία! - Less - "}