{"query": {"url": "https://www.car.gr/21509622-honda-c-100-m6-astrea-grand", "type": "CAR_ADDE", "trial_count": 1, "last_processed": 1553094625}, "title": "Honda C 100 M6 Astrea Grand  '97", "ad_id": "21509622", "ad_data": {"Make/Model": "Honda C 100 M6 Astrea Grand '97", "Classified number": "21509622", "Price": "€800", "Category": "Bike - Underbone", "Registration": "1 / 1997", "Mileage": "68,400 km", "Fuel type": "Gasoline", "Cubic capacity": "100 cc", "Power": "10 bhp", "Color": "Blue", "Kteo to": "01 / 2020", "Modified": "1 day", "Times clicked": "86", "Short link": "www.car.gr/21509622", "Telephone": "None"}, "ad_seller": {}, "metadata": {"type": "Bikes", "brand": "Honda", "model": "C 100 M6 Astrea Grand"}, "extras": [], "description": "Aristo καινούρια μπαταρία λάστιχα κ πλαστικά. - Less - "}