{"query": {"url": "https://www.car.gr/21509608-gilera-nexus-500", "type": "CAR_ADDE", "trial_count": 10, "last_processed": 1553093175}, "title": "Gilera Nexus 500  '07", "ad_id": "21509608", "ad_data": {"Make/Model": "Gilera Nexus 500 '07", "Classified number": "21509608", "Price": "€2.500", "Category": "Bike - Roller/Scooter", "Registration": "5 / 2007", "Mileage": "72,000 km", "Fuel type": "Gasoline", "Cubic capacity": "500 cc", "Power": "40 bhp", "Color": "Black", "Previous owners": "1", "Modified": "3 hours", "Times clicked": "16", "Short link": "www.car.gr/21509608", "Telephone": "+30 2104174873"}, "ad_seller": {"Dealer": "COSMOS CARS Athens", "Address": "Δ.ΜΟΥΤΣΟΠΟΥΛΟΥ46&51", "City": "ΠΕΙΡΑΙΑΣ", "": "+30 2104174873", "Fax": "+30 2117407858", "Dealer page": "https//cosmoscars.car.gr/", "Website": "http//www.cosmoscars.gr", "Open hours": "ΔΕΥΤΕΡΑ ΕΩΣ ΠΑΡΑΣΚΕΥΗ 0900-1700\nΣΑΒΒΑΤΟ 0900-1400"}, "metadata": {"type": "Bikes", "brand": "Gilera", "model": "Nexus 500"}, "extras": ["Automatic", "Car Exchange", "Credit card-Visa accepted", "Exchange with Boat", "Exchange with Moto accepted"], "description": "-ΚΑΙΝΟΥΡΓΙΟ ΜΟΤΕΡ ΜΕ 7000χλμ -ΑΡΙΣΤΟ -ΠΟΛΛΑ ΕΞΤΡΑ (MALOSSI-POLINI) - Less - "}