{"query": {"url": "https://www.car.gr/21509626-piaggio-x-evo-x-evo-125-cc", "type": "CAR_ADDE", "trial_count": 1, "last_processed": 1553094625}, "title": "Piaggio X EVO X EVO 125 cc '12", "ad_id": "21509626", "ad_data": {"Make/Model": "Piaggio X EVO X EVO 125 cc '12", "Classified number": "21509626", "Price": "€1.300", "Category": "Bike - Roller/Scooter", "Registration": "9 / 2012", "Mileage": "47,000 km", "Fuel type": "Gasoline", "Cubic capacity": "125 cc", "Power": "16 bhp", "Color": "Black (Metallic)", "Kteo to": "06 / 2021", "Previous owners": "2", "Modified": "1 day", "Times clicked": "49", "Short link": "www.car.gr/21509626", "Telephone": "None"}, "ad_seller": {}, "metadata": {"type": "Bikes", "brand": "Piaggio", "model": "X EVO"}, "extras": ["Led lights"], "description": "Έχει γίνει το μεγάλο σέρβις των 45.000 χλμ, έχουν αλλαχθεί τα εξής: ιμάντας, μπαλάκια, τακάκια εμπρός-πίσω, φίλτρο λαδιού, φίλτρο αέρα. Φυλάσσεται σε γκαράζ, η άδεια είναι δεύτερο χέρι. Μαζί με την μηχανή δίνεται δωρεάν ένα ζεύγος χούφτες της Piaggio. - Less - "}