{"query": {"url": "https://www.car.gr/21509681-sym-cruisym-300", "type": "CAR_ADDE", "trial_count": 9, "last_processed": 1553092962}, "title": "Sym Cruisym 300  '17", "ad_id": "21509681", "ad_data": {"Make/Model": "Sym Cruisym 300 '17", "Classified number": "21509681", "Price": "€3.600", "Category": "Bike - Roller/Scooter", "Registration": "6 / 2017", "Mileage": "16,250 km", "Fuel type": "Gasoline", "Cubic capacity": "300 cc", "Power": "28 bhp", "Color": "Black", "Kteo to": "01 / 2022", "Previous owners": "1", "Modified": "2 hours", "Times clicked": "116", "Short link": "www.car.gr/21509681", "Telephone": "+30 2105980023"}, "ad_seller": {"Dealer": "MOTO-BIKE SERVICE ΚΑΡΑΚΩΝΣΤΑΝΤΗΣ", "Address": "ΙΕΡΑΟΔΟΣ265ΚΜΕΓΑΛΟΥΑΛΕΞΑΝΔΡΟΥ1", "City": "ΑΙΓΑΛΕΩ", "": "+30 2105623348", "Fax": "+30 2105440549", "Dealer page": "https//stratos-bikes.car.gr/", "Website": "http//moto-bike.gr", "Open hours": "Δευτέρα - Τρίτη - Πέμπτη - Παρασκευή 900 - 2100\n\nΤετάρτη - Σάββατο 900 - 15.00"}, "metadata": {"type": "Bikes", "brand": "Sym", "model": "Cruisym 300"}, "extras": [], "description": "ΕΥΚΑΙΡΙΑ !! - ΜΕΤΑ ΑΠΟ ΜΕΓΑΛΟ ΣΕΡΒΙΣ . - ΚΑΙΝΟΥΡΓΙΑ ΛΑΣΤΙΧΑ !! - ΤΕΣΣΕΡΙΣ ΜΗΝΕΣ ΑΚΟΜΑ ΕΓΓΥΗΣΗ ,ΜΕ ΒΙΒΛΙΟ ΣΕΡΒΙΣ ΚΑΙ ΚΑΤΑΧΩΡΗΜΕΝΑ ΟΛΑ ΤΑ ΣΕΡΒΙΣ ΚΑΙ ΟΙ ΔΙΑΔΙΚΑΣΙΕΣ . - ΜΟΝΟ ΣΟΒΑΡΕΣ ΠΡΟΤΑΣΕΙΣ !!! - Less - "}