{"query": {"url": "https://www.car.gr/21509637-honda-deauville-650-deauville-650", "type": "CAR_ADDE", "trial_count": 1, "last_processed": 1553094625}, "title": "Honda Deauville 650 DEAUVILLE 650 '01", "ad_id": "21509637", "ad_data": {"Make/Model": "Honda Deauville 650 DEAUVILLE 650 '01", "Classified number": "21509637", "Price": "€2.150", "Category": "Bike - Sport Touring", "Registration": "1 / 2001", "Mileage": "46,500 km", "Fuel type": "Gasoline", "Cubic capacity": "650 cc", "Power": "55 bhp", "Color": "Dark Green (Metallic)", "Kteo to": "05 / 2019", "Previous owners": "2", "Modified": "1 day", "Times clicked": "32", "Short link": "www.car.gr/21509637", "Telephone": "None"}, "ad_seller": {}, "metadata": {"type": "Bikes", "brand": "Honda", "model": "Deauville 650"}, "extras": ["Cargo Rack", "Centerstand", "Four-stroke engine", "Gelatin", "Led lights", "Sidestand", "Top Box-Μπαγκαζιέρα", "Καρμπυρατέρ"], "description": "ΑΡΙΣΤΗ ΚΑΤΑΣΤΑΣΗ. - Less - "}