{"query": {"url": "https://www.car.gr/21509678-yamaha-tt-600r-belgrada", "type": "CAR_ADDE", "trial_count": 1, "last_processed": 1553094623}, "title": "Yamaha TT 600R Belgrada '99", "ad_id": "21509678", "ad_data": {"Make/Model": "Yamaha TT 600R Belgrada '99", "Classified number": "21509678", "Price": "€1.700", "Category": "Bike - Super Motard", "Registration": "4 / 1999", "Mileage": "55,000 km", "Fuel type": "Gasoline", "Cubic capacity": "600 cc", "Power": "47 bhp", "Color": "Red", "Kteo to": "03 / 2021", "Previous owners": "1", "Modified": "1 day", "Times clicked": "64", "Short link": "www.car.gr/21509678", "Telephone": "None"}, "ad_seller": {}, "metadata": {"type": "Bikes", "brand": "Yamaha", "model": "TT 600R"}, "extras": [], "description": "Πωλείται μηχανή σε άριστη κατάσταση - Less - "}