{"query": {"url": "https://www.car.gr/21509644-kymco-xciting-500i", "type": "CAR_ADDE", "trial_count": 1, "last_processed": 1553094624}, "title": "Kymco Xciting 500i  '10", "ad_id": "21509644", "ad_data": {"Make/Model": "Kymco Xciting 500i '10", "Classified number": "21509644", "Price": "€2.500", "Category": "Bike - Roller/Scooter", "Registration": "7 / 2010", "Mileage": "38,600 km", "Fuel type": "Gasoline", "Cubic capacity": "500 cc", "Power": "40 bhp", "Color": "White (Metallic)", "Kteo to": "01 / 2020", "Liters/100km": "5 (Εντός)/4.5 (Εκτός)/5 (Μικτό)", "Previous owners": "1", "Modified": "1 day", "Times clicked": "41", "Short link": "www.car.gr/21509644", "Telephone": "None"}, "ad_seller": {}, "metadata": {"type": "Bikes", "brand": "Kymco", "model": "Xciting 500i"}, "extras": ["ABS", "Electric starter", "Greek Dealership", "Injection", "Led lights", "Top Box-Μπαγκαζιέρα"], "description": "Άψογα συντηρημενο. Λίγες γρατσουνιές περιμετρικά. - Less - "}