{"query": {"url": "https://www.car.gr/21509653-kawasaki-kx-250f", "type": "CAR_ADDE", "trial_count": 1, "last_processed": 1553093394}, "title": "Kawasaki KX 250F  '17", "ad_id": "21509653", "ad_data": {"Make/Model": "Kawasaki KX 250F '17", "Classified number": "21509653", "Price": "€4.100", "Category": "Bike - Motocross", "Registration": "1 / 2017", "Mileage": "251 km", "Fuel type": "Gasoline", "Cubic capacity": "250 cc", "Power": "41 bhp", "Color": "Black", "Previous owners": "1", "Modified": "6 hours", "Times clicked": "75", "Short link": "www.car.gr/21509653", "Telephone": "None"}, "ad_seller": {}, "metadata": {"type": "Bikes", "brand": "Kawasaki", "model": "KX 250F"}, "extras": [], "description": "το μηχανακι ειναι αριστο! δενεχει τρεξει αγωνες ειμαι 2ο χερι εχει 110 ωρες λειτουργιας απο καινουργιο στις 60 ωρες αλλαχτηκε το πιστονι και μπηκε το Α παλι αφου μετρηθηκε ο κυλινδρος,δεν καιει σταγονα λαδι,πριν 20 ωρες μπηκαν καινουργια αλυσιδογραναζα πισω τακακια και σερβις στις αναρτησεις,παιρνει παντα με την πρωτη μανιβελια.Το δινω για να παρω 450 πιο καινουργιο,δινεται με 2 κουστουμια,δεν δεχομαι ανταλλαγες - Less - "}