{"query": {"url": "https://www.car.gr/21509676-kawasaki-kaze-r-115", "type": "CAR_ADDE", "trial_count": 1, "last_processed": 1553094624}, "title": "Kawasaki KAZE R 115  '00", "ad_id": "21509676", "ad_data": {"Make/Model": "Kawasaki KAZE R 115 '00", "Classified number": "21509676", "Price": "€750", "Category": "Bike - Underbone", "Registration": "1 / 2000", "Mileage": "45,000 km", "Fuel type": "Gasoline", "Cubic capacity": "115 cc", "Power": "15 bhp", "Color": "Grey", "Kteo to": "01 / 2020", "Modified": "1 day", "Times clicked": "28", "Short link": "www.car.gr/21509676", "Telephone": "None"}, "ad_seller": {}, "metadata": {"type": "Bikes", "brand": "Kawasaki", "model": "KAZE R 115"}, "extras": [], "description": "Καινούρια λάστιχα. - Less - "}