{"query": {"url": "https://www.car.gr/21509627-yamaha-x-max-250-x-max-250", "type": "CAR_ADDE", "trial_count": 1, "last_processed": 1553094625}, "title": "Yamaha X-MAX 250 X MAX 250  '14", "ad_id": "21509627", "ad_data": {"Make/Model": "Yamaha X-MAX 250 X MAX 250  '14", "Classified number": "21509627", "Price": "€3.500", "Category": "Bike - Roller/Scooter", "Registration": "5 / 2014", "Mileage": "30,000 km", "Fuel type": "Gasoline", "Cubic capacity": "250 cc", "Power": "27 bhp", "Color": "Grey", "Modified": "1 day", "Times clicked": "17", "Short link": "www.car.gr/21509627", "Telephone": "None"}, "ad_seller": {}, "metadata": {"type": "Bikes", "brand": "Yamaha", "model": "X-MAX 250"}, "extras": ["Automatic", "Catalyst", "Centerstand", "Electric starter", "Four-stroke engine", "Gelatin", "Greek Dealership", "Kick-Starter", "Lights Xenon", "Sidestand", "Skid Plate", "Trip computer"], "description": "ΑΡΙΣΤΟ ΑΤΡΑΚΑΡΙΣΤΙΚΟ ΛΑΣΤΙΧΑ ΑΛΛΑΓΗ ΠΡΙΝ ΑΠΟ 4000ΧΛΜ ΕΓΙΝΕ ΤΟ ΓΕΝΙΚΟ ΜΕ ΛΑΔΙΑ ΦΙΛΤΡΑ ΚΑΙ ΤΑΚΑΚΙΑ ΕΧΕΙ ΦΩΤΑ ΧΕΝΟΝ ΚΑΙ ΠΟΔΙΑ TUCANNO - Less - "}