{"query": {"url": "https://www.car.gr/21509607-honda-astrea-supra-100", "type": "CAR_ADDE", "trial_count": 1, "last_processed": 1553094626}, "title": "Honda Astrea Supra 100  '99", "ad_id": "21509607", "ad_data": {"Make/Model": "Honda Astrea Supra 100 '99", "Classified number": "21509607", "Price": "€500", "Category": "Bike - Underbone", "Registration": "3 / 1999", "Mileage": "50,000 km", "Fuel type": "Gasoline", "Cubic capacity": "100 cc", "Power": "15 bhp", "Color": "Black", "Modified": "1 day", "Times clicked": "31", "Short link": "www.car.gr/21509607", "Telephone": "None"}, "ad_seller": {}, "metadata": {"type": "Bikes", "brand": "Honda", "model": "Astrea Supra 100"}, "extras": [], "description": ""}