{"query": {"url": "https://www.car.gr/21509688-yamaha-majesty-125", "type": "CAR_ADDE", "trial_count": 1, "last_processed": 1553094514}, "title": "Yamaha Majesty 125  '15", "ad_id": "21509688", "ad_data": {"Make/Model": "Yamaha Majesty 125 '15", "Classified number": "21509688", "Price": "€2.400", "Category": "Bike - Roller/Scooter", "Registration": "1 / 2015", "Mileage": "11,500 km", "Fuel type": "Gasoline", "Cubic capacity": "125 cc", "Power": "12 bhp", "Color": "White", "Kteo to": "01 / 2021", "Modified": "1 day", "Times clicked": "30", "Short link": "www.car.gr/21509688", "Telephone": "None"}, "ad_seller": {}, "metadata": {"type": "Bikes", "brand": "Yamaha", "model": "Majesty 125"}, "extras": ["Alarm", "Automatic", "Centerstand", "Electric starter", "Exhaust Special", "Four-stroke engine", "Gelatin", "Injection", "Kick-Starter", "Led lights", "Remote Control", "Sidestand"], "description": "Καινούρια ελαστικά 300 χλμ,συναγερμός αξιας 70€ κάλημα σέλας,ολόσωμη εξάτμιση αξίας 265€ υπάρχει και η μαμά εξάτμιση, αλλαγή βαριατορ αξιας 165€ για καλύτερη επιτάχυνση , χώρος κάτω από τη σέλα, ώρες επικοινωνίας από 09:00-14:30, κατανάλωση με 10€ κάνω περίπου 180-200 χλμ - Less - "}