{"query": {"url": "https://www.car.gr/21509600-kawasaki-z-750", "type": "CAR_ADDE", "trial_count": 1, "last_processed": 1553094626}, "title": "Kawasaki Z 750  '09", "ad_id": "21509600", "ad_data": {"Make/Model": "Kawasaki Z 750 '09", "Classified number": "21509600", "Price": "€3.000", "Category": "Bike - Street Bike", "Registration": "1 / 2009", "Mileage": "46,000 km", "Fuel type": "Gasoline", "Cubic capacity": "750 cc", "Power": "116 bhp", "Color": "Green (Metallic)", "Modified": "1 day", "Times clicked": "176", "Short link": "www.car.gr/21509600", "Telephone": "None"}, "ad_seller": {}, "metadata": {"type": "Bikes", "brand": "Kawasaki", "model": "Z 750"}, "extras": [], "description": ""}