{"query": {"url": "https://www.car.gr/21509027-dayang-dy-50a-disc-50", "type": "CAR_ADDE", "trial_count": 7, "last_processed": 1553093196}, "title": "Dayang DY 50A DISC 50αρη στα χαρτια '00", "ad_id": "21509027", "ad_data": {"Make/Model": "Dayang DY 50A DISC 50αρη στα χαρτια '00", "Classified number": "21509027", "Price": "€850", "Category": "Bike - Underbone", "Registration": "1 / 2000", "Mileage": "40,000 km", "Fuel type": "Gasoline", "Cubic capacity": "50 cc", "Power": "7 bhp", "Color": "Bordeaux", "Modified": "4 hours", "Times clicked": "447", "Short link": "www.car.gr/21509027", "Telephone": "None"}, "ad_seller": {}, "metadata": {"type": "Bikes", "brand": "Dayang", "model": "DY 50A DISC"}, "extras": [], "description": "50αρη στα χαρτιά...μοτερ Honda supra γνήσιο ... gl εξάτμιση ... πλήρες λειτουργικό ... Δεν θέλει τίποτα . έκανα ανακατασκευή πέρσι...ανταλλαγές δέκτες με yamaha z ... crypron x ... Δεν το χαρίζω, μονο σοβαρές προτάσεις - Less - "}