{"query": {"url": "https://www.car.gr/21509092-bmw-r-1200-gs", "type": "CAR_ADDE", "trial_count": 1, "last_processed": 1553094639}, "title": "Bmw R 1200 GS  '07", "ad_id": "21509092", "ad_data": {"Make/Model": "Bmw R 1200 GS '07", "Classified number": "21509092", "Price": "€5.600", "Category": "Bike - On/Off", "Registration": "1 / 2007", "Mileage": "98,500 km", "Fuel type": "Gasoline", "Cubic capacity": "1,200 cc", "Power": "105 bhp", "Color": "Silver (Metallic)", "Kteo to": "09 / 2019", "Liters/100km": "5 (Εντός)/5 (Εκτός)/5 (Μικτό)", "Previous owners": "1", "Modified": "1 day", "Times clicked": "90", "Short link": "www.car.gr/21509092", "Telephone": "None"}, "ad_seller": {}, "metadata": {"type": "Bikes", "brand": "Bmw", "model": "R 1200 GS"}, "extras": ["ABS", "Alarm", "Bars", "Car Exchange", "Cargo Rack", "Cast wheels", "Catalyst", "Centerstand", "Electric starter", "Engine Guards", "Exhaust Special", "Exhibition", "Four-stroke engine", "Gelatin", "Greek Dealership", "Heated Handguards", "Injection", "Led lights", "Remote Control", "Service Book", "Sidestand", "Skid Plate", "Top Box-Μπαγκαζιέρα", "Trip computer"], "description": "Παρα πολλα εξτρα,κατασταση άριστη για την ηλικία της,ανταλλάσσεται με audi a3/a4 1.8t Quattro κατα προτίμηση..πωλείται λογο αναγκης αυτοκινήτου..Δεν χαρίζεται,παρακαλώ σοβαρές προτασεις! Συζητήσεις στην τιμη σε λογικά πλαίσια αν κάποιος την θέλει χωρις τα εξτρα που φοράει. - Less - "}