{"query": {"url": "https://www.car.gr/3331537-brizato", "type": "CAR_ADDE", "trial_count": 1, "last_processed": 1553095946}, "title": "Αλλο  brizato '13", "ad_id": "3331537", "ad_data": {"Make/Model": "Αλλο brizato '13", "Classified number": "3331537", "Price": "€2.600", "Category": "Bike - Roller/Scooter", "Registration": "8 / 2013", "Fuel type": "Electric", "Cubic capacity": "125 cc", "Power": "10 bhp", "Transmission": "Automatic", "Color": "Black", "Modified": "4 days", "Times clicked": "7535", "Short link": "www.car.gr/3331537", "Telephone": "+30 2661042645"}, "ad_seller": {"Dealer": "ΟN-OFF  ΜΟΥΡΑΤΙΔΗΣ", "Address": "xenofontosstratigou43", "City": "ΚΕΡΚΥΡΑ", "": "+30 6998408057", "Fax": "+30 2661042645", "Dealer page": "https//on-off.car.gr/"}, "metadata": {"type": "Bikes", "brand": "Αλλο", "model": "Αλλο  brizato '13 - € 2.600 EUR"}, "extras": ["Exchange with Moto accepted"], "description": "me 0.50 lepta 100 xil. - Less - "}