{"query": {"url": "https://www.car.gr/7112813-honda-cbr-954rr-fireblade", "type": "CAR_ADDE", "trial_count": 1, "last_processed": 1553105022}, "title": "Honda CBR 954RR Fireblade ΑΝΤΑΛΛΑΚΤΙΚΑ '02", "ad_id": "7112813", "ad_data": {"Make/Model": "Honda CBR 954RR Fireblade ΑΝΤΑΛΛΑΚΤΙΚΑ '02", "Classified number": "7112813", "Price": "Askforprice", "Category": "Bike - Super Sport", "Registration": "1 / 2002", "Mileage": "96,990 km", "Fuel type": "Gasoline", "Cubic capacity": "954 cc", "Power": "3 bhp", "Color": "Red", "Modified": "21 hours", "Times clicked": "4633", "Short link": "www.car.gr/7112813", "Telephone": "+30 2106666622"}, "ad_seller": {"Dealer": "MOTOPARTS 22", "Address": "ΑγίουΑθανασίου13", "City": "ΠΑΛΛΗΝΗ", "": "+30 2105225601", "Fax": "+30 2106001817", "Dealer page": "https//motoparts22.car.gr/", "Website": "http//www.motoparts22.com", "Open hours": "Δευτέρα-Παρασκευή 0830-1700\nΣ/Κ κλειστά"}, "metadata": {"type": "Bikes", "brand": "Honda", "model": "CBR 954RR Fireblade"}, "extras": [], "description": "Πωλούνται ΑΝΤΑΛΛΑΚΤΙΚΑ από την εικονιζόμενη μοτοσυκλέτα - Less - "}