{"query": {"url": "https://www.car.gr/8795390-benelli-velvet-250", "type": "CAR_ADDE", "trial_count": 1, "last_processed": 1553096924}, "title": "Benelli Velvet 250 '06", "ad_id": "8795390", "ad_data": {"Make/Model": "Benelli Velvet 250 '06", "Classified number": "8795390", "Price": "€3.100", "Category": "Bike - Roller/Scooter", "Registration": "1 / 2006", "Fuel type": "Gasoline", "Cubic capacity": "250 cc", "Power": "22 bhp", "Color": "Grey", "Modified": "7 days", "Times clicked": "60", "Short link": "www.car.gr/8795390", "Telephone": "+30 2105617620"}, "ad_seller": {"Dealer": "MOTO NOMIKOS", "Address": "ΓΡ.ΛΑΜΠΡΑΚΗ94", "City": "ΚΟΡΥΔΑΛΛΟΣ", "": "+30 2105617732", "Fax": "+30 2105620902", "Dealer page": "https//motonomikos.car.gr/", "Website": "https//motonomikos.gr", "Open hours": "Δευτέρα - Παρασκευή 0830 - 2000\nΣάββατο 0800 - 1600\nΚυριακή κλειστά"}, "metadata": {"type": "Bikes", "brand": "Benelli", "model": "Velvet"}, "extras": ["Automatic", "Credit card-Visa accepted", "Electric starter", "Exchange with Boat", "Exchange with Moto accepted", "Four-stroke engine", "Service Book"], "description": "*ΣΤΟΚ!, από 4.780€ τώρα στα 3.100€* - *ΚΙΝΗΤΗΡΑΣ / ΜΕΡΗ ΑΠΟ YAMAHA* - *ΑΠΟΣΤΟΛΗ ΣΕ ΟΛΗ ΤΗΝ ΕΛΛΑΔΑ (ΚΑΙ ΕΠΑΡΧΙΑ) - Less - "}