{"query": {"url": "https://www.car.gr/21330908-piaggio-beverly-500-cruiser", "type": "CAR_ADDE", "trial_count": 1, "last_processed": 1553098966}, "title": "Piaggio Beverly 500 Cruiser  '09", "ad_id": "21330908", "ad_data": {"Make/Model": "Piaggio Beverly 500 Cruiser '09", "Classified number": "21330908", "Price": "€2.300", "Category": "Bike - Roller/Scooter", "Registration": "6 / 2009", "Mileage": "70,000 km", "Fuel type": "Gasoline", "Cubic capacity": "500 cc", "Power": "45 bhp", "Color": "Black", "Kteo to": "06 / 2020", "Modified": "12 days", "Times clicked": "119", "Short link": "www.car.gr/21330908", "Telephone": "None"}, "ad_seller": {}, "metadata": {"type": "Bikes", "brand": "Piaggio", "model": "Beverly 500 Cruiser"}, "extras": [], "description": "ΑΡΙΣΤΗ ΚΑΤΑΣΤΑΣΗ ΜΕ ΟΛΑ ΤΑ SERVICE ΣΤΗΝ ΑΝΤΙΠΡΟΣΩΠΕΙΑ, ΔΙΑΘΕΤΕΙ ΟΛΑ ΤΑ ΑΞΕΣΟΥΑΡ (ΜΠΑΓΚΑΖΙΕΡΑ, ΖΕΛΑΤΙΝΑ, ΠΛΑΙΝΕΣ ΒΑΛΙΤΣΕΣ) ΤΑ ΧΙΛ. ΕΧΟΥΝ ΓΙΝΕΙ ΚΥΡΙΩΣ ΣΕ ΤΑΞΙΔΙΑ ΕΚΤΟΣ ΠΟΛΗΣ, ΥΠΑΡΧΟΥΝ ΚΑΙ ΑΝΤΑΛΑΚΤΙΚΑ ΑΠΟ ΔΕΥΤΕΡΗ ΜΗΧΑΝΗ - Less - "}