{"query": {"url": "https://www.car.gr/21330971-suzuki-ls-savage", "type": "CAR_ADDE", "trial_count": 1, "last_processed": 1553098966}, "title": "Suzuki LS Savage  '95", "ad_id": "21330971", "ad_data": {"Make/Model": "Suzuki LS Savage '95", "Classified number": "21330971", "Price": "€3.200", "Category": "Bike - Chopper", "Registration": "1 / 1995", "Mileage": "34,000 km", "Fuel type": "Gasoline", "Cubic capacity": "650 cc", "Power": "40 bhp", "Color": "Other (Metallic)", "Kteo to": "01 / 2020", "Modified": "12 days", "Times clicked": "100", "Short link": "www.car.gr/21330971", "Telephone": "None"}, "ad_seller": {}, "metadata": {"type": "Bikes", "brand": "Suzuki", "model": "LS Savage"}, "extras": [], "description": "Δεν θέλει τίποτα....!!!! - Less - "}