{"query": {"url": "https://www.car.gr/21330986-sym-maxsym-600i", "type": "CAR_ADDE", "trial_count": 1, "last_processed": 1553098966}, "title": "Sym Maxsym 600i   '15", "ad_id": "21330986", "ad_data": {"Make/Model": "Sym Maxsym 600i  '15", "Classified number": "21330986", "Price": "€3.700", "Category": "Bike - Roller/Scooter", "Registration": "6 / 2015", "Mileage": "37,933 km", "Fuel type": "Gasoline", "Cubic capacity": "600 cc", "Power": "48 bhp", "Color": "Black (Metallic)", "Kteo to": "12 / 2020", "Liters/100km": "5 (Εντός)/4 (Εκτός)/5 (Μικτό)", "Previous owners": "1", "Modified": "12 days", "Times clicked": "118", "Short link": "www.car.gr/21330986", "Telephone": "None"}, "ad_seller": {}, "metadata": {"type": "Bikes", "brand": "Sym", "model": "Maxsym 600i"}, "extras": ["ABS", "Alarm", "Automatic", "Car Exchange", "Cast wheels", "Catalyst", "Centerstand", "Electric starter", "Four-stroke engine", "Gelatin", "Greek Dealership", "Injection", "Service Book", "Sidestand", "Trip computer"], "description": "Το μηχανάκι έιναι σε άριστη κατάσταση.Έχει βιβλίο service ενημερωμένο και ηλεκτρονικά,έχει γίνει το μεγάλο service με αλλαγή ιμάντες,μπίλιες DR PURLEY με χαμηή κατανάλωση καυσίμου και γρήγορη επιτάχυνση,λάδια,φίλτρο λαδιού,φίλτρο αέρος,ρύθμιση βαλβίδες.Καινούργια λάστιχα michelin,συναγερμός και κράνος CAMBERG δίνεται μαζί με το μηχανάκι. - Less - "}