{"query": {"url": "https://www.car.gr/8701891-dirt-motos-buggy-electric-1000w", "type": "CAR_ADDE", "trial_count": 1, "last_processed": 1553094169}, "title": "Dirt Motos  BUGGY ELECTRIC 1000W '17", "ad_id": "8701891", "ad_data": {"Make/Model": "Dirt Motos BUGGY ELECTRIC 1000W '17", "Classified number": "8701891", "Price": "€499", "Category": "Bike - Mini..Moto", "Registration": "1 / 2017", "Fuel type": "Electric", "Cubic capacity": "1,000 cc", "Power": "6 bhp", "Color": "Black", "Modified": "20 hours", "Times clicked": "17096", "Short link": "www.car.gr/8701891", "Telephone": "+30 6932416361"}, "ad_seller": {"Dealer": "DIRT MOTOS & sports", "Address": "ΑΘΗΝΑ-Καλλιροης77", "City": "ΑΘΗΝΑ", "": "+30 6932416361", "Fax": "+30 2155151166", "Dealer page": "https//dirt-motos.car.gr/", "Website": "http//www.dirt-motos.gr"}, "metadata": {"type": "Bikes", "brand": "Dirt Motos", "model": "Dirt Motos  BUGGY ELECTRIC 1000W '17 - € 499 EUR"}, "extras": [], "description": "Μεταχειρισμένο σε καλή κατάσταση με καινούργιες μπαταρίες - 3 μπαταρίες12volt/12A!!! - ME 6 ίντσες ΡΟΔEΣ - KONTEΡ - Ότι πιο ασφαλές για τους μικρούς μας φίλους!!! - Ηλικίες 6+ - Δυνατότητα κλειδωματός στο ηλεκτρικό σε τρεις ταχύτητες 8/18/38χλμ ! - Μεγίστη ταχύτητα 30χλμ - Less - "}