{"query": {"url": "https://www.car.gr/5034745-sachs-gs-250-simonini", "type": "CAR_ADDE", "trial_count": 1, "last_processed": 1553093324}, "title": "Sachs  gs 250 simonini '77", "ad_id": "5034745", "ad_data": {"Make/Model": "Sachs gs 250 simonini '77", "Classified number": "5034745", "Price": "€4.200", "Category": "Bike - Εnduro", "Registration": "1 / 1977", "Mileage": "20,000 km", "Fuel type": "Gasoline", "Cubic capacity": "250 cc", "Power": "25 bhp", "Color": "Blue (Metallic)", "Liters/100km": "7 (Εντός)/7 (Εκτός)/7 (Μικτό)", "Modified": "6 hours", "Times clicked": "22198", "Short link": "www.car.gr/5034745", "Telephone": "+30 2104954210"}, "ad_seller": {"Dealer": "MOTO MERKOURIS", "Address": "KARDHMHTRIOU", "City": "ΚΟΡΥΔΑΛΛΟΣ", "": "+30 6977457015", "Fax": "+30 2104954210", "Dealer page": "https//merkouris.car.gr/"}, "metadata": {"type": "Bikes", "brand": "Sachs", "model": "Sachs  gs 250 simonini '77 - € 4.200 EUR"}, "extras": [], "description": ""}