{"query": {"url": "https://www.car.gr/8712169-yamaha-xj6-diversion", "type": "CAR_ADDE", "trial_count": 1, "last_processed": 1553105001}, "title": "Yamaha XJ6 DIVERSION  '11", "ad_id": "8712169", "ad_data": {"Make/Model": "Yamaha XJ6 DIVERSION '11", "Classified number": "8712169", "Price": "Askforprice", "Category": "Bike - Cafe Racer", "Registration": "1 / 2011", "Mileage": "4,000 km", "Fuel type": "Gasoline", "Cubic capacity": "600 cc", "Power": "3 bhp", "Color": "Dark blue", "Modified": "21 hours", "Times clicked": "16167", "Short link": "www.car.gr/8712169", "Telephone": "+30 2106666622"}, "ad_seller": {"Dealer": "MOTOPARTS 22", "Address": "ΑγίουΑθανασίου13", "City": "ΠΑΛΛΗΝΗ", "": "+30 2105225601", "Fax": "+30 2106001817", "Dealer page": "https//motoparts22.car.gr/", "Website": "http//www.motoparts22.com", "Open hours": "Δευτέρα-Παρασκευή 0830-1700\nΣ/Κ κλειστά"}, "metadata": {"type": "Bikes", "brand": "Yamaha", "model": "XJ6 DIVERSION"}, "extras": [], "description": "ΔΕΝ πωλείται ολόκληρη! - Πωλούνται μόνο ΑΝΤΑΛΛΑΚΤΙΚΑ από την εικονιζόμενη μοτοσυκλέτα. - Less - "}