{"query": {"url": "https://www.car.gr/21330657-yamaha-xv-250-virago", "type": "CAR_ADDE", "trial_count": 1, "last_processed": 1553098875}, "title": "Yamaha XV 250 Virago  '99", "ad_id": "21330657", "ad_data": {"Make/Model": "Yamaha XV 250 Virago '99", "Classified number": "21330657", "Price": "€1.500", "Category": "Bike - Chopper", "Registration": "3 / 1999", "Mileage": "29,000 km", "Fuel type": "Gasoline", "Cubic capacity": "250 cc", "Power": "21 bhp", "Color": "Red (Metallic)", "Kteo to": "01 / 2019", "Modified": "12 days", "Times clicked": "184", "Short link": "www.car.gr/21330657", "Telephone": "None"}, "ad_seller": {}, "metadata": {"type": "Bikes", "brand": "Yamaha", "model": "XV 250 Virago"}, "extras": ["Antique-Classic", "Electric starter", "Exchange with Moto accepted", "Four-stroke engine", "Gelatin", "Spoke wheels"], "description": "Άριστη κατάσταση...Περισσότερες πληροφορίες στο τηλ - Less - "}