{"query": {"url": "https://www.car.gr/21330660-piaggio-beverly-250", "type": "CAR_ADDE", "trial_count": 1, "last_processed": 1553094855}, "title": "Piaggio Beverly 250  '05", "ad_id": "21330660", "ad_data": {"Make/Model": "Piaggio Beverly 250 '05", "Classified number": "21330660", "Price": "€1.300", "Category": "Bike - Roller/Scooter", "Registration": "1 / 2005", "Mileage": "77,250 km", "Fuel type": "Gasoline", "Cubic capacity": "250 cc", "Power": "21 bhp", "Color": "Blue (Metallic)", "Kteo to": "11 / 2019", "Modified": "1 day", "Times clicked": "236", "Short link": "www.car.gr/21330660", "Telephone": "None"}, "ad_seller": {}, "metadata": {"type": "Bikes", "brand": "Piaggio", "model": "Beverly 250"}, "extras": ["Automatic", "Cargo Rack", "Centerstand", "Electric starter", "Four-stroke engine", "Gelatin", "Greek Dealership", "Lights Xenon", "Sidestand", "Top Box-Μπαγκαζιέρα", "Καρμπυρατέρ"], "description": "Πρώτο χέρι. Πώληση λόγω αγοράς καινούργιου. Δεκτός κάθε έλεγχος. Παρακαλώ μόνο σοβαρές προτάσεις.Ευχαριστώ. - Less - "}