{"query": {"url": "https://www.car.gr/21330618-dirt-motos", "type": "CAR_ADDE", "trial_count": 1, "last_processed": 1553098957}, "title": "Dirt Motos   '16", "ad_id": "21330618", "ad_data": {"Make/Model": "Dirt Motos '16", "Classified number": "21330618", "Price": "€690", "Category": "Bike - Mini..Moto", "Registration": "1 / 2016", "Mileage": "100 km", "Fuel type": "Gasoline", "Cubic capacity": "150 cc", "Power": "10 bhp", "Color": "Black", "Modified": "12 days", "Times clicked": "192", "Short link": "www.car.gr/21330618", "Telephone": "None"}, "ad_seller": {}, "metadata": {"type": "Bikes", "brand": "Dirt Motos", "model": "Dirt Motos   '16 - € 690 EUR"}, "extras": ["Four-stroke engine", "Kick-Starter", "Sidestand"], "description": "Σε αριστη κατασταση με πολυ λιγες - ωρες λειτουργιας!! Κανενα - απολυτως προβλημα! - Πωλειται λογω αγορας μεγαλυτερης μοτοσυκλετας - Less - "}