{"query": {"url": "https://www.car.gr/7154576-kawasaki-z-750", "type": "CAR_ADDE", "trial_count": 1, "last_processed": 1553095965}, "title": "Kawasaki Z 750  '09", "ad_id": "7154576", "ad_data": {"Make/Model": "Kawasaki Z 750 '09", "Classified number": "7154576", "Price": "€4.500", "Category": "Bike - Naked", "Registration": "5 / 2009", "Mileage": "17,500 km", "Fuel type": "Gasoline", "Cubic capacity": "750 cc", "Power": "115 bhp", "Color": "Black (Metallic)", "Kteo to": "06 / 2019", "Liters/100km": "5 (Εντός)/4.5 (Εκτός)/5 (Μικτό)", "Modified": "4 days", "Times clicked": "1432", "Short link": "www.car.gr/7154576", "Telephone": "None"}, "ad_seller": {}, "metadata": {"type": "Bikes", "brand": "Kawasaki", "model": "Z 750"}, "extras": ["Car Exchange", "Catalyst", "Exchange with Moto accepted", "Exhaust Special", "Four-stroke engine", "Gelatin", "Service Book"], "description": "Apsogo agratzounisto ta xlm einai ektos polis panta Se garage polla extra mono sobares protasis.antalagi me motocross τετράχρονο η διχρονο I scooter - Perisotera apo til - Less - "}