{"query": {"url": "https://www.car.gr/7173003-blata-rcv-211-replica", "type": "CAR_ADDE", "trial_count": 1, "last_processed": 1553096019}, "title": "Αλλο  BLATA RCV 211 REPLICA ΠΡΟΣΦΟΡΑ '11", "ad_id": "7173003", "ad_data": {"Make/Model": "Αλλο BLATA RCV 211 REPLICA ΠΡΟΣΦΟΡΑ '11", "Classified number": "7173003", "Price": "€700", "Category": "Bike - Mini..Moto", "Registration": "1 / 2011", "Fuel type": "Gasoline", "Cubic capacity": "35 cc", "Power": "5 bhp", "Color": "Blue", "Modified": "4 days", "Times clicked": "5416", "Short link": "www.car.gr/7173003", "Telephone": "+30 2621032939"}, "ad_seller": {"Dealer": "MOTO KARRAS", "Address": "Παπαγεωργιου10", "City": "ΠΥΡΓΟΣ", "": "+30 2621032939", "Fax": "+30 2621081362", "Dealer page": "https//motokarras.car.gr/", "Website": "http//www.motokarras.gr"}, "metadata": {"type": "Bikes", "brand": "Αλλο", "model": "Αλλο  BLATA RCV 211 REPLICA ΠΡΟΣΦΟΡΑ '11 - € 700 EUR"}, "extras": ["Two-stroke"], "description": "Mini moto BLATA RCV 211 REPLICA καινούργιο μπλέ χρώματος δισκόφρενα εμπρός και πίσω.Μεγάλη γκάμα ανταλλακτικών για όλα τα μοντέλα τις αγοράς σε πολύ προσιτές τιμές. Για περισσότερες πληροφορίες καλέστε μας. - Less - "}