{"query": {"url": "https://www.car.gr/21333154-honda-transalp-600", "type": "CAR_ADDE", "trial_count": 1, "last_processed": 1553096322}, "title": "Honda Transalp 600  '01", "ad_id": "21333154", "ad_data": {"Make/Model": "Honda Transalp 600 '01", "Classified number": "21333154", "Price": "€2.200", "Category": "Bike - Εnduro", "Registration": "1 / 2001", "Mileage": "19,372 km", "Fuel type": "Gasoline", "Cubic capacity": "600 cc", "Power": "10 bhp", "Color": "Grey", "Previous owners": "1", "Modified": "5 days", "Times clicked": "106", "Short link": "www.car.gr/21333154", "Telephone": "None"}, "ad_seller": {}, "metadata": {"type": "Bikes", "brand": "Honda", "model": "Transalp 600"}, "extras": ["Car Exchange"], "description": "Σε πολύ καλή κατάσταση...με λίγα χιλιόμετρα...!!! - Less - "}