{"query": {"url": "https://www.car.gr/21509524-honda-astea-grand", "type": "CAR_ADDE", "trial_count": 1, "last_processed": 1553093381}, "title": "Honda  ASTEA GRAND '00", "ad_id": "21509524", "ad_data": {"Make/Model": "Honda ASTEA GRAND '00", "Classified number": "21509524", "Price": "€250", "Category": "Bike - Underbone", "Registration": "1 / 2000", "Mileage": "5,000 km", "Fuel type": "Gasoline", "Cubic capacity": "100 cc", "Power": "8 bhp", "Color": "Red", "Modified": "6 hours", "Times clicked": "304", "Short link": "www.car.gr/21509524", "Telephone": "None"}, "ad_seller": {"Name": "ΧΡΗΣΤΟΣ", "Address": "ΚοπανόςΝΑΟΥΣΑΣP.ΗΜΑΘΙΑΣ"}, "metadata": {"type": "Bikes", "brand": "Honda", "model": "Honda  ASTEA GRAND '00 - € 250 EUR"}, "extras": [], "description": "ΤΟ ΜΗΧΑΝΑΚΙ ΔΕΝ ΕΧΕΙ ΧΑΡΤΙΑ .ΓΙΑ ΠΛΗΡΟΦΟΡΙΕΣ ΜΟΝΟ ΣΤΟ ΤΗΛ 2. - Less - "}