{"query": {"url": "https://www.car.gr/21509590-honda-cbr-500-r", "type": "CAR_ADDE", "trial_count": 1, "last_processed": 1553094537}, "title": "Honda CBR 500 R  '16", "ad_id": "21509590", "ad_data": {"Make/Model": "Honda CBR 500 R '16", "Classified number": "21509590", "Price": "€5.200", "Category": "Bike - Super Sport", "Registration": "10 / 2016", "Mileage": "15,000 km", "Fuel type": "Gasoline", "Cubic capacity": "500 cc", "Power": "50 bhp", "Color": "Red (Metallic)", "Modified": "1 day", "Times clicked": "73", "Short link": "www.car.gr/21509590", "Telephone": "None"}, "ad_seller": {}, "metadata": {"type": "Bikes", "brand": "Honda", "model": "CBR 500 R"}, "extras": ["ABS", "Electric starter", "Exchange with Moto accepted", "Greek Dealership", "Injection", "Lights Xenon", "Service Book", "Sidestand", "Trip computer"], "description": "Αριστη κατασταση. - Αγρατζουνιστο. - Παντα φυλλασομενη σε γκαραζ. - Service παντα πριν την ωρα του στη honda(βιβλιο service). - Καινουρια λαστιχα. - Καινουρια αλυσιδα κ αλυσιδοναγραζα. - Μολις τα κανε μαζι με το service. - Δεν χρειαζεται απολυτως τπτ. - Εξατμιση. - Λουκετο oxford με συναγερμο. - Οτι πρεπει για Α2 διπλωμα. Οικονομικοτατο κ για εντος πολης κ για ταξιδια. - Δινεται μονο και μονο λογω αλλαγης κατηγοριας. - Ανταλλαγη μονο με triumph tiger sport μοντελο 18 και μετα μαυρο + διαφορα απο μερους μου. - Less - "}