{"query": {"url": "https://www.car.gr/21509533-yamaha-crypton", "type": "CAR_ADDE", "trial_count": 1, "last_processed": 1553094628}, "title": "Yamaha Crypton  '14", "ad_id": "21509533", "ad_data": {"Make/Model": "Yamaha Crypton '14", "Classified number": "21509533", "Price": "€1.500", "Category": "Bike - Underbone", "Registration": "1 / 2014", "Mileage": "12,000 km", "Fuel type": "Gasoline", "Cubic capacity": "135 cc", "Power": "12 bhp", "Color": "Dark blue", "Modified": "1 day", "Times clicked": "99", "Short link": "www.car.gr/21509533", "Telephone": "None"}, "ad_seller": {}, "metadata": {"type": "Bikes", "brand": "Yamaha", "model": "Crypton"}, "extras": [], "description": "Το μηχανάκι είναι όπως το βλέπετε το πουλάω λόγο αγοράς μεγαλύτερο και δεν το χρησιμοποιώ... - Έχει αλλάξει πλαστικά σετ κανουρια πριν από 4-5μηνες γνήσια - Έχει γίνει σέρβις - Δίνονται ανταλαγτικα μαζί - Τιμή συζητήσιμη... - Less - "}