{"query": {"url": "https://www.car.gr/21509582-lifan-elite-250", "type": "CAR_ADDE", "trial_count": 1, "last_processed": 1553094627}, "title": "Lifan  ELITE 250  '12", "ad_id": "21509582", "ad_data": {"Make/Model": "Lifan ELITE 250  '12", "Classified number": "21509582", "Price": "€700", "Category": "Bike - Roller/Scooter", "Registration": "1 / 2012", "Mileage": "28,000 km", "Fuel type": "Gasoline", "Cubic capacity": "250 cc", "Power": "23 bhp", "Color": "Black", "Liters/100km": "0.1 (Εντός)", "Modified": "1 day", "Times clicked": "70", "Short link": "www.car.gr/21509582", "Telephone": "None"}, "ad_seller": {}, "metadata": {"type": "Bikes", "brand": "Lifan", "model": "Lifan  ELITE 250  '12 - € 700 EUR"}, "extras": ["Centerstand", "Electric starter", "Exchange with Moto accepted", "Four-stroke engine", "Sidestand", "Καρμπυρατέρ"], "description": "γενική επισκευή . - καινούρια μπαταριά . καινούρια μίζα. καινούριο πολλαπλασιαστη - καινούριες όλες οι λάμπες - Less - "}