{"query": {"url": "https://www.car.gr/2325861-piaggio-cosa", "type": "CAR_ADDE", "trial_count": 7, "last_processed": 1553092843}, "title": "Piaggio COSA  '94", "ad_id": "2325861", "ad_data": {"Make/Model": "Piaggio COSA '94", "Classified number": "2325861", "Price": "€900", "Category": "Bike - Roller/Scooter", "Registration": "1 / 1994", "Mileage": "30,000 km", "Fuel type": "Gasoline", "Cubic capacity": "198 cc", "Power": "25 bhp", "Transmission": "Manual", "Color": "Black", "Modified": "4 hours", "Times clicked": "269", "Short link": "www.car.gr/2325861", "Telephone": "+30 2106048993"}, "ad_seller": {"Dealer": "PATSOUREAS STELIOS-AUTO CENTRO", "Address": "kleisthenous-264", "City": "ΓΕΡΑΚΑΣ", "": "+30 2106048094", "Fax": "+30 2106048094", "Dealer page": "https//patsoureas.car.gr/"}, "metadata": {"type": "Bikes", "brand": "Piaggio", "model": "COSA"}, "extras": ["Car Exchange", "Electric starter", "Two-stroke"], "description": "KAΛΗ ΚΑΤΑΣΤΑΣΗ,ΜΗΧΑΝΙΚΑ ΑΡΙΣΤΟ,ORIGINAL CLASSIC,ΧΩΡΙΣ ΤΗΝ ΠΑΡΑΜΙΚΡΗ ΕΠΕΜΒΑΣΗ ΑΝΑΚΑΤΑΣΚΕΥΗΣ ΧΡΩΜΑ ΕΡΓΟΣΤΑΣΙΑΚΟ ΚΑΘΩΣ ΚΑΙ ΕΝΤΕΛΩΣ ΑΠΕΙΡΑΧΤΗ ΛΟΓΩ ΤΟΥ ΟΤΙ ΓΙΑ 15 ΧΡΟΝΙΑ ΗΤΑΝ ΑΚΙΝΗΤΗ ΙΔΑΝΙΚΗ ΓΙΑ ΣΥΓΚΙΝΗΤΙΚΕΣ ΒΟΛΤΕΣ - Less - "}