{"query": {"url": "https://www.car.gr/4026419-honda-cb-500-cb500t", "type": "CAR_ADDE", "trial_count": 2, "last_processed": 1553100566}, "title": "Honda CB 500 CB500T '74", "ad_id": "4026419", "ad_data": {"Make/Model": "Honda CB 500 CB500T '74", "Classified number": "4026419", "Price": "€7.500", "Category": "Bike - Street Bike", "Registration": "11 / 1974", "Mileage": "2,451 km", "Fuel type": "Gasoline", "Cubic capacity": "500 cc", "Power": "34 bhp", "Color": "Brown (Metallic)", "Modified": "17 days", "Times clicked": "29306", "Short link": "www.car.gr/4026419", "Telephone": "+30 2105544506"}, "ad_seller": {"Dealer": "Technikon Service", "Address": "27oχλμΠΕΟΑΘΜΑΝΔΡΑ", "City": "ΜΑΝΔΡΑ", "": "+30 2105565145", "Dealer page": "https//technikon-service.car.gr/"}, "metadata": {"type": "Bikes", "brand": "Honda", "model": "CB 500"}, "extras": ["Antique-Classic", "Electric starter", "Four-stroke engine", "Kick-Starter", "Service Book"], "description": "ΚΛΑΣΙΚΟ-ΑΝΤΙΚΑ.ΣΕ ΑΡΙΣΤΗ ΚΑΤΑΣΤΑΣΗ.ΠΡΑΓΜΑΤΙΚΑ ΕΧΕΙ ΚΑΝΕΙ 2450 ΜΙΛΙΑ.ΦΥΛΑΣΣΟΤΑΝ ΣΕ ΥΠΟΓΕΙΟ ΓΚΑΡΑΖ ΕΠΙ 39 ΧΡΟΝΙΑ.ΔΕΝ ΕΧΕΙ ΛΥΘΕΙ ΒΙΔΑ,ΕΚΤΟΣ ΑΠΟ ΤΑ ΦΛΩΤΕΡ ΓΙΑ ΚΑΘΑΡΙΣΜΑ,ΑΚΟΜΑ ΚΑΙ ΤΑ ΛΑΣΤΙΧΑ ΕΙΝΑΙ ΤΑ ΔΙΚΑ ΤΗΣ,ΟΠΩΣ ΚΑΙ Ο ΑΕΡΑΣ ΤΟΥΣ!!!!!!!!!!!!!!ΤΟ ΧΡΩΜΑ ΕΙΝΑΙ ΤΟ ΕΡΓΟΣΤΑΣΙΑΚΟ(ΑΒΑΦΗ)!!!!!!!!!!!ΠΑΡΑΚΑΛΩ ΜΟΝΟ ΣΟΒΑΡΕΣ ΠΡΟΤΑΣΕΙΣ - Less - "}