{"query": {"url": "https://www.car.gr/21335091-suzuki-dl-650-v-strom-v-strom-650", "type": "CAR_ADDE", "trial_count": 1, "last_processed": 1553094793}, "title": "Suzuki DL 650 V-STROM V STROM 650 '05", "ad_id": "21335091", "ad_data": {"Make/Model": "Suzuki DL 650 V-STROM V STROM 650 '05", "Classified number": "21335091", "Price": "€3.300", "Category": "Bike - On/Off", "Registration": "9 / 2005", "Mileage": "78,500 km", "Fuel type": "Gasoline", "Cubic capacity": "650 cc", "Power": "70 bhp", "Color": "Black (Metallic)", "Liters/100km": "5.5 (Εντός)/4.5 (Εκτός)/5 (Μικτό)", "Previous owners": "1", "Modified": "1 day", "Times clicked": "254", "Short link": "www.car.gr/21335091", "Telephone": "None"}, "ad_seller": {}, "metadata": {"type": "Bikes", "brand": "Suzuki", "model": "DL 650 V-STROM"}, "extras": ["Cargo Rack", "Cast wheels", "Catalyst", "Electric starter", "Engine Guards", "Exhaust Special", "Gelatin", "Greek Dealership", "Injection", "Service Book", "Sidestand", "Top Box-Μπαγκαζιέρα", "Trip computer"], "description": "Το μηχανάκι είναι σε ΑΡΙΣΤΗ κατάσταση,είναι δεύτερο χέρι,ατρακάριστο,φυλασσόμενο ΠΑΝΤΑ σε κλειστό γκαράζ.Τα περισσότερα χιλιόμετρα είναι σε εθνικές οδούς.Η αλυσίδα έχει 12.000χλμ,αλλαγή λαδιών γινόταν πάντα στα 4.000χλμ μαζί με γνήσιο φίλτρο λαδιού,φοράει φίλτρο αέρα της ΚΝ με καθαρισμό κάθε 8.000. Έχουν αλλαχτεί όλα τα ρουλεμάν τροχών,αλυσίδας αλλά και λαιμού χωρίς να ήταν απαραίτητο,μαζί με τις τσιμούχες τους πριν 4.000χλμ. Το δούλεμα του κινητήρα είναι άψογο. Λάδι δεν καίει καθόλου(Τον χειμώνα bellray 10W40 το καλοκαίρι bellray 15W50). Ρύθμισμα και καθαρισμός πεταλούδων γινόταν καθε χρόνο με ειδικό οργανάκι λόγω σχολαστικότητας.Έχει γίνει αλλαγή TPS πριν 11.000 χλμ για αυτούς που γνωρίζουν,μαζί με αλλαγή αντλίας βενζίνης. Επίσης έχει τοποθετηθεί εξωτερικό φίλτρο βενζίνης για καλύτερη και καθαρότερη λειτουργία του κινητήρα. Έχει γίνει επίσης αλλαγή τσιμουχών και ξύστρων μαζί με bellray 10W στις μπουκάλες πριν 6.000 χλμ. Αλλαγή τακάκια εμπρός-πίσω πριν 6.000. Τα λάστιχα του έχουν περάσει οριακά το μισό χρόνο ζωής τους. Δεν χρειάζεται απολύτως τίποτα. Όχι τηλεφωνα για παζάρια,δεν υπάρχει πίεση πώλησης. - Less - "}