{"query": {"url": "https://www.car.gr/21335036-piaggio-beverly-300", "type": "CAR_ADDE", "trial_count": 1, "last_processed": 1553098867}, "title": "Piaggio Beverly 300  '16", "ad_id": "21335036", "ad_data": {"Make/Model": "Piaggio Beverly 300 '16", "Classified number": "21335036", "Price": "€3.500", "Category": "Bike - Roller/Scooter", "Registration": "9 / 2016", "Mileage": "22,500 km", "Fuel type": "Gasoline", "Cubic capacity": "300 cc", "Power": "30 bhp", "Color": "Black", "Kteo to": "12 / 2019", "Modified": "12 days", "Times clicked": "425", "Short link": "www.car.gr/21335036", "Telephone": "None"}, "ad_seller": {}, "metadata": {"type": "Bikes", "brand": "Piaggio", "model": "Beverly 300"}, "extras": ["Automatic", "Centerstand", "Electric starter", "Exhaust Special", "Gelatin", "Greek Dealership", "Injection", "Kick-Starter", "Led lights", "Spoke wheels"], "description": "Πωλείται piaggio beverly 300 - 1ος κάτοχος αγορασμένο καινούργιο απο την αντιπροσωπεία \"Μακαρώνης.Σ\" στην Αλεξανδρούπλη!!Πολύ προσεγμένο με πολλά extra όπως αναγράφονται αξίας 1500++ - *Τελικό Τιτανίου Akrapovic (490€) - (Χάραξη λογότυπου με laser και κααινούριο σέτ πετροβάμβακες akrapovic (150€) - *Αγωνιστικό βαριατόρ Malossi \"Multivar\" (140€) - *Αγωνιστικός συμπλέκτης Malossi \"Delta Clutch\" (145€) - *Καμπάνα Φυγοκεντρικού Malossi ( 65€) - *Ράουλα malossi (καινόυρια) ( 20€) - *Ελατήριο φυγοκεντρικού Malossi ( 15€) - *Φίλτρο αέρος malossi ( 8€) - *Ιμάντας κίνησης Piaggio ( 65€) - *Βαμμένα κρύσταλλα εκτός του φαναριού που είναι ζελατίνα ( 50€) - *Ταινίες ζάντας ( 25€) - *Λάστιχα pirelli diablo (αλλάχτηκαν πρίν 1700hm - (170€) - *Ρυθμιζόμενες μανέτες & χειρολαβές ( 95€) - *Φιμέ πινακίδας plexiglass ( 20€) - * Led λάμπες με ψύκτρες (μικρή μεγάλη σκάλα) ( 50€) - Δεν χρειάζεται ούτε 1€,πεντακάθαρο και έλεγχος σε οποιοδήποτε μάστορα θέλετε,με πρόσφατο service (πρίν 300hm) όπου αλλάχτηκε η μετάδοση με τα περισσοτερα απο μέσα στα 22.000 hm.Υπάρχουν τα περισσοτερα μαμά πράγματα!Πωλείται καθαρά για αγορά Ι/Χ - ΠΑΖΑΡΙΑ ΟΥΤΕ ΚΑΤΑ ΔΙΑΝΟΙΑ & ΑΝΤΑΛΛΓΕΣ - Less - "}