{"query": {"url": "https://www.car.gr/21335008-piaggio-beverly-400-tourer", "type": "CAR_ADDE", "trial_count": 1, "last_processed": 1553098870}, "title": "Piaggio Beverly 400 Tourer '10", "ad_id": "21335008", "ad_data": {"Make/Model": "Piaggio Beverly 400 Tourer '10", "Classified number": "21335008", "Price": "€1.700", "Category": "Bike - Roller/Scooter", "Registration": "7 / 2010", "Mileage": "58,000 km", "Fuel type": "Gasoline", "Cubic capacity": "400 cc", "Power": "34 bhp", "Color": "Black", "Modified": "12 days", "Times clicked": "55", "Short link": "www.car.gr/21335008", "Telephone": "None"}, "ad_seller": {}, "metadata": {"type": "Bikes", "brand": "Piaggio", "model": "Beverly 400"}, "extras": ["Alarm", "Automatic", "Gelatin", "Kick-Starter", "Service Book", "Top Box-Μπαγκαζιέρα"], "description": "ατρακάριστο , τα σέρβις σε αντιπροσωπεία ,συναγερμός με περιμετρικό αισθητήρα ,δεκτός έλεγχος . - Less - "}