{"query": {"url": "https://www.car.gr/21335059-yamaha-yzf-r1", "type": "CAR_ADDE", "trial_count": 1, "last_processed": 1553096122}, "title": "Yamaha YZF-R1  '06", "ad_id": "21335059", "ad_data": {"Make/Model": "Yamaha YZF-R1 '06", "Classified number": "21335059", "Price": "€4.000", "Category": "Bike - Super Sport", "Registration": "9 / 2006", "Mileage": "65,000 km", "Fuel type": "Gasoline", "Cubic capacity": "1,000 cc", "Power": "180 bhp", "Color": "Black (Metallic)", "Kteo to": "06 / 2020", "Modified": "4 days", "Times clicked": "1134", "Short link": "www.car.gr/21335059", "Telephone": "None"}, "ad_seller": {}, "metadata": {"type": "Bikes", "brand": "Yamaha", "model": "YZF-R1"}, "extras": ["Catalyst", "Electric starter", "Exhaust Special", "Four-stroke engine", "Gelatin", "Injection", "Lights Xenon", "Service Book", "Sidestand", "Trip computer"], "description": "Xenon φωτα - Angel eyes - Led φλασακια - Φαναρι πισω Led με φλας - Ελεύθερες εξατμησεις και καταλύτη - Μονοσελο - Μανετες ρυθμηζομενες - Μανιταρια - Ενισχυμένο βολαν - Φίλτρο Κ&Ν - Καινούργιες τσιμούχες στις μπουκάλες καινουρια δισκακια συμπλέκτη - Καινουρια τακάκια μπρος πισω - 3 κλειδιά και βιβλιο σέρβις - Υπάρχουν και ολα τα μανισια καθρέφτες μανετες κολος 06 - ΠΕΡΙΣΣΟΤΕΡΑ ΣΤΟ ΤΗΛ - <<Η ΤΙΜΗ ΔΕΝ ΚΑΤΕΒΑΙΝΕΙ>> - Less - "}