{"query": {"url": "https://www.car.gr/21335039-yamaha-cygnus-x", "type": "CAR_ADDE", "trial_count": 1, "last_processed": 1553094493}, "title": "Yamaha Cygnus X  '07", "ad_id": "21335039", "ad_data": {"Make/Model": "Yamaha Cygnus X '07", "Classified number": "21335039", "Price": "€850", "Category": "Bike - Roller/Scooter", "Registration": "1 / 2007", "Mileage": "20,500 km", "Fuel type": "Gasoline", "Cubic capacity": "125 cc", "Power": "15 bhp", "Color": "Silver (Metallic)", "Previous owners": "1", "Modified": "1 day", "Times clicked": "168", "Short link": "www.car.gr/21335039", "Telephone": "+30 2109400123"}, "ad_seller": {"Dealer": "PROMOTO ΓΚΙΝΟΣΑΤΗΣ", "Address": "Λ.ΑΜΦΙΘΕΑΣ21Π.ΦΑΛΗΡΟ", "City": "ΠΑΛΑΙΟΦΑΛΗΡΟ", "": "+30 2107624426", "Fax": "+30 2109400131", "Dealer page": "https//promoto.car.gr/", "Website": "http//www.promoto.gr/", "Open hours": "Δευτέρα με Παρασκευή 900 - 2100 και Σάββατο 1000 - 1500"}, "metadata": {"type": "Bikes", "brand": "Yamaha", "model": "Cygnus X"}, "extras": ["Automatic", "Cast wheels", "Centerstand", "Electric starter", "Four-stroke engine", "Sidestand", "Καρμπυρατέρ"], "description": " ΚΑΛΗ ΚΑΤΑΣΤΑΣΗ , ΔΕΚΤΟΣ ΚΑΘΕ ΕΛΕΓΧΟΣ , ΒΡΙΣΚΕΤΑΙ ΣΤΟ ΚΑΤΑΤΑΣΤΗΜΑ ΤΟΥ Π.ΦΑΛΗΡΟΥ , ΛΕΩΦ.ΑΜΦΙΘΕΑΣ 21. - Less - "}