{"query": {"url": "https://www.car.gr/21335042-honda-pcx-150", "type": "CAR_ADDE", "trial_count": 1, "last_processed": 1553095578}, "title": "Honda PCX 150  '14", "ad_id": "21335042", "ad_data": {"Make/Model": "Honda PCX 150 '14", "Classified number": "21335042", "Price": "€2.200", "Category": "Bike - Roller/Scooter", "Registration": "3 / 2014", "Mileage": "32,710 km", "Fuel type": "Gasoline", "Cubic capacity": "150 cc", "Power": "13 bhp", "Color": "White", "Kteo to": "03 / 2020", "Previous owners": "1", "Modified": "3 days", "Times clicked": "36", "Short link": "www.car.gr/21335042", "Telephone": "None"}, "ad_seller": {}, "metadata": {"type": "Bikes", "brand": "Honda", "model": "PCX 150"}, "extras": ["Alarm", "Automatic", "Cast wheels", "Centerstand", "Exchange with Moto accepted", "Four-stroke engine", "Gelatin", "Injection", "Kick-Starter", "Service Book", "Sidestand", "Top Box-Μπαγκαζιέρα"], "description": "Η μηχανή είναι σε άψογη κατάσταση δεκτός κάθε έλεγχος, Δίνεται λόγο αλλάγης κατηγορίας δεκτή ανταλαγή με Kawasaki ninja 250R η Kawasaki Z300 - Less - "}