{"query": {"url": "https://www.car.gr/21335016-honda-pcx-150", "type": "CAR_ADDE", "trial_count": 1, "last_processed": 1553094891}, "title": "Honda PCX 150  '16", "ad_id": "21335016", "ad_data": {"Make/Model": "Honda PCX 150 '16", "Classified number": "21335016", "Price": "€2.300", "Category": "Bike - Roller/Scooter", "Registration": "10 / 2016", "Mileage": "6,400 km", "Fuel type": "Gasoline", "Cubic capacity": "150 cc", "Power": "14 bhp", "Color": "Brown (Metallic)", "Modified": "2 days", "Times clicked": "544", "Short link": "www.car.gr/21335016", "Telephone": "None"}, "ad_seller": {}, "metadata": {"type": "Bikes", "brand": "Honda", "model": "PCX 150"}, "extras": ["Automatic", "Centerstand", "Four-stroke engine", "Led lights", "Service Book", "Sidestand"], "description": "Σαν καινούργιο. - Less - "}