{"query": {"url": "https://www.car.gr/21335013-honda-c-c50cc-12v", "type": "CAR_ADDE", "trial_count": 1, "last_processed": 1553098868}, "title": "Honda C C50CC (στρογγυλοφαναρο) 12V '85", "ad_id": "21335013", "ad_data": {"Make/Model": "Honda C C50CC (στρογγυλοφαναρο) 12V '85", "Classified number": "21335013", "Price": "€1.100", "Category": "Bike - Underbone", "Registration": "1 / 1985", "Mileage": "200 km", "Fuel type": "Gasoline", "Cubic capacity": "110 cc", "Power": "9 bhp", "Color": "Orange (Metallic)", "Modified": "12 days", "Times clicked": "223", "Short link": "www.car.gr/21335013", "Telephone": "None"}, "ad_seller": {"Name": "ΑιμιλιοςΛ.", "Address": "ΙΩΑΝΝΙΝΑP.ΙΩΑΝΝΙΝΩΝ"}, "metadata": {"type": "Bikes", "brand": "Honda", "model": "C"}, "extras": ["Four-stroke engine", "Gelatin"], "description": "ΑΠΟ ΑΝΑΚΑΤΑΣΚΕΥΗ - ΟΛΑ ΚΑΙΝΟΥΡΓΙΑ - ΔΕΚΤΟΣ ΚΑΘΕ ΕΛΕΓΧΟΣ - Less - "}