{"query": {"url": "https://www.car.gr/21335094-honda-cb-200-cb-175", "type": "CAR_ADDE", "trial_count": 1, "last_processed": 1553098865}, "title": "Honda CB 200 CB 175 '71", "ad_id": "21335094", "ad_data": {"Make/Model": "Honda CB 200 CB 175 '71", "Classified number": "21335094", "Price": "€4.000", "Category": "Bike - Street Bike", "Registration": "1 / 1971", "Mileage": "150,000 km", "Fuel type": "Gasoline", "Cubic capacity": "175 cc", "Power": "20 bhp", "Color": "Black", "Previous owners": "1", "Modified": "12 days", "Times clicked": "166", "Short link": "www.car.gr/21335094", "Telephone": "None"}, "ad_seller": {}, "metadata": {"type": "Bikes", "brand": "Honda", "model": "CB 200"}, "extras": [], "description": ""}