{"query": {"url": "https://www.car.gr/4626980-ktm-640-lc4-adventure-r", "type": "CAR_ADDE", "trial_count": 1, "last_processed": 1553094137}, "title": "KTM 640 LC4 Adventure R  '98", "ad_id": "4626980", "ad_data": {"Make/Model": "KTM 640 LC4 Adventure R '98", "Classified number": "4626980", "Price": "€2.200", "Category": "Bike - Εnduro", "Registration": "6 / 1998", "Mileage": "25,000 km", "Fuel type": "Gasoline", "Cubic capacity": "640 cc", "Power": "50 bhp", "Color": "Blue", "Modified": "20 hours", "Times clicked": "319", "Short link": "www.car.gr/4626980", "Telephone": "None"}, "ad_seller": {"Name": "Τρεσσοςπετρος", "Address": "ΑΘΗΝΑP.ΑΤΤΙΚΗΣ"}, "metadata": {"type": "Bikes", "brand": "KTM", "model": "640 LC4 Adventure R"}, "extras": [], "description": ""}