{"query": {"url": "https://www.car.gr/21331262-honda-glx", "type": "CAR_ADDE", "trial_count": 1, "last_processed": 1553098963}, "title": "Honda GLX  '90", "ad_id": "21331262", "ad_data": {"Make/Model": "Honda GLX '90", "Classified number": "21331262", "Price": "€500", "Category": "Bike - Moped", "Registration": "1 / 1990", "Mileage": "37,000 km", "Fuel type": "Gasoline", "Cubic capacity": "72 cc", "Power": "2 bhp", "Color": "Blue", "Modified": "12 days", "Times clicked": "552", "Short link": "www.car.gr/21331262", "Telephone": "None"}, "ad_seller": {}, "metadata": {"type": "Bikes", "brand": "Honda", "model": "GLX"}, "extras": [], "description": "Το Μηχανάκι είναι άριστο έχει γίνει ολικό βάψιμο κ έχει αλλαχτεί πιστόνι κ κύλινδρος από 50αρι σε 72αρι είναι ακόμα στο στρώσιμο .. η τιμή είναι συζητήσιμη.. δεν υπάρχει άδεια έχει χαθεί δεν είναι κλεμμένο υπάρχει κ η πινακίδα του .. για περισσότερες πληροφορίες σε τηλ - Less - "}