{"query": {"url": "https://www.car.gr/21331235-suzuki-dl-650-v-strom", "type": "CAR_ADDE", "trial_count": 1, "last_processed": 1553094642}, "title": "Suzuki DL 650 V-STROM  '07", "ad_id": "21331235", "ad_data": {"Make/Model": "Suzuki DL 650 V-STROM '07", "Classified number": "21331235", "Price": "€3.500", "Category": "Bike - On/Off", "Registration": "1 / 2007", "Mileage": "48,000 km", "Fuel type": "Gasoline", "Cubic capacity": "645 cc", "Power": "2 bhp", "Color": "Silver (Metallic)", "Kteo to": "01 / 2020", "Modified": "1 day", "Times clicked": "518", "Short link": "www.car.gr/21331235", "Telephone": "None"}, "ad_seller": {"Name": "JohnC.", "Address": "ΚΗΦΙΣΙΑP.ΑΤΤΙΚΗΣ"}, "metadata": {"type": "Bikes", "brand": "Suzuki", "model": "DL 650 V-STROM"}, "extras": ["ABS", "Alarm", "Bars", "Engine Guards", "Greek Dealership", "Lights Xenon", "Service Book", "Sidestand", "Top Box-Μπαγκαζιέρα"], "description": "Σε πολύ καλή κατάσταση. Άριστο μηχανικά. Με 3 μικρά γδαρσίματα όπως φαίνονται στις φωτογραφίες έπειτα από πτώση. Αυτός είναι και ο λόγος της πώλησης. Σέρβις με καινούργια αλυσίδα και γρανάζια στα 46.480 χιλιόμετρα. Ολοκαίνουργια μπαταρία. - Less - "}