{"query": {"url": "https://www.car.gr/21331248-honda-transalp-650", "type": "CAR_ADDE", "trial_count": 1, "last_processed": 1553098963}, "title": "Honda Transalp 650  '06", "ad_id": "21331248", "ad_data": {"Make/Model": "Honda Transalp 650 '06", "Classified number": "21331248", "Price": "€2.600", "Category": "Bike - On/Off", "Registration": "1 / 2006", "Mileage": "42,000 km", "Fuel type": "Gasoline", "Cubic capacity": "650 cc", "Power": "5 bhp", "Color": "Silver (Metallic)", "Kteo to": "09 / 2019", "Previous owners": "1", "Modified": "12 days", "Times clicked": "160", "Short link": "www.car.gr/21331248", "Telephone": "None"}, "ad_seller": {}, "metadata": {"type": "Bikes", "brand": "Honda", "model": "Transalp 650"}, "extras": ["Greek Dealership"], "description": ""}