{"query": {"url": "https://www.car.gr/21335322-suzuki-gsx-r-1300-hayabusa-gsxr1300-hayabusa", "type": "CAR_ADDE", "trial_count": 1, "last_processed": 1553098851}, "title": "Suzuki GSX-R 1300 Hayabusa GSXR1300 HAYABUSA '02", "ad_id": "21335322", "ad_data": {"Make/Model": "Suzuki GSX-R 1300 Hayabusa GSXR1300 HAYABUSA '02", "Classified number": "21335322", "Price": "€4.000", "Category": "Bike - Street Bike", "Registration": "6 / 2002", "Mileage": "70,000 km", "Fuel type": "Gasoline", "Cubic capacity": "1,300 cc", "Power": "185 bhp", "Color": "Black (Metallic)", "Kteo to": "05 / 2019", "Modified": "12 days", "Times clicked": "203", "Short link": "www.car.gr/21335322", "Telephone": "None"}, "ad_seller": {}, "metadata": {"type": "Bikes", "brand": "Suzuki", "model": "GSX-R 1300 Hayabusa"}, "extras": [], "description": "ARISTH KATASTASH.. DEKTOS KATHE ELEGXOS... - Less - "}