{"query": {"url": "https://www.car.gr/21335313-gilera", "type": "CAR_ADDE", "trial_count": 1, "last_processed": 1553098851}, "title": "Gilera   '12", "ad_id": "21335313", "ad_data": {"Make/Model": "Gilera '12", "Classified number": "21335313", "Price": "€1.600", "Category": "Bike - Roller/Scooter", "Registration": "1 / 2012", "Mileage": "15,000 km", "Fuel type": "Gasoline", "Cubic capacity": "125 cc", "Power": "10 bhp", "Color": "Black", "Modified": "12 days", "Times clicked": "103", "Short link": "www.car.gr/21335313", "Telephone": "None"}, "ad_seller": {}, "metadata": {"type": "Bikes", "brand": "Gilera", "model": "Gilera   '12 - € 1.600 EUR"}, "extras": [], "description": ""}