{"query": {"url": "https://www.car.gr/21335305-ducati-multistrada-1200", "type": "CAR_ADDE", "trial_count": 1, "last_processed": 1553094649}, "title": "Ducati Multistrada 1200  '12", "ad_id": "21335305", "ad_data": {"Make/Model": "Ducati Multistrada 1200 '12", "Classified number": "21335305", "Price": "€9.500", "Category": "Bike - On/Off", "Registration": "2 / 2012", "Mileage": "31,000 km", "Fuel type": "Gasoline", "Cubic capacity": "1,200 cc", "Power": "150 bhp", "Color": "Red", "Modified": "1 day", "Times clicked": "1605", "Short link": "www.car.gr/21335305", "Telephone": "None"}, "ad_seller": {}, "metadata": {"type": "Bikes", "brand": "Ducati", "model": "Multistrada 1200"}, "extras": ["Electric starter", "Greek Dealership", "Injection", "TCS-TractionControl", "Trip computer"], "description": "Η μηχανή είναι σε άριστη κατάσταση όπως φαίνεται και στις φωτογραφίες!Είναι πρώτο χέρι και ατρακάριστη..Φυλάσσεται σε κλειστό γκαράζ..Φοράει ολόσωμη εξάτμιση mivv suono και φίλτρο αέρος BMC..Δεκτός κάθε έλεγχος. - Less - "}