{"query": {"url": "https://www.car.gr/4653357-harley-davidson-fat-boy", "type": "CAR_ADDE", "trial_count": 1, "last_processed": 1553097903}, "title": "Harley Davidson FAT BOY  '02", "ad_id": "4653357", "ad_data": {"Make/Model": "Harley Davidson FAT BOY '02", "Classified number": "4653357", "Price": "€15.000", "Category": "Bike - Custom", "Registration": "5 / 2002", "Mileage": "27,000 km", "Fuel type": "Gasoline", "Cubic capacity": "1,449 cc", "Power": "82 bhp", "Color": "Black", "Kteo to": "03 / 2019", "Modified": "9 days", "Times clicked": "3522", "Short link": "www.car.gr/4653357", "Telephone": "None"}, "ad_seller": {}, "metadata": {"type": "Bikes", "brand": "Harley Davidson", "model": "FAT BOY"}, "extras": [], "description": "Μαυρο ματ!Εχει γινει σέρβις πριν 100klm.εξατμησεις-σφυρήλατα πιστονια scream n eagle.λαστιχα 1000 χλμ!γενικα η μηχανη ειναι σαν καινουρια με πολλα έξτρα! - Less - "}