{"query": {"url": "https://www.car.gr/21335698-yamaha-crypton-crypton-x-135", "type": "CAR_ADDE", "trial_count": 1, "last_processed": 1553094622}, "title": "Yamaha Crypton CRYPTON-X 135 '10", "ad_id": "21335698", "ad_data": {"Make/Model": "Yamaha Crypton CRYPTON-X 135 '10", "Classified number": "21335698", "Price": "€2.100", "Category": "Bike - Underbone", "Registration": "7 / 2010", "Mileage": "39,678 km", "Fuel type": "Gasoline", "Cubic capacity": "134 cc", "Power": "12 bhp", "Color": "Blue", "Kteo to": "05 / 2020", "Modified": "1 hour", "Times clicked": "853", "Short link": "www.car.gr/21335698", "Telephone": "None"}, "ad_seller": {}, "metadata": {"type": "Bikes", "brand": "Yamaha", "model": "Crypton"}, "extras": [], "description": "-εξάτμιση protech + μανήσια. -ξένον λάμπα -σίτα μπλε στο ψυγείο -ζάντες excel με μπλε στεφάνι - Ανταλλαγή με beverly 350, 400, 500 - ΝΙΓΡΙΤΑ - ΚΩΣΤΑΣ - Less - "}