{"query": {"url": "https://www.car.gr/21335614-yamaha-xt-600e", "type": "CAR_ADDE", "trial_count": 1, "last_processed": 1553098818}, "title": "Yamaha XT 600E  '03", "ad_id": "21335614", "ad_data": {"Make/Model": "Yamaha XT 600E '03", "Classified number": "21335614", "Price": "€1.200", "Category": "Bike - Super Motard", "Registration": "1 / 2003", "Mileage": "99,000 km", "Fuel type": "Gasoline", "Cubic capacity": "598 cc", "Power": "15 bhp", "Color": "Black", "Kteo to": "01 / 2020", "Modified": "12 days", "Times clicked": "80", "Short link": "www.car.gr/21335614", "Telephone": "None"}, "ad_seller": {}, "metadata": {"type": "Bikes", "brand": "Yamaha", "model": "XT 600E"}, "extras": [], "description": "Μηχανικα ειναι μια χαρα.δεκτος καθε ελεγχος.το μονο που χρειαζεται ειναι λαστιχα και αριστερος αεραγωγος.ανταλλαγη με παπι-σκουτερ - Less - "}