{"query": {"url": "https://www.car.gr/21335660-suzuki-fx-125", "type": "CAR_ADDE", "trial_count": 1, "last_processed": 1553098818}, "title": "Suzuki FX 125  '02", "ad_id": "21335660", "ad_data": {"Make/Model": "Suzuki FX 125 '02", "Classified number": "21335660", "Price": "€1.800", "Category": "Bike - Underbone", "Registration": "11 / 2002", "Mileage": "27,356 km", "Fuel type": "Gasoline", "Cubic capacity": "125 cc", "Power": "12 bhp", "Color": "Dark Green", "Kteo to": "08 / 2020", "Previous owners": "1", "Modified": "12 days", "Times clicked": "556", "Short link": "www.car.gr/21335660", "Telephone": "None"}, "ad_seller": {}, "metadata": {"type": "Bikes", "brand": "Suzuki", "model": "FX 125"}, "extras": ["Exchange with Moto accepted", "Four-stroke engine", "Kick-Starter", "Sidestand", "Spoke wheels", "Καρμπυρατέρ"], "description": "Το μηχανάκι είναι από πρόσφατη επισκευή πιστόλι,βαλβίδες,αλυσίδακι,δίσκους,βάψιμο σκελετό,ψαλιδη,πιρουνια,καπάκια μοτέρ - Less - "}