{"query": {"url": "https://www.car.gr/21335608-yamaha-xt-600e-xt600e", "type": "CAR_ADDE", "trial_count": 1, "last_processed": 1553098819}, "title": "Yamaha XT 600E XT600E '00", "ad_id": "21335608", "ad_data": {"Make/Model": "Yamaha XT 600E XT600E '00", "Classified number": "21335608", "Price": "€1.600", "Category": "Bike - Εnduro", "Registration": "2 / 2000", "Mileage": "55,000 km", "Fuel type": "Gasoline", "Cubic capacity": "600 cc", "Power": "40 bhp", "Color": "Blue", "Liters/100km": "5 (Εντός)", "Previous owners": "1", "Modified": "12 days", "Times clicked": "156", "Short link": "www.car.gr/21335608", "Telephone": "None"}, "ad_seller": {}, "metadata": {"type": "Bikes", "brand": "Yamaha", "model": "XT 600E"}, "extras": ["Four-stroke engine"], "description": "Μόλις βγήκε από σέρβις, με πληρωμένα τέλη κυκλοφορίας τρέχοντος έτους και με ΚΤΕΟ έως 10/2020. Μαμά, με εξάτμιση Arrow. Περιοχή Χανιά Κρήτης. - Less - "}