{"query": {"url": "https://www.car.gr/21335656-yamaha-x-max-300", "type": "CAR_ADDE", "trial_count": 1, "last_processed": 1553093794}, "title": "Yamaha X-Max 300  '18", "ad_id": "21335656", "ad_data": {"Make/Model": "Yamaha X-Max 300 '18", "Classified number": "21335656", "Price": "€5.500", "Category": "Bike - Roller/Scooter", "Registration": "3 / 2018", "Mileage": "3,950 km", "Fuel type": "Gasoline", "Cubic capacity": "300 cc", "Power": "28 bhp", "Color": "Grey", "Kteo to": "03 / 2022", "Liters/100km": "3.9 (Εντός)/3.3 (Εκτός)/3.7 (Μικτό)", "Modified": "8 hours", "Times clicked": "870", "Short link": "www.car.gr/21335656", "Telephone": "None"}, "ad_seller": {}, "metadata": {"type": "Bikes", "brand": "Yamaha", "model": "X-Max 300"}, "extras": ["ABS", "Automatic", "Cast wheels", "Centerstand", "Electric starter", "Four-stroke engine", "Gelatin", "Greek Dealership", "Injection", "Led lights", "Remote Control", "Service Book", "Trip computer"], "description": "Πωλειται, οχι απο αναγκη, Xmax 300 του 2018, χρωματος γκρι σε κατασταση βιτρινας με 3.950km. - Διαθετει extra: 1) πατακια αλουμινενια γνησια YAMAHA - 2) 2o keyless κλειδι γνησιο YAMAHA (εξτρα παραγγελια) - Αξιζει να το δειτε απο κοντα, το μηχανακι ειναι πραγματικα καινουριο. - Less - "}