{"query": {"url": "https://www.car.gr/21335688-kawasaki-zx-636-r-636-zx6-zx-6-zx6r-zx-6r", "type": "CAR_ADDE", "trial_count": 1, "last_processed": 1553098832}, "title": "Kawasaki ZX-636 R 636, zx6, zx-6, zx6r, zx-6r '05", "ad_id": "21335688", "ad_data": {"Make/Model": "Kawasaki ZX-636 R 636, zx6, zx-6, zx6r, zx-6r '05", "Classified number": "21335688", "Price": "€3.500", "Category": "Bike - Super Sport", "Registration": "1 / 2005", "Mileage": "47,000 km", "Fuel type": "Gasoline", "Cubic capacity": "636 cc", "Power": "130 bhp", "Color": "Green", "Kteo to": "01 / 2020", "Previous owners": "2", "Modified": "12 days", "Times clicked": "185", "Short link": "www.car.gr/21335688", "Telephone": "None"}, "ad_seller": {}, "metadata": {"type": "Bikes", "brand": "Kawasaki", "model": "ZX-636 R"}, "extras": ["Electric starter", "Exhaust Special", "Four-stroke engine", "Gelatin", "Injection", "Service Book", "Sidestand"], "description": "Kawasaki ninja 636 05 τιμή 3500 συζητήσιμη - Σε άριστη κατάσταση - Φοράει ολόσωμη arata, φίλτρο αέρα kn, σωληνάκια υψηλής HEL, καινούρια τακάκια, ζελατίνα ermax, υπάρχει μονόσελο. - Από πρόσφατο φουλ σέρβις των 46.500 χιλιομέτρων, σε γνωστό εξουσιοδοτημένο συνεργείο, με: αλλαγή λάδια - φίλτρο, υγρών φρένων (μαζί με τα τακάκια και σωληνακια υψηλής μπροστά), παραφλού, ρύθμιση βαλβίδων, φουλ σέρβις μπροστά αναρτήσεων, κτλ. - Δεκτός κάθε έλεγχος. - Η μηχανή είναι αυτή που φαίνεται στο video των The 2 Motorheads - Less - "}