{"query": {"url": "https://www.car.gr/21335682-honda-astrea-supra-100", "type": "CAR_ADDE", "trial_count": 1, "last_processed": 1553098832}, "title": "Honda Astrea Supra 100  '02", "ad_id": "21335682", "ad_data": {"Make/Model": "Honda Astrea Supra 100 '02", "Classified number": "21335682", "Price": "€800", "Category": "Bike - Underbone", "Registration": "1 / 2002", "Mileage": "35,765 km", "Fuel type": "Gasoline", "Cubic capacity": "100 cc", "Power": "9 bhp", "Color": "Purple-Violet (Metallic)", "Kteo to": "04 / 2020", "Modified": "12 days", "Times clicked": "457", "Short link": "www.car.gr/21335682", "Telephone": "None"}, "ad_seller": {}, "metadata": {"type": "Bikes", "brand": "Honda", "model": "Astrea Supra 100"}, "extras": [], "description": "Σε πολυ καλη κατασταση...ανταλλαγη και με honda glx - Less - "}