{"query": {"url": "https://www.car.gr/5020456-peugeot-geopolis-400-safety-pack", "type": "CAR_ADDE", "trial_count": 1, "last_processed": 1553094739}, "title": "Peugeot Geopolis 400 Safety Pack  '14", "ad_id": "5020456", "ad_data": {"Make/Model": "Peugeot Geopolis 400 Safety Pack '14", "Classified number": "5020456", "Price": "€4.490", "Category": "Bike - Roller/Scooter", "Registration": "4 / 2014", "Fuel type": "Gasoline", "Cubic capacity": "399 cc", "Power": "12 bhp", "Color": "Silver (Metallic)", "Modified": "1 day", "Times clicked": "63", "Short link": "www.car.gr/5020456", "Telephone": "+30 2102388281"}, "ad_seller": {"Dealer": "ΝΙΚΑΣ ΣΠΥΡΙΔΩΝ", "Address": "ΛΕΩΦ.ΔΗΜΟΚΡΑΤΙΑΣ290", "City": "ΑΧΑΡΝΕΣ", "": "+30 2102381638", "Fax": "+30 2102388282", "Dealer page": "https//chevrolet-nikas.car.gr/"}, "metadata": {"type": "Bikes", "brand": "Peugeot", "model": "Geopolis 400 Safety Pack"}, "extras": ["Automatic", "Electric starter", "Exchange with Moto accepted", "Four-stroke engine"], "description": "ΚΑΙΝΟΥΡΙΟ 0 ΧΙΛΙΟΜΕΤΡΑ - Less - "}