{"query": {"url": "https://www.car.gr/7191188-kymco-people-250", "type": "CAR_ADDE", "trial_count": 1, "last_processed": 1553102540}, "title": "Kymco People 250  '08", "ad_id": "7191188", "ad_data": {"Make/Model": "Kymco People 250 '08", "Classified number": "7191188", "Price": "€1.400", "Category": "Bike - Roller/Scooter", "Registration": "9 / 2008", "Mileage": "36,000 km", "Fuel type": "Gasoline", "Cubic capacity": "250 cc", "Power": "24 bhp", "Color": "Blue", "Modified": "31 days", "Times clicked": "1531", "Short link": "www.car.gr/7191188", "Telephone": "+30 2821099405"}, "ad_seller": {"Dealer": "CHANIA MOTORCYCLES", "Address": "ΝΙΚΟΛΑΟΥΠΛΑΣΤΗΡΑ4", "City": "ΧΑΝΙΑ", "": "+30 6980127373", "Fax": "+30 6996312247", "Dealer page": "https//stavroulakis-cars.car.gr/"}, "metadata": {"type": "Bikes", "brand": "Kymco", "model": "People 250"}, "extras": ["Automatic", "Car Exchange", "Electric starter", "Exchange with Moto accepted", "Four-stroke engine", "Service Book", "Top Box-Μπαγκαζιέρα"], "description": "πολυ καλη κατασταση - Less - "}