{"query": {"url": "https://www.car.gr/5469040-yamaha-x-max-versity-x-max-x-city-majesty", "type": "CAR_ADDE", "trial_count": 1, "last_processed": 1553099050}, "title": "Yamaha X-MAX Versity x max- x city- Majesty '09", "ad_id": "5469040", "ad_data": {"Make/Model": "Yamaha X-MAX Versity x max- x city- Majesty '09", "Classified number": "5469040", "Price": "€1.700", "Category": "Bike - Roller/Scooter", "Registration": "6 / 2009", "Mileage": "24,000 km", "Fuel type": "Gasoline", "Cubic capacity": "300 cc", "Power": "34 bhp", "Color": "Light Blue (Metallic)", "Modified": "13 days", "Times clicked": "20119", "Short link": "www.car.gr/5469040", "Telephone": "+30 2392023330"}, "ad_seller": {"Dealer": "ΑΥΤΟΚΙΝΗΣΗ ΚΩΝΣΤΑΝΤΙΝΙΔΗΣ ΝΤΙΝΟΣ ΑΥΤΟΚΙΝΗΣΗ-ΚΩΝΣΤΑΝΤΙΝΙΔΗΣ ΝΤΙΝΟΣ", "Address": "19οΧΙΛ.ΘΕΣΣΑΛΟΝΙΚΗΣ-ΠΕΡΑΙΑ", "City": "ΠΕΡΙΟΧΗΑΕΡΟΔΡΟΜΙΟΥ", "": "+30 2392023330", "Fax": "+30 2392023338", "Dealer page": "https//autokinisi.car.gr/"}, "metadata": {"type": "Bikes", "brand": "Yamaha", "model": "X-MAX"}, "extras": ["Automatic", "Car Exchange", "Electric starter", "Exchange with Moto accepted", "Four-stroke engine", "Gelatin", "Service Book", "Top Box-Μπαγκαζιέρα"], "description": "---ΠΡΩΤΗ ΑΔΕΙΑ ΚΥΚΛΟΦΟΡΙΑΣ 2009!!! ---ΠΡΩΤΟ ΧΕΡΙ!!! ---24.000 ΧΙΛΙΟΜΕΤΡΑ!!! - Less - "}