{"query": {"url": "https://www.car.gr/7179411-daytona-leopard-125", "type": "CAR_ADDE", "trial_count": 1, "last_processed": 1553104934}, "title": "Daytona  LEOPARD 125 & δωρα  '19", "ad_id": "7179411", "ad_data": {"Make/Model": "Daytona LEOPARD 125 & δωρα  '19", "Classified number": "7179411", "Price": "€1", "Category": "Bike - On/Off", "Registration": "1 / 2019", "Fuel type": "Gasoline", "Cubic capacity": "125 cc", "Power": "15 bhp", "Color": "Red", "Modified": "11 hours", "Times clicked": "835", "Short link": "www.car.gr/7179411", "Telephone": "+30 6945887741"}, "ad_seller": {"Dealer": "AUTO-MOTO-SYM -STASINOS", "Address": "MANOUKATRAKI25", "City": "ΑΓΡΙΝΙΟ", "": "+30 2641301992", "Fax": "+30 2641301992", "Dealer page": "https//moto-stasinos.car.gr/"}, "metadata": {"type": "Bikes", "brand": "Daytona", "model": "Daytona  LEOPARD 125 & δωρα  '19 - € 1 EUR"}, "extras": [], "description": "ΔΩΡΑ - ΚΡΑΝΟΣ - ΑΔΙΑΒΡΟΧΟ ΜΠΟΥΦΑΝ - ΑΔΙΑΒΡΟΧΟΠΑΝΤΕΛΟΝΙ - ΚΟΥΚΟΥΛΑ - ΚΛΕΙΔΑΡΙΑ ΤΡΟΧΟΥ - ΓΑΝΤΙΑ - ΚΑΙ ΣΕ ΔΩΔΕΚΑ ΑΤΟΚΕΣ ΔΩΣΕΙΣ - Less - "}