{"query": {"url": "https://www.car.gr/21334986-bmw-f-650", "type": "CAR_ADDE", "trial_count": 1, "last_processed": 1553098871}, "title": "Bmw F 650  '02", "ad_id": "21334986", "ad_data": {"Make/Model": "Bmw F 650 '02", "Classified number": "21334986", "Price": "€1.800", "Category": "Bike - On/Off", "Registration": "1 / 2002", "Fuel type": "Gasoline", "Cubic capacity": "650 cc", "Power": "42 bhp", "Color": "Red", "Modified": "12 days", "Times clicked": "98", "Short link": "www.car.gr/21334986", "Telephone": "None"}, "ad_seller": {}, "metadata": {"type": "Bikes", "brand": "Bmw", "model": "F 650"}, "extras": [], "description": ""}