{"query": {"url": "https://www.car.gr/21334950-modenas-kriss", "type": "CAR_ADDE", "trial_count": 1, "last_processed": 1553098873}, "title": "Modenas Kriss  '09", "ad_id": "21334950", "ad_data": {"Make/Model": "Modenas Kriss '09", "Classified number": "21334950", "Price": "€600", "Category": "Bike - Underbone", "Registration": "3 / 2009", "Mileage": "18,377 km", "Fuel type": "Gasoline", "Cubic capacity": "115 cc", "Power": "9 bhp", "Color": "Black", "Kteo to": "04 / 2020", "Previous owners": "1", "Modified": "12 days", "Times clicked": "187", "Short link": "www.car.gr/21334950", "Telephone": "None"}, "ad_seller": {}, "metadata": {"type": "Bikes", "brand": "Modenas", "model": "Kriss"}, "extras": [], "description": "Το μηχανάκι είναι σε καλή κατάσταση για τιν τιμή του θέλει κάποια πράγματα μικρά έχει πρόσφατο γενικό σέρβις επίσης και λάστιχο - εχει όλα τα χαρτιά του και περασμένο κτεο -εχει μανετα apido -Χιρολαβες playlife -Λάμπες λεντε -το μιχανακι θέλει μια ζάντα μπροστά exel γιατί είναι κοκαλενια -καλμπιλατερ keihin 18 -κύλινδρο sanren - Παιδιά μίν περνετε τζάμπα τηλέφωνο αν δεν ενδιαφέρεστε... Η τιμή είναι φισιολογικη τα υπόλοιπα από το τηλέφωνο... -δίνει και αλλα πράγματα οπός -apido εξάτμιση τελικο και σολινα από nb1 και πλαστικά.... - Το μιχανακι είναι μαμά..... - Μπορείτε να με βρείτε και στο { instagram frentisofficial} - Η στο fb frentis xotzas - Less - "}