{"query": {"url": "https://www.car.gr/21334990-bmw-r-ninet", "type": "CAR_ADDE", "trial_count": 1, "last_processed": 1553096632}, "title": "Bmw R nineT  '17", "ad_id": "21334990", "ad_data": {"Make/Model": "Bmw R nineT '17", "Classified number": "21334990", "Price": "€16.700", "Category": "Bike - Cafe Racer", "Registration": "11 / 2017", "Mileage": "194 km", "Fuel type": "Gasoline", "Cubic capacity": "1,200 cc", "Power": "110 bhp", "Color": "Black (Metallic)", "Modified": "6 days", "Times clicked": "362", "Short link": "www.car.gr/21334990", "Telephone": "+30 2109213092"}, "ad_seller": {"Dealer": "ΒΑΓΙΑΝΕΛΗΣ ΑΕ BMW", "Address": "ΛΕΩΦΟΡΟΒΟΥΛΙΑΓΜΕΝΗΣ339", "City": "ΗΛΙΟΥΠΟΛΗ", "": "+30 2109716726", "Fax": "+30 2109233255", "Dealer page": "https//vagianelis-moto.car.gr/", "Website": "http//www.vagianelis.bmw-motorrad.gr"}, "metadata": {"type": "Bikes", "brand": "Bmw", "model": "R nineT"}, "extras": ["ABS", "Exhaust Special", "Led lights", "Service Book", "Sidestand", "Spoke wheels", "TCS-TractionControl", "Trip computer"], "description": "MIA ΟΛΟΚΑΙΝΟΥΡΓΙΑ ΜΟΤΟΣΥΚΛΕΤΑ ΕΝΤΟΣ ΕΓΓΥΗΣΗΣ ΜΕ 194 ΧΙΛΙΟΜΕΤΡΑ!! - ABS - ASC - LED ΦΛΑΣ - ΧΡΩΜΙΟ ΕΞΑΤΜΙΣΗΣ - AKRAPOVIC - ΒΟΟΚ SERVIVE - ΕΝΤΟΣ ΕΡΓΟΣΤΑΣΙΑΚΗΣ ΕΓΓΥΗΣΗΣ - Less - "}