{"query": {"url": "https://www.car.gr/21334959-ktm-1290-super-adventure", "type": "CAR_ADDE", "trial_count": 1, "last_processed": 1553097426}, "title": "KTM 1290 Super Adventure  '17", "ad_id": "21334959", "ad_data": {"Make/Model": "KTM 1290 Super Adventure '17", "Classified number": "21334959", "Price": "€17.000", "Category": "Bike - Εnduro", "Registration": "12 / 2017", "Mileage": "2,000 km", "Fuel type": "Gasoline", "Cubic capacity": "1,290 cc", "Power": "140 bhp", "Color": "Orange", "Previous owners": "1", "Modified": "8 days", "Times clicked": "485", "Short link": "www.car.gr/21334959", "Telephone": "+30 2109237000"}, "ad_seller": {"Dealer": "BAXEVANIS MOTO", "Address": "ΚΑΛΛΙΡΟΗΣ12", "City": "ΑΘΗΝΑ", "": "+30 2109241083", "Fax": "+30 2109241973", "Dealer page": "https//baxevanismoto.car.gr/", "Website": "http//www.baxevanismoto.com"}, "metadata": {"type": "Bikes", "brand": "KTM", "model": "1290 Super Adventure"}, "extras": ["ABS", "Bars", "Cargo Rack", "Centerstand", "Electric starter", "Exhaust Special", "Four-stroke engine", "Gelatin", "Greek Dealership", "Heated Handguards", "Injection", "Led lights", "Service Book", "Sidestand", "Skid Plate", "Spoke wheels", "TCS-TractionControl", "Top Box-Μπαγκαζιέρα", "Trip computer"], "description": "Κατάσταση καινούργιου με πολλά extra σοβαρές προτάσεις.....και με 0 προκαταβολή και σε 72 δόσεις μεσω τραπεζας. - Νavigator - Ποδιά - θερμενόμενη σέλλα - θερμενόμενα grips - φώτα ομίχλης - κλειδαριά δισκοφρένου ενσωματομένη - Hill control - Quick sifter - Βαλίτσα σχαρα GIVI - Ζελατίνη Puig - Less - "}