{"query": {"url": "https://www.car.gr/21334937-yamaha-fz1-naked", "type": "CAR_ADDE", "trial_count": 1, "last_processed": 1553095184}, "title": "Yamaha FZ1 Naked  '08", "ad_id": "21334937", "ad_data": {"Make/Model": "Yamaha FZ1 Naked '08", "Classified number": "21334937", "Price": "€4.600", "Category": "Bike - Naked", "Registration": "3 / 2008", "Mileage": "42,494 km", "Fuel type": "Gasoline", "Cubic capacity": "998 cc", "Power": "150 bhp", "Color": "Black", "Modified": "2 days", "Times clicked": "443", "Short link": "www.car.gr/21334937", "Telephone": "+30 2310522774"}, "ad_seller": {"Dealer": "ΜΑΤΑΚΟS MOTORS Yamaha Matakos", "Address": "ΛΑΓΚΑΔΑ120", "City": "ΝΕΑΠΟΛΗ", "": "+30 2310513967", "Dealer page": "https//moto-matakos.car.gr/", "Website": "http//www.matakosmotors.gr", "Open hours": "Δευτέρα - Παρασκευή\n09.00 πμ - 19.00 μμ\nΣαβ - Κυρ   Κλειστά"}, "metadata": {"type": "Bikes", "brand": "Yamaha", "model": "FZ1 Naked"}, "extras": [], "description": "ΑΡΙΣΤΗ ΚΑΤΑΣΤΑΣΗ - ΒΙΒΛΙΟ ΣΕΡΒΙΣ - ΣΥΝΑΓΕΡΜΟΣ PATROL - Less - "}