{"query": {"url": "https://www.car.gr/21334980-daytona-rock-125", "type": "CAR_ADDE", "trial_count": 1, "last_processed": 1553094256}, "title": "Daytona  ROCK 125 '18", "ad_id": "21334980", "ad_data": {"Make/Model": "Daytona ROCK 125 '18", "Classified number": "21334980", "Price": "€2.100", "Category": "Bike - Underbone", "Registration": "8 / 2018", "Mileage": "7,500 km", "Fuel type": "Gasoline", "Cubic capacity": "125 cc", "Power": "10 bhp", "Color": "Black", "Kteo to": "08 / 2022", "Liters/100km": "3.5 (Εντός)/3 (Εκτός)/2.4 (Μικτό)", "Modified": "21 hours", "Times clicked": "284", "Short link": "www.car.gr/21334980", "Telephone": "None"}, "ad_seller": {"Name": "ΚΟΜΟΤΗΝΗ", "Address": "ΚΟΜΟΤΗΝΗP.ΡΟΔΟΠΗΣ"}, "metadata": {"type": "Bikes", "brand": "Daytona", "model": "Daytona  ROCK 125 '18 - € 2.100 EUR (Negotiable)"}, "extras": [], "description": "Η μηχανή είναι σε άριστη κατάσταση. - Προσεγμένο και όλα σέρβις στα ώρα τους. - Πραγματικά χιλιόμετρα με Book service. - Έχει μπλέ και κόκκινο κοντέρ light - ΚΤΕΟ μέχρι 2022. - Δεκτός κάθε έλεγχος. - Less - "}