{"query": {"url": "https://www.car.gr/21334918-honda-crf-250r-crf-250", "type": "CAR_ADDE", "trial_count": 1, "last_processed": 1553098876}, "title": "Honda CRF 250R Crf 250 '18", "ad_id": "21334918", "ad_data": {"Make/Model": "Honda CRF 250R Crf 250 '18", "Classified number": "21334918", "Price": "€6.800", "Category": "Bike - Motocross", "Registration": "6 / 2018", "Mileage": "10 km", "Fuel type": "Gasoline", "Cubic capacity": "250 cc", "Power": "55 bhp", "Color": "Red", "Modified": "12 days", "Times clicked": "165", "Short link": "www.car.gr/21334918", "Telephone": "None"}, "ad_seller": {}, "metadata": {"type": "Bikes", "brand": "Honda", "model": "CRF 250R"}, "extras": ["Electric starter"], "description": "San kenourio! Me olosomi yoshimura rs-9t - Less - "}