{"query": {"url": "https://www.car.gr/21334970-yamaha-tdm-900", "type": "CAR_ADDE", "trial_count": 1, "last_processed": 1553095183}, "title": "Yamaha TDM 900  '03", "ad_id": "21334970", "ad_data": {"Make/Model": "Yamaha TDM 900 '03", "Classified number": "21334970", "Price": "€3.800", "Category": "Bike - Sport Touring", "Registration": "1 / 2003", "Mileage": "68,000 km", "Fuel type": "Gasoline", "Cubic capacity": "897 cc", "Power": "86 bhp", "Color": "Dark blue", "Modified": "2 days", "Times clicked": "170", "Short link": "www.car.gr/21334970", "Telephone": "+30 2310522774"}, "ad_seller": {"Dealer": "ΜΑΤΑΚΟS MOTORS Yamaha Matakos", "Address": "ΛΑΓΚΑΔΑ120", "City": "ΝΕΑΠΟΛΗ", "": "+30 2310513967", "Dealer page": "https//moto-matakos.car.gr/", "Website": "http//www.matakosmotors.gr", "Open hours": "Δευτέρα - Παρασκευή\n09.00 πμ - 19.00 μμ\nΣαβ - Κυρ   Κλειστά"}, "metadata": {"type": "Bikes", "brand": "Yamaha", "model": "TDM 900"}, "extras": [], "description": "ΑΡΙΣΤΗ ΚΑΤΑΣΤΑΣΗ - ΒΙΒΛΙΟ ΣΕΡΒΙΣ - ΚΕΝΤΡΙΚΗ ΒΑΛΙΤΣΑ - ΠΛΑΙΝΕΣ ΒΑΛΙΤΣΕΣ - ΚΑΓΚΛΕΛΑ ΚΙΝΗΤΗΡΑ - ΕΞΑΤΜΙΣΕΙΣ - ΕΛΑΣΤΙΚΑ 2017 - Less - "}