{"query": {"url": "https://www.car.gr/21334957-triumph-speed-triple-1050", "type": "CAR_ADDE", "trial_count": 1, "last_processed": 1553097491}, "title": "Triumph Speed Triple 1050  '05", "ad_id": "21334957", "ad_data": {"Make/Model": "Triumph Speed Triple 1050 '05", "Classified number": "21334957", "Price": "€4.000", "Category": "Bike - Naked", "Registration": "9 / 2005", "Mileage": "51,000 km", "Fuel type": "Gasoline", "Cubic capacity": "1,050 cc", "Power": "130 bhp", "Color": "Black (Metallic)", "Kteo to": "01 / 2022", "Previous owners": "2", "Modified": "8 days", "Times clicked": "388", "Short link": "www.car.gr/21334957", "Telephone": "None"}, "ad_seller": {}, "metadata": {"type": "Bikes", "brand": "Triumph", "model": "Speed Triple 1050"}, "extras": ["ABS", "Car Exchange", "Electric starter", "Exchange with Moto accepted", "Exhaust Special", "Injection", "Kick-Starter"], "description": "Triumph Speed Triple 1050, 2005, σε πολύ καλή κατάσταση. Χρησιμοποιείται κυρίως σε Κυριακάτικες βόλτες και ταξίδια εντός και εκτός Ελλάδος. - Less - "}