{"query": {"url": "https://www.car.gr/21334995-yamaha-fz6-naked", "type": "CAR_ADDE", "trial_count": 1, "last_processed": 1553095182}, "title": "Yamaha FZ6 Naked  '10", "ad_id": "21334995", "ad_data": {"Make/Model": "Yamaha FZ6 Naked '10", "Classified number": "21334995", "Price": "€3.300", "Category": "Bike - Naked", "Registration": "4 / 2010", "Mileage": "44,218 km", "Fuel type": "Gasoline", "Cubic capacity": "600 cc", "Power": "98 bhp", "Color": "Grey", "Modified": "2 days", "Times clicked": "532", "Short link": "www.car.gr/21334995", "Telephone": "+30 2310522774"}, "ad_seller": {"Dealer": "ΜΑΤΑΚΟS MOTORS Yamaha Matakos", "Address": "ΛΑΓΚΑΔΑ120", "City": "ΝΕΑΠΟΛΗ", "": "+30 2310513967", "Dealer page": "https//moto-matakos.car.gr/", "Website": "http//www.matakosmotors.gr", "Open hours": "Δευτέρα - Παρασκευή\n09.00 πμ - 19.00 μμ\nΣαβ - Κυρ   Κλειστά"}, "metadata": {"type": "Bikes", "brand": "Yamaha", "model": "FZ6 Naked"}, "extras": [], "description": "ΑΡΙΣΤΗ ΚΑΤΑΣΤΑΣΗ - ΒΙΒΛΙΟ ΣΕΡΒΙΣ - ΣΧΑΡΑ ΒΑΛΙΤΣΑ - ΣΥΝΑΓΕΡΜΟΣ PATROL - MANITAΡΙΑ - Less - "}