{"query": {"url": "https://www.car.gr/21334948-kawasaki-versys-650-650-abs", "type": "CAR_ADDE", "trial_count": 1, "last_processed": 1553098875}, "title": "Kawasaki Versys 650 650 ABS  '08", "ad_id": "21334948", "ad_data": {"Make/Model": "Kawasaki Versys 650 650 ABS  '08", "Classified number": "21334948", "Price": "€2.500", "Category": "Bike - On/Off", "Registration": "3 / 2008", "Mileage": "59,000 km", "Fuel type": "Gasoline", "Cubic capacity": "650 cc", "Power": "64 bhp", "Color": "Black", "Kteo to": "12 / 2019", "Previous owners": "1", "Modified": "12 days", "Times clicked": "815", "Short link": "www.car.gr/21334948", "Telephone": "None"}, "ad_seller": {}, "metadata": {"type": "Bikes", "brand": "Kawasaki", "model": "Versys 650"}, "extras": [], "description": "Η μηχανή πωλείται για λόγους υγείας. Χρειάζεται σέρβις( αλυσιδογράναζα και λάστιχα ), είναι σε ακινησία εδώ και 8 μήνες. Μηχανικά είναι όλα κομπλέ, δεκτός κάθε έλεγχος. - Γιάννης Πέραμα ( από τις 17:00 έως τις 22:00) - Κυριάκος Πέραμα ( από τις 10:00 έως τις 00:00) - Less - "}