{"query": {"url": "https://www.car.gr/21334903-baotian", "type": "CAR_ADDE", "trial_count": 1, "last_processed": 1553098878}, "title": "Baotian   '08", "ad_id": "21334903", "ad_data": {"Make/Model": "Baotian '08", "Classified number": "21334903", "Price": "€500", "Category": "Bike - Roller/Scooter", "Registration": "1 / 2008", "Mileage": "4,000 km", "Fuel type": "Gasoline", "Cubic capacity": "50 cc", "Power": "2 bhp", "Color": "Black", "Previous owners": "1", "Modified": "12 days", "Times clicked": "100", "Short link": "www.car.gr/21334903", "Telephone": "None"}, "ad_seller": {"Name": "ΔΗΜΗΤΡΗΣ", "Address": "ΚΙΤΡΟΣP.ΠΙΕΡΙΑΣ"}, "metadata": {"type": "Bikes", "brand": "Baotian", "model": "Baotian   '08 - € 500 EUR"}, "extras": [], "description": "ΤΟ ΜΗΧΑΝΑΚΙ ΕΙΝΑΙ ΣΑΝ ΚΑΙΝΟΥΡΓΙΟ ΜΟΝΟ 4000 ΧΙΛΙΟΜΕΤΡΑ !! ΕΧΕΙ ΚΑΙΝΟΥΡΓΙΑ ΜΠΑΤΑΡΙΑ !! - ΠΩΛΕΙΤΑΙ ΛΟΓΩ ΑΚΙΝΗΣΙΑΣ !! - Less - "}