{"query": {"url": "https://www.car.gr/21334947-honda-c50cc-12v", "type": "CAR_ADDE", "trial_count": 1, "last_processed": 1553098876}, "title": "Honda  C50CC (στρογγυλοφαναρο) 12V '85", "ad_id": "21334947", "ad_data": {"Make/Model": "Honda C50CC (στρογγυλοφαναρο) 12V '85", "Classified number": "21334947", "Price": "€1.000", "Category": "Bike - Underbone", "Registration": "1 / 1985", "Mileage": "200 km", "Fuel type": "Gasoline", "Cubic capacity": "110 cc", "Power": "9 bhp", "Color": "Orange (Metallic)", "Modified": "12 days", "Times clicked": "23", "Short link": "www.car.gr/21334947", "Telephone": "None"}, "ad_seller": {}, "metadata": {"type": "Bikes", "brand": "Honda", "model": "Honda  C50CC (στρογγυλοφαναρο) 12V '85 - € 1.000 EUR"}, "extras": ["Four-stroke engine"], "description": "ΔΕΚΤΟΣ ΚΑΘΕ ΕΛΕΓΧΟΣ!!! - ΟΛΑ ΚΑΙΝΟΥΡΓΙΑ ΑΠΟ ΑΝΑΚΑΤΑΣΚΕΥΗ - Less - "}