{"query": {"url": "https://www.car.gr/505853-honda-dax-white-dax-spesial-edition", "type": "CAR_ADDE", "trial_count": 1, "last_processed": 1553105208}, "title": "Honda DAX WHITE DAX SPESIAL EDITION  '69", "ad_id": "505853", "ad_data": {"Make/Model": "Honda DAX WHITE DAX SPESIAL EDITION  '69", "Classified number": "505853", "Price": "€11", "Category": "Bike - Mini..Moto", "Registration": "2 / 1969", "Mileage": "10,000 km", "Fuel type": "Gasoline", "Cubic capacity": "50 cc", "Power": "5 bhp", "Transmission": "Manual", "Color": "White", "Modified": "18 days", "Times clicked": "40601", "Short link": "www.car.gr/505853", "Telephone": "+30 6945279646"}, "ad_seller": {"Dealer": "ΜΟΤΟΣΥΛΛΟΓΗ", "Address": "59100", "City": "ΒΕΡΟΙΑ", "": "+30 6945279646", "Fax": "+30 2331022881", "Dealer page": "https//motosillogi.car.gr/", "Website": "https//www.facebook.com/motosyllogi76"}, "metadata": {"type": "Bikes", "brand": "Honda", "model": "DAX"}, "extras": ["Antique-Classic", "Exhibition", "Four-stroke engine", "Price without VAT"], "description": "Το μηχανακι ειναι γνησιο - αυθεντικο και μανισιο. Εχει συμπλεκτη στο χερι και 4 ταχυτητες. Ειναι απο εισαγωγη μεταχειρησμενο απο Ιαπωνια Εχει πιστοποιητικα τελωνιου,ΕΧΕΙ ΠΛΗΡΩΣΗ ΟΛΟΥΣ ΤΟΥΣ ΔΑΣΜΟΥΣ αλλα ΔΕΝ βγαζει πινακιδες. ΤΑ ΕΧΟΥΜΕ ΣΤΗΝ ΚΑΤΟΧΗ ΜΑΣ 25 ΧΡΟΝΙΑ Διατιθενται πολλα κομματια. ΜΟΤΟΣΥΛΛΟΓΗ, η ///καλυτερη σχεση με τους 2 τροχους. Η ΤΗΜΗ ΕΙΝΑΙ ΕΝΔΗΚΤΗΚΗ///// ΒΓΑΖΗ ΠΙΝΑΚΙΔΕΣ ΣΤΟ ΕΞΩΤΕΡΗΚΟ ΜΗΝ ΠΕΡΝΕΤΕ ΤΗΛ ΕΑΝ ΔΕΝ ΘΕΛΕΤΕ ΝΑ ΑΓΟΡΑΣΕΤΕ /// - Less - "}