{"query": {"url": "https://www.car.gr/21331644-piaggio-vespa-p-200-e", "type": "CAR_ADDE", "trial_count": 1, "last_processed": 1553095559}, "title": "Piaggio Vespa P 200 E '82", "ad_id": "21331644", "ad_data": {"Make/Model": "Piaggio Vespa P 200 E '82", "Classified number": "21331644", "Price": "€1.300", "Category": "Bike - Other", "Registration": "1 / 1982", "Mileage": "30,000 km", "Fuel type": "Gasoline", "Cubic capacity": "200 cc", "Power": "20 bhp", "Color": "Blue", "Previous owners": "1", "Modified": "3 days", "Times clicked": "131", "Short link": "www.car.gr/21331644", "Telephone": "None"}, "ad_seller": {"Name": "Αποστολης", "Address": "ΠΥΡΓΕΤΟΣP.ΛΑΡΙΣΑΣ"}, "metadata": {"type": "Bikes", "brand": "Piaggio", "model": "Vespa"}, "extras": ["Bars", "Two-stroke"], "description": "Σε άριστη κατάσταση την επικοινωνίας - Less - "}