{"query": {"url": "https://www.car.gr/21331620-simson", "type": "CAR_ADDE", "trial_count": 1, "last_processed": 1553098952}, "title": "Simson   '80", "ad_id": "21331620", "ad_data": {"Make/Model": "Simson '80", "Classified number": "21331620", "Price": "€1.000", "Category": "Bike - Moped", "Registration": "2 / 1980", "Mileage": "5,000 km", "Fuel type": "Gasoline", "Cubic capacity": "50 cc", "Power": "6 bhp", "Color": "Green", "Liters/100km": "1 (Εντός)/1 (Εκτός)/1 (Μικτό)", "Modified": "12 days", "Times clicked": "27", "Short link": "www.car.gr/21331620", "Telephone": "None"}, "ad_seller": {}, "metadata": {"type": "Bikes", "brand": "Simson", "model": "Simson   '80 - € 1.000 EUR"}, "extras": [], "description": "ΣΕ ΑΡΙΣΤΗ ΚΑΤΑΣΤΑΣΗ ΜΕΣΑ ΣΕ ΑΠΟΘΗΚΗ - Less - "}