{"query": {"url": "https://www.car.gr/4096624-honda-vt-600c-shadow", "type": "CAR_ADDE", "trial_count": 1, "last_processed": 1553104886}, "title": "Honda VT 600C Shadow  '98", "ad_id": "4096624", "ad_data": {"Make/Model": "Honda VT 600C Shadow '98", "Classified number": "4096624", "Price": "€3.400", "Category": "Bike - Chopper", "Registration": "1 / 1998", "Mileage": "52,000 km", "Fuel type": "Gasoline", "Cubic capacity": "600 cc", "Power": "47 bhp", "Color": "Gold (Metallic)", "Modified": "over 2 months", "Times clicked": "22399", "Short link": "www.car.gr/4096624", "Telephone": "+30 2431026327"}, "ad_seller": {"Dealer": "OFF RUN MOTORSTORE", "Address": "ΠΕΡΙΦΕΡΕΙΑΚΗΟΔΟΣΛΑΡΙΣΗΣ-ΙΩΑΝΝΙΝΩΝ", "City": "ΤΡΙΚΑΛΑ", "": "+30 2431026327", "Fax": "+30 2431026327", "Dealer page": "https//off-run-motorstore.car.gr/"}, "metadata": {"type": "Bikes", "brand": "Honda", "model": "VT 600C Shadow"}, "extras": [], "description": "Η μοτοσυκλέτα είναι πλήρης ανακαινισμένη,σε καινούρια κατάσταση.Ανταλλαγές με μοτοσυκλέτες και αυτοκίνητα. - Less - "}