{"query": {"url": "https://www.car.gr/4095969-kawasaki-zx-12-r", "type": "CAR_ADDE", "trial_count": 1, "last_processed": 1553105075}, "title": "Kawasaki ZX-12 R  '00", "ad_id": "4095969", "ad_data": {"Make/Model": "Kawasaki ZX-12 R '00", "Classified number": "4095969", "Price": "Askforprice", "Category": "Bike - Super Sport", "Registration": "3 / 2000", "Mileage": "16,000 km", "Fuel type": "Gasoline", "Cubic capacity": "1,200 cc", "Power": "300 bhp", "Color": "Green", "Modified": "2 days", "Times clicked": "21834", "Short link": "www.car.gr/4095969", "Telephone": "+30 2552027110"}, "ad_seller": {"Dealer": "Στοϊκοτίδης Δημήτριος", "Address": "Κωνσταντινουπόλεως63", "City": "Ορεστιάδα", "": "+30 2552027110", "Fax": "+30 2552027110", "Dealer page": "https//team-stoikotidis.car.gr/", "Website": "http//www.teamstoikotidis.gr"}, "metadata": {"type": "Bikes", "brand": "Kawasaki", "model": "ZX-12 R"}, "extras": [], "description": "ΜΟΝΟ ΓΙΑ ΔΙΑΦΗΜΙΣΗ ΟΧΙ ΓΙΑ ΠΩΛΗΣΗ ΑΝ ΣΑΣ ΑΡΕΣΕΙ ΑΥΤΟ ΠΟΥ ΒΛΕΠΕΤΑΙ ΤΟ ΚΑΝΟΥΜΕ ΚΑΙ ΣΤΟ ΔΙΚΟ ΣΑΣ ΜΟΤΟ - Less - "}