{"query": {"url": "https://www.car.gr/7171306-kawasaki-zx-10-r-ninja", "type": "CAR_ADDE", "trial_count": 1, "last_processed": 1553095543}, "title": "Kawasaki ZX 10 R Ninja  '05", "ad_id": "7171306", "ad_data": {"Make/Model": "Kawasaki ZX 10 R Ninja '05", "Classified number": "7171306", "Price": "€3.700", "Category": "Bike - Super Sport", "Registration": "1 / 2005", "Mileage": "38,500 km", "Fuel type": "Gasoline", "Cubic capacity": "1,000 cc", "Power": "175 bhp", "Color": "Black (Metallic)", "Kteo to": "04 / 2019", "Modified": "3 days", "Times clicked": "3166", "Short link": "www.car.gr/7171306", "Telephone": "None"}, "ad_seller": {}, "metadata": {"type": "Bikes", "brand": "Kawasaki", "model": "ZX 10 R Ninja"}, "extras": ["Car Exchange", "Electric starter", "Exchange with Moto accepted", "Exhaust Special", "Kick-Starter", "Lights Xenon"], "description": "ΤΟ ΜΗΧΑΝΑΚΙ ΕΙΝΑΙ ΑΡΙΣΤΟ ΥΠΑΡΧΕΙ ΦΤΕΡΟ ΠΙΣΩ ΜΟΝΟΣΕΛΟ ΚΑΙ ΚΑΘΡΕΦΤΕΣ ΔΕΚΤΟΣ ΚΑΘΕ ΕΛΕΓΧΟΣ.. ανταλλαγή με Gp800 - Less - "}