{"query": {"url": "https://www.car.gr/501518-honda-dio-dj-1", "type": "CAR_ADDE", "trial_count": 1, "last_processed": 1553105187}, "title": "Honda DIO DJ 1 '94", "ad_id": "501518", "ad_data": {"Make/Model": "Honda DIO DJ 1 '94", "Classified number": "501518", "Price": "€11", "Category": "Bike - Roller/Scooter", "Registration": "1 / 1994", "Mileage": "7,000 km", "Fuel type": "Gasoline", "Cubic capacity": "50 cc", "Power": "6 bhp", "Transmission": "Automatic", "Color": "Black (Metallic)", "Previous owners": "2", "Modified": "11 days", "Times clicked": "17704", "Short link": "www.car.gr/501518", "Telephone": "+30 6945279646"}, "ad_seller": {"Dealer": "ΜΟΤΟΣΥΛΛΟΓΗ", "Address": "59100", "City": "ΒΕΡΟΙΑ", "": "+30 6945279646", "Fax": "+30 2331022881", "Dealer page": "https//motosillogi.car.gr/", "Website": "https//www.facebook.com/motosyllogi76"}, "metadata": {"type": "Bikes", "brand": "Honda", "model": "DIO"}, "extras": ["Antique-Classic", "Automatic", "Electric starter", "Kick-Starter", "Price without VAT", "Top Box-Μπαγκαζιέρα", "Two-stroke"], "description": "Το μηχανακι ειναι σε αριστη κατασταση, με καινουρια μπαταρια, λαστιχα. ΤΟ ΕΙΧΕ ΡΕΛΑΝΤΗΣ ΓΙΑ ΜΕΣΑ ΣΤΗΝ ΚΗΝΗΣΗ ΜΟΤΟΣΥΛΛΟΓΗ Η ΚΑΛΥΤΕΡΗ ΣΧΕΣΗ ΜΕ ΤΟΥΣ ΔΥΟ ΤΡΟΧΟΥΣ ΑΠΟ ΤΟ 1976.ΑΠΟΣΤΟΛΗ ΣΕ ΟΛΗ ΤΗΝ ΕΛΛΑΔΑ// ΣΤΗΝ ΤΗΜΗ ΕΙΝΑΙ ΤΑ ΤΕΛΗ ΚΑΙ Η ΜΕΤΑΒΙΒΑΣΗ // - Less - "}