{"query": {"url": "https://www.car.gr/6788019-sym-gts-250", "type": "CAR_ADDE", "trial_count": 1, "last_processed": 1553104633}, "title": "Sym GTS 250  '07", "ad_id": "6788019", "ad_data": {"Make/Model": "Sym GTS 250 '07", "Classified number": "6788019", "Price": "€1.700", "Category": "Bike - Roller/Scooter", "Registration": "9 / 2007", "Mileage": "42,000 km", "Fuel type": "Gasoline", "Cubic capacity": "250 cc", "Power": "23 bhp", "Color": "Grey", "Modified": "56 days", "Times clicked": "5989", "Short link": "www.car.gr/6788019", "Telephone": "+30 2821099405"}, "ad_seller": {"Dealer": "CHANIA MOTORCYCLES", "Address": "ΝΙΚΟΛΑΟΥΠΛΑΣΤΗΡΑ4", "City": "ΧΑΝΙΑ", "": "+30 6980127373", "Fax": "+30 6996312247", "Dealer page": "https//stavroulakis-cars.car.gr/"}, "metadata": {"type": "Bikes", "brand": "Sym", "model": "GTS 250"}, "extras": ["Automatic", "Car Exchange", "Electric starter", "Exchange with Moto accepted", "Four-stroke engine", "Gelatin"], "description": "πολυ καλη κατασταση - Less - "}