{"query": {"url": "https://www.car.gr/677705-kreidler-florett", "type": "CAR_ADDE", "trial_count": 1, "last_processed": 1553105187}, "title": "Kreidler  FLORETT '70", "ad_id": "677705", "ad_data": {"Make/Model": "Kreidler FLORETT '70", "Classified number": "677705", "Price": "€11", "Category": "Bike - Moped", "Registration": "2 / 1970", "Mileage": "8,000 km", "Fuel type": "Gasoline", "Cubic capacity": "50 cc", "Power": "6 bhp", "Transmission": "Manual", "Color": "Dark Red", "Modified": "11 days", "Times clicked": "13548", "Short link": "www.car.gr/677705", "Telephone": "+30 6945279646"}, "ad_seller": {"Dealer": "ΜΟΤΟΣΥΛΛΟΓΗ", "Address": "59100", "City": "ΒΕΡΟΙΑ", "": "+30 6945279646", "Fax": "+30 2331022881", "Dealer page": "https//motosillogi.car.gr/", "Website": "https//www.facebook.com/motosyllogi76"}, "metadata": {"type": "Bikes", "brand": "Kreidler", "model": "Kreidler  FLORETT '70 - € 11 EUR (Negotiable)"}, "extras": ["Antique-Classic", "Kick-Starter", "Two-stroke"], "description": "Το μηχανακι αγοραστηκε το 1970, πρωτο χερι φυλασοταν σε γκαραζ. Εχει αδεια και πινακιδες. 1970 ΜΟΤΕΛΟ LF K 54/32 ΑΠΟ ΤΟ ΕΡΓΟΣΤΑΣΙΟ ΒΓΗΚΑΝ 15,150 ΜΗΧΑΝΑΚΙΑ ΚΟΣΤΗΖΕ ΚΑΙΝΟΥΡΙΟ 1535 ΜΑΡΚΑ .MOTOΣΥΛΛΟΓΗ, η καλυτερη σχεση με τους 2 τροχους. ΠΑΡΑΚΑΛΩ ΜΟΝΟ ΣΟΒΑΡΕΣ ΠΡΟΤΑΣΕΙΣ ΤΗΛ ΧΩΡΙΣ ΑΠΟΚΡΙΨΗ ΑΠΟΣΤΟΛΗ ΣΕ ΟΛΗ ΤΗΝ ΕΛΛΑΔΑ..ΕΧΟΥΜΕ ΟΤΙ ΑΝΤΑΛΑΚΤΙΚΟ ΧΡΕΙΑΣΤΗΤΕ ΓΝΗΣΙΟ ΜΕΤΑΧΕΙΡΙΣΜΕΝΑ ΚΑΙ ΚΑΙΝΟΥΡΙΑ.Η ΤΗΜΗ ΕΙΝΑΙ ΕΝΔΗΚΤΗΚΗ//// ΣΤΗΛΤΕ ΜΗΝΗΜΑ Η ΤΗΛ ΓΙΑ ΤΙΜΕΣ ΚΑΙ ΔΙΑΘΕΣΗΜΟΤΗΤΑ // - Less - "}