{"query": {"url": "https://www.car.gr/5006242-peugeot-kisbee-50-4t-100-cc", "type": "CAR_ADDE", "trial_count": 1, "last_processed": 1553094740}, "title": "Peugeot Kisbee 50(4T) 100 cc '14", "ad_id": "5006242", "ad_data": {"Make/Model": "Peugeot Kisbee 50(4T) 100 cc '14", "Classified number": "5006242", "Price": "€1.389", "Category": "Bike - Roller/Scooter", "Registration": "4 / 2014", "Fuel type": "Gasoline", "Cubic capacity": "100 cc", "Power": "7 bhp", "Color": "White", "Modified": "1 day", "Times clicked": "25", "Short link": "www.car.gr/5006242", "Telephone": "+30 2102388281"}, "ad_seller": {"Dealer": "ΝΙΚΑΣ ΣΠΥΡΙΔΩΝ", "Address": "ΛΕΩΦ.ΔΗΜΟΚΡΑΤΙΑΣ290", "City": "ΑΧΑΡΝΕΣ", "": "+30 2102381638", "Fax": "+30 2102388282", "Dealer page": "https//chevrolet-nikas.car.gr/"}, "metadata": {"type": "Bikes", "brand": "Peugeot", "model": "Kisbee 50(4T)"}, "extras": ["Automatic", "Car Exchange", "Electric starter", "Exchange with Moto accepted", "Four-stroke engine"], "description": "ΚΑΙΝΟΥΡΙΟ 0 ΧΙΛΙΟΜΕΤΡΑ - Less - "}