{"query": {"url": "https://www.car.gr/7136106-sym-shark-150", "type": "CAR_ADDE", "trial_count": 1, "last_processed": 1553098703}, "title": "Sym  SHARK 150 '04", "ad_id": "7136106", "ad_data": {"Make/Model": "Sym SHARK 150 '04", "Classified number": "7136106", "Price": "€900", "Category": "Bike - Roller/Scooter", "Registration": "1 / 2004", "Mileage": "25,000 km", "Fuel type": "Gasoline", "Cubic capacity": "150 cc", "Power": "13 bhp", "Color": "Silver", "Modified": "11 days", "Times clicked": "3200", "Short link": "www.car.gr/7136106", "Telephone": "+30 2510247524"}, "ad_seller": {"Dealer": "TOMMYS BIKES", "Address": "7ΗΣΜΕΡΑΡΧΙΑΣ106", "City": "ΚΑΒΑΛΑ", "": "+30 2510247524", "Fax": "+30 2510247524", "Dealer page": "https//tommysbikes.car.gr/", "Website": "http//tommysbikes.gr"}, "metadata": {"type": "Bikes", "brand": "Sym", "model": "Sym  SHARK 150 '04 - € 900 EUR"}, "extras": [], "description": "ΜΕΤΑΧΕΙΡΙΣΜΕΝΟ.4T. - Less - "}