{"query": {"url": "https://www.car.gr/21330270-bmw-s1000rr", "type": "CAR_ADDE", "trial_count": 1, "last_processed": 1553098960}, "title": "Bmw S1000RR  '10", "ad_id": "21330270", "ad_data": {"Make/Model": "Bmw S1000RR '10", "Classified number": "21330270", "Price": "€10.000", "Category": "Bike - Sport Touring", "Registration": "1 / 2010", "Mileage": "1 km", "Fuel type": "Gasoline", "Cubic capacity": "1,000 cc", "Power": "200 bhp", "Color": "Black (Metallic)", "Modified": "12 days", "Times clicked": "659", "Short link": "www.car.gr/21330270", "Telephone": "None"}, "ad_seller": {}, "metadata": {"type": "Bikes", "brand": "Bmw", "model": "S1000RR"}, "extras": ["ABS", "Electric starter", "Exhaust Special", "Greek Dealership", "Service Book"], "description": "διαθέτει πρόγραμμα HP. - Υπάρχουν 2 εξατμίσεις. - καρίνα. - γενικό σέρβις σε αντιπροσωπεια BMW. - Καινούργια λάστιχα. - Αλυσίδα γρανάζια έχουν αλλαχθεί. - Πολλά ακόμα εξτρά. - το μηχανάκι όλα του τα σέρβις τα έχει κάνει στην ΒΜW. - Less - "}