{"query": {"url": "https://www.car.gr/8790635-honda-sh-150i", "type": "CAR_ADDE", "trial_count": 1, "last_processed": 1553100262}, "title": "Honda SH 150i ΟΛΟΚΑΙΝΟΥΡΓΙΟ!!!! '10", "ad_id": "8790635", "ad_data": {"Make/Model": "Honda SH 150i ΟΛΟΚΑΙΝΟΥΡΓΙΟ!!!! '10", "Classified number": "8790635", "Price": "€1.950", "Category": "Bike - Roller/Scooter", "Registration": "1 / 2010", "Mileage": "24,000 km", "Fuel type": "Gasoline", "Cubic capacity": "150 cc", "Power": "16 bhp", "Color": "White (Metallic)", "Modified": "17 days", "Times clicked": "7740", "Short link": "www.car.gr/8790635", "Telephone": "+30 2313035619"}, "ad_seller": {"Dealer": "KARRAS QUALITY PERFORMANCE MOTO", "Address": "ΣΜΥΡΝΗΣ63", "City": "ΕΥΟΣΜΟΣ-ΣΤΑΥΡΟΥΠΟΛΗ", "": "+30 6970343977", "Fax": "+30 2313035619", "Dealer page": "https//karras-moto.car.gr/"}, "metadata": {"type": "Bikes", "brand": "Honda", "model": "SH 150i"}, "extras": ["Automatic", "Catalyst", "Electric starter", "Exhibition", "Four-stroke engine", "Gelatin", "Remote Control", "Service Book", "Top Box-Μπαγκαζιέρα"], "description": "ΣΑΝ ΚΑΙΝΟΥΡΓΙΟ!!!!ΔΕΚΤΟΣ ΚΑΘΕ ΕΛΕΓΧΟΣ!!!! 1 ΧΡΟΝΟ ΕΓΓΥΗΣΗ!!!! ΕΞΤΡΑ ΓΝΗΣΙΑ ΒΑΛΙΤΣΑ... ΜΕΓΑΛΗ ΖΕΛΑΤΙΝΑ... ΧΟΥΦΤΕΣ.... ΚΑΙΝΟΥΡΓΙΑ ΛΑΣΤΙΧΑ.... - Less - "}