{"query": {"url": "https://www.car.gr/8740962-suzuki-an-400-burgman", "type": "CAR_ADDE", "trial_count": 1, "last_processed": 1553095682}, "title": "Suzuki AN 400 Burgman  '06", "ad_id": "8740962", "ad_data": {"Make/Model": "Suzuki AN 400 Burgman '06", "Classified number": "8740962", "Price": "€2.800", "Category": "Bike - Roller/Scooter", "Registration": "10 / 2006", "Mileage": "34,500 km", "Fuel type": "Gasoline", "Cubic capacity": "400 cc", "Power": "35 bhp", "Color": "White (Metallic)", "Modified": "3 days", "Times clicked": "1282", "Short link": "www.car.gr/8740962", "Telephone": "+30 2310792137"}, "ad_seller": {"Dealer": "auto-ΧΝΟΥΔΑΣ", "Address": "ΧΑΛΑΣΤΡΑ-ΘΕΣΣΑΛΟΝΙΚΗΣ", "City": "ΧΑΛΑΣΤΡΑ", "": "+30 2310792137", "Fax": "+30 2310792137", "Dealer page": "https//auto-xnoudas.car.gr/"}, "metadata": {"type": "Bikes", "brand": "Suzuki", "model": "AN 400 Burgman"}, "extras": ["Automatic", "Electric starter", "Exchange with Moto accepted", "Four-stroke engine", "Gelatin", "Service Book", "Top Box-Μπαγκαζιέρα"], "description": "ΤΟ ΜΗΧΑΝΑΚΙ ΕΙΝΑΙ ΣΑΝ ΚΑΙΝΟΥΡΙΟ, ΑΠΟ ΙΔΙΩΤΗ ΜΕ ΠΡΑΓΜΑΤΙΚΑ ΧΙΛΙΟΜΕΤΡΑ, ΚΑΙ ΒΙΒΛΙΟ ΣΕΡΒΙΣ.ΑΤΡΑΚΑΡΙΣΤΟ ΜΕ ΦΑΝΤΑΣΤΙΚΟ ΑΣΠΡΟ ΠΕΡΛΑ ΧΡΩΜΑ. ΦΥΛΑΣΟΜΕΝΟ ΠΑΝΤΑ ΣΕ ΓΚΑΡΑΖ ΜΕ ΘΕΡΜΑΝΣΗ. ΠΩΛΕΙΤΑΙ ΟΧΙ ΑΠΟ ΑΝΑΓΚΗ[[ ΔΕΝ ΧΑΡΙΖΕΤΑΙ]] , ΟΧΙ ΑΣΚΟΠΑ ΤΗΛΕΦΩΝΗΜΑΤΑ. ΜΟΝΟ ΜΕΤΡΗΤΑ [ΟΧΙ ΓΡΑΜΜΑΤΙΑ-ΕΠΙΤΑΓΕΣ]. ΑΝΤΑΛΑΓΗ ΚΑΙ ΜΕ ΜΙΚΡΟΤΕΡΗ ΜΟΤΟ ΑΝΕΞΑΡΤΗΤΟΥ ΜΑΡΚΑΣ ΚΑΙ ΔΙΑΦΟΡΑ ΑΠΟ ΜΕΡΟΥΣ ΣΑΣ ΜΕ ΜΕΤΡΗΤΑ. ΤΕΛΗ ΚΥΚΛΟΦΟΡΙΑΣ 2018 ΠΛΗΡΩΜΕΝΑ. ΔΕΚΤΟΣ ΚΑΘΕ ΕΛΕΝΧΟΣ. - Less - "}