{"query": {"url": "https://www.car.gr/21334501-kymco-downtown-300i", "type": "CAR_ADDE", "trial_count": 7, "last_processed": 1553093211}, "title": "Kymco Downtown 300i  '14", "ad_id": "21334501", "ad_data": {"Make/Model": "Kymco Downtown 300i '14", "Classified number": "21334501", "Price": "€2.800", "Category": "Bike - Roller/Scooter", "Registration": "3 / 2014", "Mileage": "28,560 km", "Fuel type": "Gasoline", "Cubic capacity": "300 cc", "Power": "33 bhp", "Color": "Blue", "Kteo to": "10 / 2020", "Modified": "5 hours", "Times clicked": "411", "Short link": "www.car.gr/21334501", "Telephone": "None"}, "ad_seller": {}, "metadata": {"type": "Bikes", "brand": "Kymco", "model": "Downtown 300i"}, "extras": ["Exchange with Moto accepted", "Four-stroke engine", "Injection", "Kick-Starter", "Led lights", "Service Book"], "description": "Το μηχανάκι είναι πολύ προσεγμένο όπως φαίνεται κ από τις φωτογραφίες..Ανταλλαγή και με T-max - Less - "}