{"query": {"url": "https://www.car.gr/21334583-honda-hornet-600-1", "type": "CAR_ADDE", "trial_count": 1, "last_processed": 1553098903}, "title": "Honda Hornet 600 1 χρονο εγγυηση!!! '07", "ad_id": "21334583", "ad_data": {"Make/Model": "Honda Hornet 600 1 χρονο εγγυηση!!! '07", "Classified number": "21334583", "Price": "€3.450", "Category": "Bike - Naked", "Registration": "9 / 2007", "Mileage": "35,000 km", "Fuel type": "Gasoline", "Cubic capacity": "600 cc", "Power": "100 bhp", "Color": "White (Metallic)", "Previous owners": "1", "Modified": "12 days", "Times clicked": "204", "Short link": "www.car.gr/21334583", "Telephone": "+30 2310886200"}, "ad_seller": {"Dealer": "RIDERSMARKET", "Address": "ΠΑΠΑΝΑΣΤΑΣΙΟΥ31", "City": "ΘΕΣΣΑΛΟΝΙΚΗ", "": "+30 2310900013", "Fax": "+30 2310858002", "Dealer page": "https//nikitakis.car.gr/", "Website": "http//WWW.RIDERSMARKET.GR", "Open hours": "ΔΕΥΤΕΡΑ - ΠΑΡΑΣΚΕΥΗ  900-1730"}, "metadata": {"type": "Bikes", "brand": "Honda", "model": "Hornet 600"}, "extras": ["Cast wheels", "Credit card-Visa accepted", "Electric starter", "Exchange with Moto accepted", "Four-stroke engine", "Injection", "Led lights", "Sidestand", "Trip computer"], "description": "ΑΝΤΙΠΡΟΣΩΠΕΙΑ HONDA ΝΙΚΗΤΑΚΗΣ ΑΝΑΤΟΛΙΚΗΣ ΘΕΣΣΑΛΟΝΙΚΗΣ - ΜΕ ΠΟΛΥΕΤΉ ΕΜΠΕΙΡΊΑ ΣΤΟ ΧΩΡΟ ΤΗΣ ΜΟΤΟΣΙΚΛΈΤΑΣ 35 ΧΡΌΝΩΝ - ΜΕ ΟΡΓΆΝΩΣΗ ΚΑΙ ΣΥΝΈΠΕΙΑ - ΣΑΣ ΠΡΟΣΦΕΡΟΥΜΕ ΆΡΙΣΤΗ ΠΟΙΌΤΗΤΑ ΥΠΗΡΕΣΙΏΝ - ΣΤΗ ΠΩΛΗΣΗ ΜΟΤΟ - ΑΞΕΣΟΥΑΡ - SERVICE - ΑΝΤΑΛΛΑΚΤΙΚΑ - ΕΛΑΣΤΙΚΑ - ΚΑΙ ΣΕ ΟΤΙ ΑΛΛΟ ΧΡΕΙΑΣΤΕΊΤΕ - Σε αριστη κατασταση,φαναρι πισω led,σπαστη βαση πινακιδας,carbon λεπτομερειες,1 χρονο εγγυηση γραπτη,δεκτες και ανταλλαγες. - Less - "}