{"query": {"url": "https://www.car.gr/21509241-kawasaki-d-tracker-125", "type": "CAR_ADDE", "trial_count": 1, "last_processed": 1553094634}, "title": "Kawasaki D-Tracker 125  '16", "ad_id": "21509241", "ad_data": {"Make/Model": "Kawasaki D-Tracker 125 '16", "Classified number": "21509241", "Price": "€2.500", "Category": "Bike - Super Motard", "Registration": "1 / 2016", "Mileage": "10,000 km", "Fuel type": "Gasoline", "Cubic capacity": "125 cc", "Power": "10 bhp", "Color": "Black", "Modified": "1 day", "Times clicked": "34", "Short link": "www.car.gr/21509241", "Telephone": "None"}, "ad_seller": {}, "metadata": {"type": "Bikes", "brand": "Kawasaki", "model": "D-Tracker 125"}, "extras": [], "description": "Το μηχανάκι το έχει γυναίκα. Καινούργια λαστιχα τακάκια λαδια - Less - "}