{"query": {"url": "https://www.car.gr/21509278-xgjao", "type": "CAR_ADDE", "trial_count": 1, "last_processed": 1553094633}, "title": "Xgjao   '06", "ad_id": "21509278", "ad_data": {"Make/Model": "Xgjao '06", "Classified number": "21509278", "Price": "€350", "Category": "Bike - Underbone", "Registration": "1 / 2006", "Mileage": "1 km", "Fuel type": "Gasoline", "Cubic capacity": "125 cc", "Power": "8 bhp", "Color": "Black", "Modified": "1 day", "Times clicked": "38", "Short link": "www.car.gr/21509278", "Telephone": "None"}, "ad_seller": {}, "metadata": {"type": "Bikes", "brand": "Xgjao", "model": "Xgjao   '06 - € 350 EUR (Negotiable)"}, "extras": [], "description": "Το μηχανάκι θέλει μαζεματα αλλα κινηται κανονικά, δουλειά σπίτι λειτουργεί μόνο.Πληροφοριες τηλ. - Less - "}