{"query": {"url": "https://www.car.gr/21509276-loncin-lx-110-supra-lifan-115", "type": "CAR_ADDE", "trial_count": 1, "last_processed": 1553094633}, "title": "Loncin LX 110 Supra Lifan 115 '06", "ad_id": "21509276", "ad_data": {"Make/Model": "Loncin LX 110 Supra Lifan 115 '06", "Classified number": "21509276", "Price": "€450", "Category": "Bike - Underbone", "Registration": "10 / 2006", "Mileage": "17,000 km", "Fuel type": "Gasoline", "Cubic capacity": "115 cc", "Power": "8 bhp", "Color": "Green (Metallic)", "Kteo to": "02 / 2020", "Liters/100km": "2.4 (Μικτό)", "Previous owners": "1", "Modified": "1 day", "Times clicked": "133", "Short link": "www.car.gr/21509276", "Telephone": "None"}, "ad_seller": {}, "metadata": {"type": "Bikes", "brand": "Loncin", "model": "LX 110"}, "extras": ["Cargo Rack", "Cast wheels", "Centerstand", "Exchange with Moto accepted", "Exhaust Special", "Four-stroke engine", "Kick-Starter", "Semiautomatic", "Sidestand", "Καρμπυρατέρ"], "description": "Ολα τα χαρτια κομπλε - Λειτουργικο χωρις κανενα σοβαρο προβλημα σε μετρια εξωτερικη κατασταση - κεφαλη japan astrea γνησια , κυλινδροπιστονο japan 53.5mm , - ακουγεται η καδενα και εχει καποιες σπασμενες βασεις στα πλαστικα , κυκλοφορει καθημερινα , 17.000χλμ - Μαζι θα δωθει η μανισια εξατμιση το καρτερ με τα νουμερα μια σχαρα και η αποδειξη αγορας του μοτερ για να μην υπαρχει θεμα στο κτεο - Δεκτες ανταλλαγες - Less - "}