{"query": {"url": "https://www.car.gr/21509296-yamaha-blaster-200", "type": "CAR_ADDE", "trial_count": 1, "last_processed": 1553094632}, "title": "Yamaha Blaster 200  '02", "ad_id": "21509296", "ad_data": {"Make/Model": "Yamaha Blaster 200 '02", "Classified number": "21509296", "Price": "€1.700", "Category": "Bike - Four Wheel-ATV", "Registration": "1 / 2002", "Mileage": "50 km", "Fuel type": "Gasoline", "Cubic capacity": "200 cc", "Power": "30 bhp", "Color": "White", "Modified": "1 day", "Times clicked": "68", "Short link": "www.car.gr/21509296", "Telephone": "None"}, "ad_seller": {}, "metadata": {"type": "Bikes", "brand": "Yamaha", "model": "Blaster 200"}, "extras": ["Bars", "Car Exchange", "Cargo Rack", "Exchange with Boat", "Exchange with Moto accepted", "Two-stroke"], "description": "Se aristh katastasi .. - Less - "}