{"query": {"url": "https://www.car.gr/21509245-kymco-nexxon-125", "type": "CAR_ADDE", "trial_count": 10, "last_processed": 1553093189}, "title": "Kymco Nexxon 125  '10", "ad_id": "21509245", "ad_data": {"Make/Model": "Kymco Nexxon 125 '10", "Classified number": "21509245", "Price": "€750", "Category": "Bike - Underbone", "Registration": "1 / 2010", "Mileage": "36,000 km", "Fuel type": "Gasoline", "Cubic capacity": "125 cc", "Power": "10 bhp", "Color": "Grey", "Kteo to": "04 / 2020", "Previous owners": "1", "Modified": "2 hours", "Times clicked": "79", "Short link": "www.car.gr/21509245", "Telephone": "None"}, "ad_seller": {"Name": "ΚοςΜΑΡΙΟΣ", "Address": "ΗΛΙΟΥΠΟΛΗP.ΑΤΤΙΚΗΣ"}, "metadata": {"type": "Bikes", "brand": "Kymco", "model": "Nexxon 125"}, "extras": ["Alarm", "Cast wheels", "Kick-Starter", "Service Book"], "description": "ΑΡΙΣΤΗ ΚΑΤΑΣΤΑΣΗ!ΚΑΙΝΟΥΡΓΙΑ ΕΛΑΣΤΙΚΑ ΚΑΙ ΑΛΥΣΙΔΟΓΡΑΝΑΖΑ ΜΕ ΒΙΒΛΙΟ SERVICE.ΔΙΑΘΕΤΕΙ ΣΥΝΑΓΕΡΜΟ ΚΑΙ ΒΑΛΙΤΣΑ!ΔΕΚΤΟΣ ΚΑΘΕ ΕΛΕΓΧΟΣ! - Less - "}