{"query": {"url": "https://www.car.gr/8794075-husqvarna-fe-501", "type": "CAR_ADDE", "trial_count": 1, "last_processed": 1553100436}, "title": "Husqvarna FE 501  '14", "ad_id": "8794075", "ad_data": {"Make/Model": "Husqvarna FE 501 '14", "Classified number": "8794075", "Price": "€6.800", "Category": "Bike - Εnduro", "Registration": "12 / 2014", "Mileage": "2,500 km", "Fuel type": "Gasoline", "Cubic capacity": "501 cc", "Power": "60 bhp", "Color": "White", "Modified": "18 days", "Times clicked": "7439", "Short link": "www.car.gr/8794075", "Telephone": "+30 2310988189"}, "ad_seller": {"Dealer": "MOTOACTION", "Address": "ΛεωφόροςΚωνσταντίνουΚαραμανλή49", "City": "ΘΕΣΣΑΛΟΝΙΚΗ", "": "+30 2310988189", "Fax": "+30 2310988189", "Dealer page": "https//motoaction.car.gr/", "Website": "http//www.motoaction.gr", "Open hours": "Δευτέρα-Παρασκευή 0930 - 1900\nΣάββατο 1000 - 1430 (κατόπιν ραντεβού)"}, "metadata": {"type": "Bikes", "brand": "Husqvarna", "model": "FE 501"}, "extras": ["Electric starter", "Exchange with Moto accepted", "Four-stroke engine", "Service Book"], "description": "Άριστη κατάσταση, με πολλά αξεσουάρ. - Από ιδιώτη . - Less - "}