{"query": {"url": "https://www.car.gr/4052962-yamaha-dragstar-xvs-650-classic", "type": "CAR_ADDE", "trial_count": 1, "last_processed": 1553104793}, "title": "Yamaha Dragstar XVS 650 CLASSIC '01", "ad_id": "4052962", "ad_data": {"Make/Model": "Yamaha Dragstar XVS 650 CLASSIC '01", "Classified number": "4052962", "Price": "€4.600", "Category": "Bike - Chopper", "Registration": "1 / 2001", "Mileage": "27,306 km", "Fuel type": "Gasoline", "Cubic capacity": "650 cc", "Power": "52 bhp", "Color": "Gold (Metallic)", "Modified": "over 2 months", "Times clicked": "26450", "Short link": "www.car.gr/4052962", "Telephone": "+30 2431026327"}, "ad_seller": {"Dealer": "OFF RUN MOTORSTORE", "Address": "ΠΕΡΙΦΕΡΕΙΑΚΗΟΔΟΣΛΑΡΙΣΗΣ-ΙΩΑΝΝΙΝΩΝ", "City": "ΤΡΙΚΑΛΑ", "": "+30 2431026327", "Fax": "+30 2431026327", "Dealer page": "https//off-run-motorstore.car.gr/"}, "metadata": {"type": "Bikes", "brand": "Yamaha", "model": "Dragstar"}, "extras": ["Car Exchange", "Electric starter", "Exchange with Moto accepted", "Exhibition", "Gelatin", "Sidestand", "Spoke wheels"], "description": "YAMAHA DRAGSTAR 650 μοντέλο 2005 ανακαινισμένο σε καινούρια κατάσταση.Πραγματικά χιλιόμετρα.Δεκτές ανταλλαγές με μοτό και αυτοκίνητα.Αναλαμβάνουμε αναπαλαιώσεις μοτοσυκλετών και scooter. - Less - "}