{"query": {"url": "https://www.car.gr/4609759-kawasaki-gpz", "type": "CAR_ADDE", "trial_count": 1, "last_processed": 1553094298}, "title": "Kawasaki GPZ  '87", "ad_id": "4609759", "ad_data": {"Make/Model": "Kawasaki GPZ '87", "Classified number": "4609759", "Price": "€500", "Category": "Bike - Street Bike", "Registration": "1 / 1987", "Mileage": "27,060 km", "Fuel type": "Gasoline", "Cubic capacity": "399 cc", "Power": "3 bhp", "Color": "Black", "Modified": "21 hours", "Times clicked": "64943", "Short link": "www.car.gr/4609759", "Telephone": "+30 2831028205"}, "ad_seller": {"Dealer": "gas service zoumpoulakis", "Address": "ΔΙΑΚΛΑΔΩΣΗΓΙΑΝΝΟΥΔΙΡΕΘΥΜΝΟ", "City": "ΡΕΘΥΜΝΟ", "": "+30 2831028205", "Fax": "+30 2831028275", "Dealer page": "https//gaszoumpoulakis.car.gr/"}, "metadata": {"type": "Bikes", "brand": "Kawasaki", "model": "GPZ"}, "extras": ["Electric starter", "Four-stroke engine"], "description": ""}