{"query": {"url": "https://www.car.gr/21506925-yamaha-tdm-900", "type": "CAR_ADDE", "trial_count": 1, "last_processed": 1553094826}, "title": "Yamaha TDM 900  '02", "ad_id": "21506925", "ad_data": {"Make/Model": "Yamaha TDM 900 '02", "Classified number": "21506925", "Price": "€3.500", "Category": "Bike - Street Bike", "Registration": "8 / 2002", "Mileage": "47,000 km", "Fuel type": "Gasoline", "Cubic capacity": "900 cc", "Power": "86 bhp", "Color": "Black", "Modified": "1 day", "Times clicked": "44", "Short link": "www.car.gr/21506925", "Telephone": "None"}, "ad_seller": {}, "metadata": {"type": "Bikes", "brand": "Yamaha", "model": "TDM 900"}, "extras": ["ABS", "Alarm", "Centerstand", "Lights Xenon", "Service Book", "Sidestand"], "description": ""}