{"query": {"url": "https://www.car.gr/21506922-piaggio-gts-300", "type": "CAR_ADDE", "trial_count": 1, "last_processed": 1553094828}, "title": "Piaggio GTS 300  '11", "ad_id": "21506922", "ad_data": {"Make/Model": "Piaggio GTS 300 '11", "Classified number": "21506922", "Price": "€2.800", "Category": "Bike - Roller/Scooter", "Registration": "12 / 2011", "Mileage": "33,000 km", "Fuel type": "Gasoline", "Cubic capacity": "300 cc", "Power": "27 bhp", "Color": "Grey", "Kteo to": "01 / 2020", "Modified": "1 day", "Times clicked": "35", "Short link": "www.car.gr/21506922", "Telephone": "None"}, "ad_seller": {}, "metadata": {"type": "Bikes", "brand": "Piaggio", "model": "GTS 300"}, "extras": ["Alarm", "Automatic", "Exchange with Moto accepted", "Gelatin", "Injection", "Service Book"], "description": "Κατάσταση βιτρίνας, super300 S,έξτρα, κάγκελα, συναγερμός, παρμπρίζ,πάτωμα, όλα piagio βιβλίο σέρβις δίσκος φρένα καινούργια - Less - "}