{"query": {"url": "https://www.car.gr/21506936-yamaha-fz6-fazer-s2-fz6", "type": "CAR_ADDE", "trial_count": 1, "last_processed": 1553094824}, "title": "Yamaha FZ6 Fazer S2 FZ6 '08", "ad_id": "21506936", "ad_data": {"Make/Model": "Yamaha FZ6 Fazer S2 FZ6 '08", "Classified number": "21506936", "Price": "€4.000", "Category": "Bike - Sport Touring", "Registration": "1 / 2008", "Mileage": "55,000 km", "Fuel type": "Gasoline", "Cubic capacity": "600 cc", "Power": "98 bhp", "Color": "Silver (Metallic)", "Kteo to": "01 / 2020", "Liters/100km": "4 (Εντός)/5 (Εκτός)/4.5 (Μικτό)", "Previous owners": "1", "Modified": "1 day", "Times clicked": "53", "Short link": "www.car.gr/21506936", "Telephone": "None"}, "ad_seller": {}, "metadata": {"type": "Bikes", "brand": "Yamaha", "model": "FZ6 Fazer S2"}, "extras": ["Catalyst", "Centerstand", "Electric starter", "Exchange with Moto accepted", "Four-stroke engine", "Gelatin", "Greek Dealership", "Injection", "Kick-Starter", "Led lights", "Sidestand"], "description": "Άριστο...από σέρβις. - Less - "}