{"query": {"url": "https://www.car.gr/21506915-yamaha-x-max-250-injecion", "type": "CAR_ADDE", "trial_count": 1, "last_processed": 1553093793}, "title": "Yamaha X-MAX 250 INJECION  '08", "ad_id": "21506915", "ad_data": {"Make/Model": "Yamaha X-MAX 250 INJECION  '08", "Classified number": "21506915", "Price": "€1.900", "Category": "Bike - Roller/Scooter", "Registration": "1 / 2008", "Mileage": "40,000 km", "Fuel type": "Gasoline", "Cubic capacity": "250 cc", "Power": "23 bhp", "Color": "Black (Metallic)", "Modified": "8 hours", "Times clicked": "41", "Short link": "www.car.gr/21506915", "Telephone": "+30 2394122721"}, "ad_seller": {"Dealer": "ΜΕΤΑΧΕΙΡΙΣΜΕΝΑ ΑΥΤΟΚΙΝΗΤΑ ΚΑΙ ΜΗΧΑΝΕΣ", "Address": "ΜΕΓΑΛΟΥΑΛΕΞΑΝΔΡΟΥ24", "City": "ΛΑΓΚΑΔΑΣ", "": "+30 6948829716", "Dealer page": "https//autoline-cars-moto.car.gr/"}, "metadata": {"type": "Bikes", "brand": "Yamaha", "model": "X-MAX 250"}, "extras": ["Car Exchange", "Centerstand", "Electric starter", "Exchange with Moto accepted", "Four-stroke engine", "Gelatin", "Sidestand"], "description": "ΑΡΙΣΤΗ ΚΑΤΑΣΤΑΣΗ ΤΟΥ ΣΚΟΥΤΕΡ - ΔΕΚΤΟΣ ΕΛΕΓΧΟΣ ΑΠΟ ΕΣΑΣ - ΜΕΓΑΛΗ ΠΟΙΚΙΛΙΑ ΣΕ ΜΕΤΑΧΕΙΡΙΣΜΕΝΑ ΕΛΕΓΜΕΝΑ ΣΚΟΥΤΕΡΣ - ΑΠΟΣΤΟΛΗ ΣΕ ΟΛΗ ΤΗΝ ΕΛΛΑΔΑ - Less - "}