{"query": {"url": "https://www.car.gr/21506996-honda-sh-150i", "type": "CAR_ADDE", "trial_count": 1, "last_processed": 1553093793}, "title": "Honda SH 150i ΑΡΙΣΤΟ!! '10", "ad_id": "21506996", "ad_data": {"Make/Model": "Honda SH 150i ΑΡΙΣΤΟ!! '10", "Classified number": "21506996", "Price": "€1.650", "Category": "Bike - Roller/Scooter", "Registration": "1 / 2010", "Mileage": "38,000 km", "Fuel type": "Gasoline", "Cubic capacity": "150 cc", "Power": "16 bhp", "Color": "Black (Metallic)", "Modified": "8 hours", "Times clicked": "38", "Short link": "www.car.gr/21506996", "Telephone": "+30 2394122721"}, "ad_seller": {"Dealer": "ΜΕΤΑΧΕΙΡΙΣΜΕΝΑ ΑΥΤΟΚΙΝΗΤΑ ΚΑΙ ΜΗΧΑΝΕΣ", "Address": "ΜΕΓΑΛΟΥΑΛΕΞΑΝΔΡΟΥ24", "City": "ΛΑΓΚΑΔΑΣ", "": "+30 6948829716", "Dealer page": "https//autoline-cars-moto.car.gr/"}, "metadata": {"type": "Bikes", "brand": "Honda", "model": "SH 150i"}, "extras": ["Car Exchange", "Centerstand", "Exchange with Moto accepted", "Four-stroke engine", "Sidestand"], "description": "ΑΡΙΣΤΗ ΚΑΤΑΣΤΑΣΗ ΤΟΥ ΣΚΟΥΤΕΡ - ΔΕΚΤΟΣ ΕΛΕΓΧΟΣ ΑΠΟ ΕΣΑΣ - ΚΑΙΝΟΥΡΙΑ ΛΑΣΤΙΧΑ - ΜΕΓΑΛΗ ΠΟΙΚΙΛΙΑ ΣΕ ΜΕΤΑΧΕΙΡΙΣΜΕΝΑ ΕΛΕΓΜΕΝΑ ΣΚΟΥΤΕΡΣ - ΑΠΟΣΤΟΛΗ ΣΕ ΟΛΗ ΤΗΝ ΕΛΛΑΔΑ - Less - "}