{"query": {"url": "https://www.car.gr/21506906-kymco-xciting-300-r", "type": "CAR_ADDE", "trial_count": 1, "last_processed": 1553094534}, "title": "Kymco Xciting 300 R  '08", "ad_id": "21506906", "ad_data": {"Make/Model": "Kymco Xciting 300 R '08", "Classified number": "21506906", "Price": "€1.800", "Category": "Bike - Roller/Scooter", "Registration": "7 / 2008", "Mileage": "31,000 km", "Fuel type": "Gasoline", "Cubic capacity": "300 cc", "Power": "26 bhp", "Color": "Grey", "Kteo to": "06 / 2020", "Modified": "1 day", "Times clicked": "78", "Short link": "www.car.gr/21506906", "Telephone": "None"}, "ad_seller": {"Name": "nikos", "Address": "Ν.ΙΩΝΙΑΒΟΛΟΥP.ΜΑΓΝΗΣΙΑΣ"}, "metadata": {"type": "Bikes", "brand": "Kymco", "model": "Xciting 300 R"}, "extras": ["Automatic", "Centerstand", "Electric starter", "Injection", "Led lights", "Sidestand", "Top Box-Μπαγκαζιέρα"], "description": ""}