{"query": {"url": "https://www.car.gr/21506931-honda-astrea-supra-100-supra", "type": "CAR_ADDE", "trial_count": 1, "last_processed": 1553094825}, "title": "Honda Astrea Supra 100 Supra  '19", "ad_id": "21506931", "ad_data": {"Make/Model": "Honda Astrea Supra 100 Supra  '19", "Classified number": "21506931", "Price": "€1.000", "Category": "Bike - Underbone", "Registration": "1 / 2019", "Fuel type": "Gasoline", "Cubic capacity": "100 cc", "Power": "13 bhp", "Color": "Black", "Modified": "1 day", "Times clicked": "215", "Short link": "www.car.gr/21506931", "Telephone": "None"}, "ad_seller": {}, "metadata": {"type": "Bikes", "brand": "Honda", "model": "Astrea Supra 100"}, "extras": [], "description": "το μηχανάκι είναι άριστο - όλα νικελ - braking δισκοπλακα μπροστά - καινούργια αλυσιδογραναζα - όλα τα πλαστικά γνήσια σε τέλεια κατάσταση - περασμένο ΚΤΕΟ - Υπάρχουν και τα υπόλοιπα πλαστικά - πολλά extra - Less - "}