{"query": {"url": "https://www.car.gr/2384284-sachs-hercules-ks125", "type": "CAR_ADDE", "trial_count": 1, "last_processed": 1553093325}, "title": "Sachs  Hercules KS125 '81", "ad_id": "2384284", "ad_data": {"Make/Model": "Sachs Hercules KS125 '81", "Classified number": "2384284", "Price": "€4.300", "Category": "Bike - On/Off", "Registration": "1 / 1981", "Mileage": "11,000 km", "Fuel type": "Gasoline", "Cubic capacity": "125 cc", "Power": "25 bhp", "Transmission": "Manual", "Color": "Silver (Metallic)", "Modified": "6 hours", "Times clicked": "19252", "Short link": "www.car.gr/2384284", "Telephone": "+30 2104954210"}, "ad_seller": {"Dealer": "MOTO MERKOURIS", "Address": "KARDHMHTRIOU", "City": "ΚΟΡΥΔΑΛΛΟΣ", "": "+30 6977457015", "Fax": "+30 2104954210", "Dealer page": "https//merkouris.car.gr/"}, "metadata": {"type": "Bikes", "brand": "Sachs", "model": "Sachs  Hercules KS125 '81 - € 4.300 EUR"}, "extras": [], "description": "Μεγάλο stock ανταλλακτικών beta kalifo kalifone rizato - Less - "}