{"query": {"url": "https://www.car.gr/5051140-ducati-1198-panigale", "type": "CAR_ADDE", "trial_count": 1, "last_processed": 1553094169}, "title": "Ducati 1198 PANIGALE '19", "ad_id": "5051140", "ad_data": {"Make/Model": "Ducati 1198 PANIGALE '19", "Classified number": "5051140", "Price": "€699", "Category": "Bike - Mini..Moto", "Registration": "1 / 2019", "Fuel type": "Gasoline", "Cubic capacity": "50 cc", "Power": "9 bhp", "Color": "White", "Modified": "20 hours", "Times clicked": "58210", "Short link": "www.car.gr/5051140", "Telephone": "+30 6932416361"}, "ad_seller": {"Dealer": "DIRT MOTOS & sports", "Address": "ΑΘΗΝΑ-Καλλιροης77", "City": "ΑΘΗΝΑ", "": "+30 6932416361", "Fax": "+30 2155151166", "Dealer page": "https//dirt-motos.car.gr/", "Website": "http//www.dirt-motos.gr"}, "metadata": {"type": "Bikes", "brand": "Ducati", "model": "1198"}, "extras": [], "description": "ΔΕΙΓΜΑ ΤΟΥ ΚΑΤΑΣΤΗΜΑΤΟΣ.. - Πρώτοι και πάλι στην Ελλάδα φέρνουμε το καλύτερο midi street bike στον κόσμο!!! - Από τους αγώνες superbike κατευθείαν στους μικρούς μας πρωταθλητές!!! - AΝΤΙΓΡΑΦΟ DUCATI PANIGALE 1198 - Τετράχρονο - Μίζα - Φώτα led!!! - Proracing 50cc - 8' ζάντες - 80χλμ Τελική ταχύτητα - Ηλικίες 10+ - Less - "}