{"query": {"url": "https://www.car.gr/7107063-yamaha-crypton-x135-0", "type": "CAR_ADDE", "trial_count": 1, "last_processed": 1553102489}, "title": "Yamaha CRYPTON-X135 0% προκαταβολή '11", "ad_id": "7107063", "ad_data": {"Make/Model": "Yamaha CRYPTON-X135 0% προκαταβολή '11", "Classified number": "7107063", "Price": "€1.980", "Category": "Bike - Underbone", "Registration": "6 / 2011", "Mileage": "44,000 km", "Fuel type": "Gasoline", "Cubic capacity": "135 cc", "Power": "13 bhp", "Color": "Dark blue", "Modified": "31 days", "Times clicked": "1169", "Short link": "www.car.gr/7107063", "Telephone": "+30 2109598198"}, "ad_seller": {"Dealer": "Κούσκουρης", "Address": "Ελ.Βενιζέλου15(πρώηνΘησέως)καιΓρυπάρη4.ΕίσοδοςτουκαταστήματοςαπόΓρυπάρη4(20μέτρααπότηΘησέως).", "City": "ΚΑΛΛΙΘΕΑ", "": "+30 2109572222", "Fax": "+30 2109598198", "Dealer page": "https//kouskouris.car.gr/"}, "metadata": {"type": "Bikes", "brand": "Yamaha", "model": "CRYPTON-X135"}, "extras": ["Gelatin"], "description": "Ανταλλαγές - 0% Προκαταβολή έως 48 μήνες εξόφληση, με τράπεζα, όχι γραμμάτια. - Δεκτή πιστωτική ή χρεωστκή κάρτα και δόσεις με πιστωτική. - Δυνατότητα πληρωμής με μεταφορά χρημάτων - από λογαριασμό σε λογαριασμό μέσω τραπέζης ή ebanking - 46 χρόνια είμαστε δίπλα σας στις αγορές και πωλήσεις αυτοκίνητων - και moto. Έχετε τη δυνατότητα να κάνετε την επιλογή σας - από 50-70 παπιά που υπάρχουν πάντα στη διάθεσή σας. - Ελεγμένα και σε άριστη κατάσταση. - Οι μοτοσικλέτες μας είναι περασμένες από αυστηρό έλεγχο, άριστης - Λειτουργίας, πριν από τη παράδοσή τους. - Αποστολή σε όλη την Ελλάδα. Μεταβίβασης και αποστολή αυθημερόν. - Less - "}