{"query": {"url": "https://www.car.gr/6762587-kaisar", "type": "CAR_ADDE", "trial_count": 1, "last_processed": 1553096507}, "title": "Kaisar   '15", "ad_id": "6762587", "ad_data": {"Make/Model": "Kaisar '15", "Classified number": "6762587", "Price": "€1.200", "Category": "Bike - Underbone", "Registration": "7 / 2015", "Fuel type": "Gasoline", "Cubic capacity": "125 cc", "Power": "4 bhp", "Color": "Black (Metallic)", "Modified": "6 days", "Times clicked": "2876", "Short link": "www.car.gr/6762587", "Telephone": "+30 2721020325"}, "ad_seller": {"Dealer": "Μότο Νίκας", "Address": "Μητρ.Μελετίου5", "City": "ΚΑΛΑΜΑΤΑ", "": "+30 2721020325", "Dealer page": "https//moto-nikas.car.gr/", "Website": "http//motonikasnk.webs.com/"}, "metadata": {"type": "Bikes", "brand": "Kaisar", "model": "Kaisar   '15 - € 1.200 EUR (Negotiable)"}, "extras": ["Electric starter", "Exhaust Special", "Exhibition", "Four-stroke engine", "Kick-Starter"], "description": "Εγγύηση ένα έτος. - Εξάτμιση νέου τύπου - Πλήρη κάλυψη ανταλλακτικών. - Less - "}