{"query": {"url": "https://www.car.gr/4044722-ktm-640-sm", "type": "CAR_ADDE", "trial_count": 1, "last_processed": 1553104777}, "title": "KTM 640 SM  '03", "ad_id": "4044722", "ad_data": {"Make/Model": "KTM 640 SM '03", "Classified number": "4044722", "Price": "€2.100", "Category": "Bike - Super Motard", "Registration": "9 / 2003", "Mileage": "26,000 km", "Fuel type": "Gasoline", "Cubic capacity": "640 cc", "Power": "54 bhp", "Color": "Orange", "Modified": "over 2 months", "Times clicked": "5090", "Short link": "www.car.gr/4044722", "Telephone": "+30 2821099405"}, "ad_seller": {"Dealer": "CHANIA MOTORCYCLES", "Address": "ΝΙΚΟΛΑΟΥΠΛΑΣΤΗΡΑ4", "City": "ΧΑΝΙΑ", "": "+30 6980127373", "Fax": "+30 6996312247", "Dealer page": "https//stavroulakis-cars.car.gr/"}, "metadata": {"type": "Bikes", "brand": "KTM", "model": "640 SM"}, "extras": ["Car Exchange", "Electric starter", "Exchange with Moto accepted", "Four-stroke engine", "Kick-Starter"], "description": "πολυ καλη κατασταση - Less - "}