{"query": {"url": "https://www.car.gr/4044728-piaggio-beverly-500", "type": "CAR_ADDE", "trial_count": 1, "last_processed": 1553096976}, "title": "Piaggio Beverly 500  '04", "ad_id": "4044728", "ad_data": {"Make/Model": "Piaggio Beverly 500 '04", "Classified number": "4044728", "Price": "€2.200", "Category": "Bike - Roller/Scooter", "Registration": "10 / 2004", "Mileage": "50,000 km", "Fuel type": "Gasoline", "Cubic capacity": "500 cc", "Power": "40 bhp", "Color": "Black", "Modified": "7 days", "Times clicked": "3067", "Short link": "www.car.gr/4044728", "Telephone": "+30 2821099405"}, "ad_seller": {"Dealer": "CHANIA MOTORCYCLES", "Address": "ΝΙΚΟΛΑΟΥΠΛΑΣΤΗΡΑ4", "City": "ΧΑΝΙΑ", "": "+30 6980127373", "Fax": "+30 6996312247", "Dealer page": "https//stavroulakis-cars.car.gr/"}, "metadata": {"type": "Bikes", "brand": "Piaggio", "model": "Beverly 500"}, "extras": ["Automatic", "Car Exchange", "Electric starter", "Exchange with Moto accepted", "Four-stroke engine"], "description": "καλη κατασταση γινεται και ανταλλαγη - Less - "}