{"query": {"url": "https://www.car.gr/505859-bashan-nitro-50", "type": "CAR_ADDE", "trial_count": 1, "last_processed": 1553105179}, "title": "Bashan  NITRO 50 '16", "ad_id": "505859", "ad_data": {"Make/Model": "Bashan NITRO 50 '16", "Classified number": "505859", "Price": "€1", "Category": "Bike - Mini..Moto", "Registration": "1 / 2016", "Fuel type": "Gasoline", "Cubic capacity": "50 cc", "Power": "4 bhp", "Transmission": "Automatic", "Color": "Orange (Metallic)", "Modified": "8 days", "Times clicked": "32295", "Short link": "www.car.gr/505859", "Telephone": "+30 6945279646"}, "ad_seller": {"Dealer": "ΜΟΤΟΣΥΛΛΟΓΗ", "Address": "59100", "City": "ΒΕΡΟΙΑ", "": "+30 6945279646", "Fax": "+30 2331022881", "Dealer page": "https//motosillogi.car.gr/", "Website": "https//www.facebook.com/motosyllogi76"}, "metadata": {"type": "Bikes", "brand": "Bashan", "model": "Bashan  NITRO 50 '16 - € 1 EUR (Negotiable)"}, "extras": ["ABS", "Antique-Classic", "Automatic", "Exhaust Special", "Exhibition", "Gelatin", "Kick-Starter", "Price without VAT", "Service Book", "Two-stroke"], "description": "Το μηχανακι ειναι καινουριο. Ειναι 49cc, διχρονο, μονοκυλινδρο, 3,5PS, 7500rpm, αυτοματο, αεροψυκτο, μεταδοση με αλυσιδα, τελικη 55km/h. ΒΑΡΟΣ: 35kg ΔΙΑΣΤΑΣΕΙΣ: μηκος 102cm, πλατος 59cm, υψος 68cm. Το μηχανακι ειναι καινουριο, με ευρωπαΐκη εγκρηση, ειναιΕΚΠΕΔΕΥΤΙΚΟ ΜΟΤΟΣΥΛΛΟΓΗ, .η καλυτερη σχεση με τους 2 τροχους.ΑΠΟ ΤΟ 1976 /// ΓΙΑ ΜΙΚΡΟΥΣ 6ΕΤΩΝ ΕΩΣ 10 ΕΤΩΝ // - Less - "}