{"query": {"url": "https://www.car.gr/21335952-gilera-nexus-250-sp", "type": "CAR_ADDE", "trial_count": 1, "last_processed": 1553098815}, "title": "Gilera Nexus 250 SP  '08", "ad_id": "21335952", "ad_data": {"Make/Model": "Gilera Nexus 250 SP '08", "Classified number": "21335952", "Price": "€2.700", "Category": "Bike - Roller/Scooter", "Registration": "1 / 2008", "Mileage": "35,000 km", "Fuel type": "Gasoline", "Cubic capacity": "250 cc", "Power": "22 bhp", "Color": "Red (Metallic)", "Modified": "12 days", "Times clicked": "141", "Short link": "www.car.gr/21335952", "Telephone": "None"}, "ad_seller": {}, "metadata": {"type": "Bikes", "brand": "Gilera", "model": "Nexus 250 SP"}, "extras": ["Cast wheels", "Centerstand", "Electric starter", "Exchange with Moto accepted", "Exhibition", "Four-stroke engine", "Injection"], "description": "Το μηχανάκι είναι όπως στις φωτογραφίες. - Βαμμένο λόγο αισθητικής κόκκινο μεταλλικό replica. - Καινούργια σέλα,χερούλια, φανάρι πίσω, λάδια castrol 5-40, φίλτρο αέρος pollini, μπιλάκια pulley, ιμάντας γνήσιος piaggio. - Είναι σε κλειστό χώρο. - Το δίνω λόγο αγοράς gp 800 - Less - "}