{"query": {"url": "https://www.car.gr/21335996-suzuki-fd-110-shogun", "type": "CAR_ADDE", "trial_count": 1, "last_processed": 1553096446}, "title": "Suzuki FD 110 Shogun Αριστο '02", "ad_id": "21335996", "ad_data": {"Make/Model": "Suzuki FD 110 Shogun Αριστο '02", "Classified number": "21335996", "Price": "€1.200", "Category": "Bike - Underbone", "Registration": "1 / 2002", "Mileage": "38,077 km", "Fuel type": "Gasoline", "Cubic capacity": "110 cc", "Power": "10 bhp", "Color": "Blue (Metallic)", "Kteo to": "01 / 2021", "Modified": "5 days", "Times clicked": "160", "Short link": "www.car.gr/21335996", "Telephone": "None"}, "ad_seller": {}, "metadata": {"type": "Bikes", "brand": "Suzuki", "model": "FD 110 Shogun"}, "extras": [], "description": "Το μηχανάκη ειναι σε άριστη κατάσταση τα περισσότερα στο τηλ.. - Less - "}