{"query": {"url": "https://www.car.gr/21335922-kymco-xciting-400i", "type": "CAR_ADDE", "trial_count": 1, "last_processed": 1553095119}, "title": "Kymco Xciting 400i  '13", "ad_id": "21335922", "ad_data": {"Make/Model": "Kymco Xciting 400i '13", "Classified number": "21335922", "Price": "€3.600", "Category": "Bike - Roller/Scooter", "Registration": "9 / 2013", "Mileage": "14,667 km", "Fuel type": "Gasoline", "Cubic capacity": "400 cc", "Power": "36 bhp", "Color": "Grey", "Kteo to": "10 / 2019", "Liters/100km": "1 (Εντός)", "Previous owners": "1", "Modified": "2 days", "Times clicked": "233", "Short link": "www.car.gr/21335922", "Telephone": "None"}, "ad_seller": {}, "metadata": {"type": "Bikes", "brand": "Kymco", "model": "Xciting 400i"}, "extras": ["Automatic", "Cargo Rack", "Cast wheels", "Centerstand", "Four-stroke engine", "Injection", "Led lights", "Service Book", "Sidestand", "Top Box-Μπαγκαζιέρα"], "description": "Το σκούτερ είναι σε άριστη κατάσταση... δεκτός κάθε έλεγχος τα λάστιχα σε πολύ καλή κατάσταση... μπαγαζιερα GIVI V47 MONOKEY... Βιβλίο SERVICE!!! - Less - "}