{"query": {"url": "https://www.car.gr/21335948-kawasaki-er-6-n", "type": "CAR_ADDE", "trial_count": 1, "last_processed": 1553098833}, "title": "Kawasaki ER - 6 N  '09", "ad_id": "21335948", "ad_data": {"Make/Model": "Kawasaki ER - 6 N '09", "Classified number": "21335948", "Price": "€2.700", "Category": "Bike - Naked", "Registration": "1 / 2009", "Mileage": "51,000 km", "Fuel type": "Gasoline", "Cubic capacity": "650 cc", "Power": "75 bhp", "Color": "Black (Metallic)", "Kteo to": "07 / 2019", "Liters/100km": "5.5 (Εντός)/4.5 (Εκτός)/5 (Μικτό)", "Previous owners": "1", "Modified": "12 days", "Times clicked": "341", "Short link": "www.car.gr/21335948", "Telephone": "None"}, "ad_seller": {}, "metadata": {"type": "Bikes", "brand": "Kawasaki", "model": "ER - 6 N"}, "extras": ["Electric starter", "Exchange with Moto accepted", "Exhaust Special", "Four-stroke engine"], "description": "Kawasaki er6-n 2008 μοντέλο με πρώτη άδεια 2009 δεύτερο χέρι όλα τα service στην ώρα τους σε άριστη κατάσταση με αρκετά έξτρα!μαζί όλα τα μαμά πράματα! δεκτός έλεγχος όπου θέλετε! - Less - "}