{"query": {"url": "https://www.car.gr/21335951-sym-hd-200i-evo", "type": "CAR_ADDE", "trial_count": 1, "last_processed": 1553098815}, "title": "Sym HD 200i EVO  '11", "ad_id": "21335951", "ad_data": {"Make/Model": "Sym HD 200i EVO '11", "Classified number": "21335951", "Price": "€1.500", "Category": "Bike - Roller/Scooter", "Registration": "6 / 2011", "Mileage": "34,900 km", "Fuel type": "Gasoline", "Cubic capacity": "200 cc", "Power": "18 bhp", "Color": "White (Metallic)", "Kteo to": "12 / 2020", "Modified": "12 days", "Times clicked": "84", "Short link": "www.car.gr/21335951", "Telephone": "None"}, "ad_seller": {}, "metadata": {"type": "Bikes", "brand": "Sym", "model": "HD 200i EVO"}, "extras": ["Automatic", "Cargo Rack", "Electric starter", "Four-stroke engine", "Injection", "Led lights", "Service Book", "Sidestand", "Top Box-Μπαγκαζιέρα"], "description": "Σε πολύ καλη κατάσταση!!!injection...περισσότερες πληροφορίες στο τηλ. - Less - "}