{"query": {"url": "https://www.car.gr/21335995-suzuki-gz-250-marauder", "type": "CAR_ADDE", "trial_count": 1, "last_processed": 1553097841}, "title": "Suzuki GZ 250 Marauder  '01", "ad_id": "21335995", "ad_data": {"Make/Model": "Suzuki GZ 250 Marauder '01", "Classified number": "21335995", "Price": "€2.000", "Category": "Bike - Custom", "Registration": "9 / 2001", "Mileage": "61,600 km", "Fuel type": "Gasoline", "Cubic capacity": "250 cc", "Power": "30 bhp", "Color": "Black (Metallic)", "Kteo to": "05 / 2020", "Liters/100km": "4 (Εντός)/3 (Εκτός)/3.5 (Μικτό)", "Modified": "9 days", "Times clicked": "74", "Short link": "www.car.gr/21335995", "Telephone": "None"}, "ad_seller": {}, "metadata": {"type": "Bikes", "brand": "Suzuki", "model": "GZ 250 Marauder"}, "extras": ["Antique-Classic", "Car Exchange", "Electric starter", "Four-stroke engine", "Greek Dealership", "Kick-Starter", "Spoke wheels", "Καρμπυρατέρ"], "description": "ΠΩΛΕΙΤΑΙ SUZUKI MARAUDER ΣΕ ΑΡΙΣΤΗ ΚΑΤΑΣΤΑΣΗ ΠΟΛΥ ΟΙΚΟΝΟΜΙΚΟ .ΑΝΤΑΛΛΑΓΗ ΜΟΝΟ ΜΕ SMART. - Less - "}