{"query": {"url": "https://www.car.gr/21335926-kawasaki-er6-n", "type": "CAR_ADDE", "trial_count": 1, "last_processed": 1553098834}, "title": "Kawasaki ER6-n  '09", "ad_id": "21335926", "ad_data": {"Make/Model": "Kawasaki ER6-n '09", "Classified number": "21335926", "Price": "€2.200", "Category": "Bike - Naked", "Registration": "1 / 2009", "Mileage": "36,000 km", "Fuel type": "Gasoline", "Cubic capacity": "650 cc", "Power": "75 bhp", "Color": "Black", "Liters/100km": "3 (Εντός)/3 (Εκτός)/3 (Μικτό)", "Modified": "12 days", "Times clicked": "277", "Short link": "www.car.gr/21335926", "Telephone": "None"}, "ad_seller": {}, "metadata": {"type": "Bikes", "brand": "Kawasaki", "model": "ER6-n"}, "extras": [], "description": ""}