{"query": {"url": "https://www.car.gr/21335949-yamaha-x-max-300-xmax-300-abs", "type": "CAR_ADDE", "trial_count": 1, "last_processed": 1553095197}, "title": "Yamaha X-Max 300 XMAX 300 ABS! '17", "ad_id": "21335949", "ad_data": {"Make/Model": "Yamaha X-Max 300 XMAX 300 ABS! '17", "Classified number": "21335949", "Price": "€5.350", "Category": "Bike - Roller/Scooter", "Registration": "1 / 2017", "Mileage": "5,600 km", "Fuel type": "Gasoline", "Cubic capacity": "300 cc", "Power": "3 bhp", "Color": "Brown", "Modified": "2 days", "Times clicked": "373", "Short link": "www.car.gr/21335949", "Telephone": "+30 2107758100"}, "ad_seller": {"Dealer": "ΠΑΠΑΓΕΩΡΓΙΟΥ ΜΟΤΟ", "Address": "ΜΙΧΑΛΑΚΟΠΟΥΛΟΥ135", "City": "ΑΘΗΝΑ", "": "+30 2107488562", "Fax": "+30 2107778231", "Dealer page": "https//ampapageorgiou.car.gr/", "Website": "http//www.ampapageorgiou.gr"}, "metadata": {"type": "Bikes", "brand": "Yamaha", "model": "X-Max 300"}, "extras": ["ABS", "Credit card-Visa accepted"], "description": "Extras: χούφτες - Πρώτη άδεια κυκλοφορίας: 15.01.18 - Εγγύηση αντιπροσωπείας έως 15.01.2020 - Αναλαμβάνουμε την πώληση της μεταχειρισμένης σας μοτοσικλέτας με δόσεις και εσείς πληρώνεστε τοις μετρητοίς. - Γιατί να παίρνετε τα δώρα που σας δίνουν ενώ μπορείτε να έχετε αυτά της επιλογής σας? Με κάθε αγορά Μοτό σας δίνουμε δωροεπιταγή για αγορές αξεσουάρ Μοτό και αναβάτη της αρεσκείας σας.! - 0% προκαταβολή, εξόφληση έως 84 μήνες είτε μέσω πιστωτικής κάρτας έως 48 μήνες με τα ανταγωνιστικότερα επιτόκια της αγοράς.. Ρωτήστε μας για οποιαδήποτε διευκρίνηση. - Less - "}