{"query": {"url": "https://www.car.gr/21332298-honda-astrea-supra-100", "type": "CAR_ADDE", "trial_count": 1, "last_processed": 1553098950}, "title": "Honda Astrea Supra 100  '00", "ad_id": "21332298", "ad_data": {"Make/Model": "Honda Astrea Supra 100 '00", "Classified number": "21332298", "Price": "€600", "Category": "Bike - Underbone", "Registration": "1 / 2000", "Mileage": "50,000 km", "Fuel type": "Gasoline", "Cubic capacity": "100 cc", "Power": "9 bhp", "Color": "Black (Metallic)", "Kteo to": "04 / 2020", "Modified": "12 days", "Times clicked": "676", "Short link": "www.car.gr/21332298", "Telephone": "None"}, "ad_seller": {}, "metadata": {"type": "Bikes", "brand": "Honda", "model": "Astrea Supra 100"}, "extras": [], "description": "Θέλει μόνο μια κεφαλή - Less - "}