{"query": {"url": "https://www.car.gr/5006272-kawasaki-athlete-125-d", "type": "CAR_ADDE", "trial_count": 1, "last_processed": 1553097455}, "title": "Kawasaki Athlete 125 D  '14", "ad_id": "5006272", "ad_data": {"Make/Model": "Kawasaki Athlete 125 D '14", "Classified number": "5006272", "Price": "€2.040", "Category": "Bike - Street Bike", "Registration": "4 / 2014", "Fuel type": "Gasoline", "Cubic capacity": "125 cc", "Power": "10 bhp", "Color": "White", "Modified": "8 days", "Times clicked": "43", "Short link": "www.car.gr/5006272", "Telephone": "+30 2102388281"}, "ad_seller": {"Dealer": "ΝΙΚΑΣ ΣΠΥΡΙΔΩΝ", "Address": "ΛΕΩΦ.ΔΗΜΟΚΡΑΤΙΑΣ290", "City": "ΑΧΑΡΝΕΣ", "": "+30 2102381638", "Fax": "+30 2102388282", "Dealer page": "https//chevrolet-nikas.car.gr/"}, "metadata": {"type": "Bikes", "brand": "Kawasaki", "model": "Athlete 125 D"}, "extras": ["Automatic", "Car Exchange", "Electric starter", "Exchange with Moto accepted", "Four-stroke engine"], "description": "ΚΑΙΝΟΥΡΙΟ 0 ΧΙΛΙΟΜΕΤΡΑ - Less - "}