{"query": {"url": "https://www.car.gr/7150169-suzuki-gs-500", "type": "CAR_ADDE", "trial_count": 1, "last_processed": 1553095929}, "title": "Suzuki GS 500  '94", "ad_id": "7150169", "ad_data": {"Make/Model": "Suzuki GS 500 '94", "Classified number": "7150169", "Price": "€1.500", "Category": "Bike - Street Bike", "Registration": "1 / 1994", "Mileage": "74,000 km", "Fuel type": "Gasoline", "Cubic capacity": "487 cc", "Power": "52 bhp", "Color": "Black", "Modified": "4 days", "Times clicked": "12914", "Short link": "www.car.gr/7150169", "Telephone": "+30 2331020838"}, "ad_seller": {"Dealer": "ΒΥΖΑΣ ΓΙΩΡΓΟΣ", "Address": "ΘΕΣ/ΝΙΚΗΣ174", "City": "ΒΕΡΟΙΑ", "": "+30 6936727003", "Fax": "+30 2331021112", "Dealer page": "https//motovyzas.car.gr/", "Website": "http//motovyzas.com"}, "metadata": {"type": "Bikes", "brand": "Suzuki", "model": "GS 500"}, "extras": ["Electric starter", "Exhaust Special", "Four-stroke engine"], "description": "Πρώτο χέρι, λάστιχα καινούργια MICHELIN PILOT, ατρακαριστη , περασμένη ΚΤΕΟ, με πινακίδες, χωρίς κανένα πρόβλημα. - Less - "}