{"query": {"url": "https://www.car.gr/3337268-harley-davidson-e-g-ultra-classic-s-s", "type": "CAR_ADDE", "trial_count": 1, "last_processed": 1553099720}, "title": "Harley Davidson E.G. Ultra Classic S&S ΜΟΝΑΔΙΚΗ!!! '97", "ad_id": "3337268", "ad_data": {"Make/Model": "Harley Davidson E.G. Ultra Classic S&S ΜΟΝΑΔΙΚΗ!!! '97", "Classified number": "3337268", "Price": "€13.990", "Category": "Bike - Sport Touring", "Registration": "2 / 1997", "Mileage": "1,950 km", "Fuel type": "Gasoline", "Cubic capacity": "1,800 cc", "Power": "135 bhp", "Transmission": "Manual", "Color": "Black", "Modified": "15 days", "Times clicked": "6959", "Short link": "www.car.gr/3337268", "Telephone": "+30 2102822060"}, "ad_seller": {"Dealer": "KC ELITE MOTORS", "Address": "Λεωφ.Ηρακλείου490-Αττικήοδόςέξοδος9", "City": "ΝΕΟΗΡΑΚΛΕΙΟ", "": "+30 2102822080", "Fax": "+30 2102822002", "Dealer page": "https//kcelitemotors.car.gr/", "Website": "http//www.kcelitemotors.gr"}, "metadata": {"type": "Bikes", "brand": "Harley Davidson", "model": "E.G. Ultra Classic"}, "extras": [], "description": "-ΕΞΑΙΡΕΤΙΚΗ -FULL CHROME EXTRAS -MOTOR/EXHAUST S&S ΟΛΟΚΑΙΝΟΥΡΓΙA -ΑΕΡΟΓΡΑΦΙΕΣ -SOUND SYSTEM FULL -ΜΟΝΑΔΙΚΟ -BEST ULTRA CLASSIC OF THE YEAR - MOTOR HARLEY DAVIDSON SHOW EVENT WINNER FOR 3 YEARS - FULL OPTIONALS!!! - Εώς 48 δόσεις με χρήση πιστωτικής κάρτας !!! - Less - "}