{"query": {"url": "https://www.car.gr/21334761-honda-astrea-supra-100", "type": "CAR_ADDE", "trial_count": 1, "last_processed": 1553098894}, "title": "Honda Astrea Supra 100  '00", "ad_id": "21334761", "ad_data": {"Make/Model": "Honda Astrea Supra 100 '00", "Classified number": "21334761", "Price": "€850", "Category": "Bike - Underbone", "Registration": "7 / 2000", "Mileage": "63,000 km", "Fuel type": "Gasoline", "Cubic capacity": "99 cc", "Power": "8 bhp", "Color": "Blue", "Kteo to": "05 / 2019", "Liters/100km": "4.4 (Εντός)/3.3 (Εκτός)/4.4 (Μικτό)", "Modified": "12 days", "Times clicked": "79", "Short link": "www.car.gr/21334761", "Telephone": "None"}, "ad_seller": {}, "metadata": {"type": "Bikes", "brand": "Honda", "model": "Astrea Supra 100"}, "extras": ["Electric starter", "Exhaust Special", "Top Box-Μπαγκαζιέρα"], "description": "Γνήσιο και αριστο μηχανικά - Τα υπόλοιπα απ το τηλέφωνο - Less - "}