{"query": {"url": "https://www.car.gr/21334795-yamaha-xt-600e-xt-600", "type": "CAR_ADDE", "trial_count": 1, "last_processed": 1553095513}, "title": "Yamaha XT 600E Xt 600 '02", "ad_id": "21334795", "ad_data": {"Make/Model": "Yamaha XT 600E Xt 600 '02", "Classified number": "21334795", "Price": "€1.700", "Category": "Bike - Super Motard", "Registration": "1 / 2002", "Mileage": "28,000 km", "Fuel type": "Gasoline", "Cubic capacity": "600 cc", "Power": "48 bhp", "Color": "White", "Kteo to": "08 / 2019", "Modified": "3 days", "Times clicked": "779", "Short link": "www.car.gr/21334795", "Telephone": "None"}, "ad_seller": {}, "metadata": {"type": "Bikes", "brand": "Yamaha", "model": "XT 600E"}, "extras": ["Electric starter", "Exchange with Moto accepted", "Exhaust Special", "Four-stroke engine", "Spoke wheels", "Καρμπυρατέρ"], "description": "Περλα χρωμα! - Μαζί με 2ο μοτέρ χωρίς 4 - Για περισσότερες πληροφορίες τηλέφωνο! - Η τιμή είναι συζητήσιμη - Ανταλλαγή με άλλο ψηλό και διαφορά από μέρους μου - Less - "}