{"query": {"url": "https://www.car.gr/21334763-yamaha-tdm-900", "type": "CAR_ADDE", "trial_count": 1, "last_processed": 1553098892}, "title": "Yamaha TDM 900  '07", "ad_id": "21334763", "ad_data": {"Make/Model": "Yamaha TDM 900 '07", "Classified number": "21334763", "Price": "€3.000", "Category": "Bike - On/Off", "Registration": "1 / 2007", "Mileage": "83,000 km", "Fuel type": "Gasoline", "Cubic capacity": "900 cc", "Power": "87 bhp", "Color": "Grey (Metallic)", "Kteo to": "08 / 2020", "Modified": "12 days", "Times clicked": "253", "Short link": "www.car.gr/21334763", "Telephone": "None"}, "ad_seller": {}, "metadata": {"type": "Bikes", "brand": "Yamaha", "model": "TDM 900"}, "extras": ["ABS", "Electric starter", "Engine Guards", "Gelatin", "Injection", "Kick-Starter", "Lights Xenon", "Service Book", "Top Box-Μπαγκαζιέρα"], "description": ""}