{"query": {"url": "https://www.car.gr/2350862-honda-xr-350r", "type": "CAR_ADDE", "trial_count": 1, "last_processed": 1553101851}, "title": "Honda XR 350R '84", "ad_id": "2350862", "ad_data": {"Make/Model": "Honda XR 350R '84", "Classified number": "2350862", "Price": "€2.500", "Category": "Bike - Εnduro", "Registration": "1 / 1984", "Mileage": "1,000 km", "Fuel type": "Gasoline", "Cubic capacity": "350 cc", "Power": "33 bhp", "Transmission": "Manual", "Color": "Red", "Kteo to": "09 / 2019", "Liters/100km": "5.5 (Εντός)/5 (Εκτός)/5 (Μικτό)", "Modified": "26 days", "Times clicked": "538", "Short link": "www.car.gr/2350862", "Telephone": "None"}, "ad_seller": {}, "metadata": {"type": "Bikes", "brand": "Honda", "model": "XR"}, "extras": ["Antique-Classic", "Exhaust Special", "Four-stroke engine", "Kick-Starter", "Price without VAT", "Skid Plate", "Spoke wheels"], "description": "ΠΙΣΤΟΝΙ WISECO, ΜΠΙΕΛΑ PRO-X ΚΑΙΝΟΥΡΓΙΑ, ΦΛΑΤΖΕΣ, - ΤΣΙΜΟΥΧΕΣ, ΚΑΔΕΝΑ, ΣΤΡΩΜΕΝΟ ΜΟΤΕΡ ΑΨΟΓΟ. - ΑΝΑΡΤΗΣΕΙΣ, ΦΡΕΝΑ, ΦΩΤΑ, ΟΚ. - ΣΕ ΠΟΛΥ ΚΑΛΗ ΚΑΤΑΣΤΑΣΗ, ΔΥΝΑΤΟ. - ΣΗΜΑTA 2015 - 2016 - 2017 - 2018 ΠΛΗΡΩΜΕΝΑ, - ΜΕ ΠΙΝΑΚΙΔΑ, ΚΤΕΟ ΠΕΡΑΣΜΕΝΟ - ΚΟΜΠΛΕ. - ΕΜΦΑΝΙΣΙΑΚΑ ΕΙΝΑΙ ΟΠΩΣ ΣΤΙΣ ΦΩΤΟΓΡΑΦΙΕΣ. - ΣΤΕΓΑΖΕΤΑΙ ΣΕ ΙΔΙΩΤΙΚΟ ΓΚΑΡΑΖ. ΣΥΛΛΕΚΤΙΚΟ. - ΑΝΑΒΕΙ ΕΥΚΟΛΑ ΜΕ ΜΙΑ ΜΑΝΙΒΕΛΙΑ. - ΠΕΡΙΣΟΤΕΡΑ ΑΠ' ΤΟ ΤΗΛΕΦΩΝΟ, - ΟΧΙ ΚΛΗΣΕΙΣ ΜΕ ΑΠΟΚΡΥΨΗ ΑΡΙΘΜΟΥ. - Less - "}