{"query": {"url": "https://www.car.gr/21508704-honda-astrea-grand-110", "type": "CAR_ADDE", "trial_count": 7, "last_processed": 1553092842}, "title": "Honda Astrea Grand 110  '99", "ad_id": "21508704", "ad_data": {"Make/Model": "Honda Astrea Grand 110 '99", "Classified number": "21508704", "Price": "€1.050", "Category": "Bike - Underbone", "Registration": "4 / 1999", "Mileage": "44,739 km", "Fuel type": "Gasoline", "Cubic capacity": "100 cc", "Power": "8 bhp", "Color": "Bordeaux", "Kteo to": "07 / 2019", "Previous owners": "2", "Modified": "4 hours", "Times clicked": "57", "Short link": "www.car.gr/21508704", "Telephone": "None"}, "ad_seller": {}, "metadata": {"type": "Bikes", "brand": "Honda", "model": "Astrea Grand 110"}, "extras": [], "description": "Πληροφορίες στο τηλέφωνο! - Less - "}