{"query": {"url": "https://www.car.gr/21508754-honda-cb-1000-r", "type": "CAR_ADDE", "trial_count": 1, "last_processed": 1553093713}, "title": "Honda CB 1000 R  '09", "ad_id": "21508754", "ad_data": {"Make/Model": "Honda CB 1000 R '09", "Classified number": "21508754", "Price": "€5.699", "Category": "Bike - Naked", "Registration": "5 / 2009", "Mileage": "19,150 km", "Fuel type": "Gasoline", "Cubic capacity": "1,000 cc", "Power": "130 bhp", "Color": "Gold (Metallic)", "Kteo to": "06 / 2020", "Modified": "7 hours", "Times clicked": "124", "Short link": "www.car.gr/21508754", "Telephone": "None"}, "ad_seller": {}, "metadata": {"type": "Bikes", "brand": "Honda", "model": "CB 1000 R"}, "extras": ["ABS", "Exchange with Moto accepted", "Exhaust Special", "Four-stroke engine", "Injection", "Kick-Starter", "Sidestand"], "description": "Το μηχανάκι ειναι σε άριστη κατασταση. - Δεν θέλει τιποτα. - Έχει ABS φοράει τελικο REMUS κ έχει καινούργια λάστιχα. - Ολα τα service ειναι στην στην ωρα τους. - Φυλάσεται σε κλειστό χώρο....κ δεν έχει βγει ποτέ σε βροχή. - Ολα τα χλμ.ειναι σε βόλτες ΣαββατοΚυριακα. - Δεκτός έλεγχος οπουδήποτε θέλετε. - Less - "}