{"query": {"url": "https://www.car.gr/21508767-piaggio-beverly-300i-tourer", "type": "CAR_ADDE", "trial_count": 1, "last_processed": 1553094656}, "title": "Piaggio  BEVERLY 300I TOURER '10", "ad_id": "21508767", "ad_data": {"Make/Model": "Piaggio BEVERLY 300I TOURER '10", "Classified number": "21508767", "Price": "€2.000", "Category": "Bike - Roller/Scooter", "Registration": "4 / 2010", "Mileage": "68,000 km", "Fuel type": "Gasoline", "Cubic capacity": "280 cc", "Power": "23 bhp", "Color": "White (Metallic)", "Kteo to": "04 / 2020", "Modified": "1 day", "Times clicked": "29", "Short link": "www.car.gr/21508767", "Telephone": "None"}, "ad_seller": {}, "metadata": {"type": "Bikes", "brand": "Piaggio", "model": "Piaggio  BEVERLY 300I TOURER '10 - € 2.000 EUR"}, "extras": [], "description": ""}