{"query": {"url": "https://www.car.gr/7108738-mv-agusta-turismo-veloce-lusso-800", "type": "CAR_ADDE", "trial_count": 1, "last_processed": 1553095485}, "title": "Mv Agusta  TURISMO VELOCE LUSSO 800 '19", "ad_id": "7108738", "ad_data": {"Make/Model": "Mv Agusta TURISMO VELOCE LUSSO 800 '19", "Classified number": "7108738", "Price": "€20.900", "Category": "Bike - Sport Touring", "Registration": "3 / 2019", "Fuel type": "Gasoline", "Cubic capacity": "800 cc", "Power": "110 bhp", "Color": "White (Metallic)", "Modified": "2 days", "Times clicked": "4424", "Short link": "www.car.gr/7108738", "Telephone": "+30 2109224543"}, "ad_seller": {"Dealer": "ΕΥΘΥΜΙΟΥ ΜΟΤΟ", "Address": "Λ.ΚΑΛΛΙΡΡΟΗΣ33", "City": "ΑΘΗΝΑ", "": "+30 2109224543", "Fax": "+30 2109224547", "Dealer page": "https//efthimiou-moto.car.gr/"}, "metadata": {"type": "Bikes", "brand": "Mv Agusta", "model": "Mv Agusta  TURISMO VELOCE LUSSO 800 '19 - € 20.900 EUR"}, "extras": ["ABS", "TCS-TractionControl"], "description": "MV AGUSTA TURISMO VELOCE LUSSO!!!!ΜΕ ΟΛΑ ΤΑ ΧΑΡΑΚΤΗΡΙΣΤΙΚΑ ΤΟΥ ΑΠΛΟΥ + ΗΛΕΚΤΡΟΝΙΚΑ ΡΥΘΜΙΖΟΜΕΝΕΣ ΑΝΑΡΤΗΣΕΙΣ,ΠΛΑΙΝΕΣ ΒΑΛΙΤΣΕΣ,ΚΕΝΤΡΙΚΟ ΣΤΑΝΤ,ΘΕΡΜΑΙΝΟΜΕΝΑ ΓΚΡΙΠΣ!!!! - ΜΠΟΡΕΙΤΕ ΝΑ ΤΟ ΔΕΙΤΕ ΑΠΟ ΚΟΝΤΑ ΣΤΟ ΚΑΤΑΣΤΗΜΑ ΜΑΣ \"ΕΥΘΥΜΙΟΥ ΜΟΤΟ\" - Less - "}