{"query": {"url": "https://www.car.gr/classifieds/bikes/view/5481070/", "type": "CAR_ADDE", "trial_count": 1, "last_processed": 1553105188}, "title": "Αλλο   '08", "ad_id": "5481070", "ad_data": {"Make/Model": "Αλλο '08", "Classified number": "5481070", "Price": "€2", "Category": "Bike - Other", "Registration": "7 / 2008", "Mileage": "10,000 km", "Fuel type": "Gasoline", "Cubic capacity": "700 cc", "Power": "100 bhp", "Color": "Silver", "Kteo to": "07 / 2015", "Liters/100km": "6 (Εντός)/6 (Εκτός)/6 (Μικτό)", "Modified": "12 days", "Times clicked": "524", "Short link": "www.car.gr/5481070", "Telephone": "+30 2310597580"}, "ad_seller": {"Dealer": "ΜΟΤΟ ΓΙΑΓΚΟΥΔΗΣ ΜΕΤΑΧΕΙΡΙΣΜΕΝΑ ΑΝΤΑΛΛΑΚΤΙΚΑ", "Address": "ΛΑΓΚΑΔΑ26&ΑΓ.ΝΕΣΤΩΡΟΣΓΩΝΙΑ", "City": "ΘΕΣΣΑΛΟΝΙΚΗ", "": "+30 6945158651", "Fax": "+30 2310597580", "Dealer page": "https//moto-giagoudis.car.gr/"}, "metadata": {"type": "Bikes", "brand": "Αλλο", "model": "Αλλο   '08 - € 2 EUR"}, "extras": [], "description": "ΑΓΟΡΑΖΟΝΤΑΙ ΜΟΤΟΣΥΚΛΕΤΕΣ ΤΙΣ ΜΕΤΡΙΤΟΙΣ ΚΑΙ ΑΜΕΣΑ,ΠΡΟΥΠΟΘΕΣΗ ΝΑ ΕΙΝΑΙ ΑΤΡΑΚΑΡΙΣΤΗ... - Less - "}