{"query": {"url": "https://www.car.gr/21336001-honda-wave-110i", "type": "CAR_ADDE", "trial_count": 1, "last_processed": 1553095864}, "title": "Honda Wave 110i '14", "ad_id": "21336001", "ad_data": {"Make/Model": "Honda Wave 110i '14", "Classified number": "21336001", "Price": "€1.450", "Category": "Bike - Underbone", "Registration": "10 / 2014", "Mileage": "25,200 km", "Fuel type": "Gasoline", "Cubic capacity": "110 cc", "Power": "8 bhp", "Color": "Black", "Kteo to": "10 / 2020", "Modified": "3 days", "Times clicked": "233", "Short link": "www.car.gr/21336001", "Telephone": "None"}, "ad_seller": {}, "metadata": {"type": "Bikes", "brand": "Honda", "model": "Wave"}, "extras": ["Cargo Rack", "Centerstand", "Electric starter", "Service Book", "Sidestand", "Top Box-Μπαγκαζιέρα"], "description": "Άριστη κατάσταση. Καινούριο μπροστινό λάστιχο. Καινούρια μπαταρία. Ατρακάριστο. - Less - "}