{"query": {"url": "https://www.car.gr/21336069-suzuki-gsx-r-1000", "type": "CAR_ADDE", "trial_count": 1, "last_processed": 1553093984}, "title": "Suzuki GSX-R 1000  '04", "ad_id": "21336069", "ad_data": {"Make/Model": "Suzuki GSX-R 1000 '04", "Classified number": "21336069", "Price": "€3.400", "Category": "Bike - Super Sport", "Registration": "10 / 2004", "Mileage": "56,000 km", "Fuel type": "Gasoline", "Cubic capacity": "1,000 cc", "Power": "180 bhp", "Color": "White (Metallic)", "Kteo to": "03 / 2021", "Previous owners": "1", "Modified": "18 hours", "Times clicked": "794", "Short link": "www.car.gr/21336069", "Telephone": "None"}, "ad_seller": {}, "metadata": {"type": "Bikes", "brand": "Suzuki", "model": "GSX-R 1000"}, "extras": ["Electric starter", "Exhaust Special", "Four-stroke engine", "Gelatin", "Greek Dealership", "Injection", "Lights Xenon", "Notes, checks accepted", "Sidestand", "Trip computer"], "description": "Η μοτοσικλέτα είναι σε άριστη κατάσταση, φυλάσσεται σε γκαράζ και διαθέτει πολλά έξτρα, (πρόγραμμα, ελευθερο φίλτρο, εξάτμιση yoshimura carbon, ακτινικές τρόμπες brembo, μονοδρομο συμπλέκτη, δισκόπλακες μαργαρίτα εμπρός , φωτα xenon, ρυθμιζόμενες μανέτες xp, ζελατίνα puig racing, ρυθμιζόμενα clip on της vortex, ενισχυμένη χρυσή αλυσίδα της afam, carbon μπροστινό φτερο), λεπτομέρειες από το τηλέφωνο. Δεκτός κάθε έλεγχος. Παρακαλώ μόνο σοβαρές προτάσεις . Παρεχεται η δυνατότητα εξόφλησης έως 72 δόσεις. Ιδιώτης - Less - "}