{"query": {"url": "https://www.car.gr/21336007-yamaha-crypton-x135", "type": "CAR_ADDE", "trial_count": 1, "last_processed": 1553098813}, "title": "Yamaha CRYPTON-X135  '06", "ad_id": "21336007", "ad_data": {"Make/Model": "Yamaha CRYPTON-X135 '06", "Classified number": "21336007", "Price": "€999", "Category": "Bike - Underbone", "Registration": "1 / 2006", "Mileage": "25,000 km", "Fuel type": "Gasoline", "Cubic capacity": "640 cc", "Power": "55 bhp", "Color": "Black", "Modified": "12 days", "Times clicked": "485", "Short link": "www.car.gr/21336007", "Telephone": "None"}, "ad_seller": {}, "metadata": {"type": "Bikes", "brand": "Yamaha", "model": "CRYPTON-X135"}, "extras": [], "description": " πωλείται ktm 640 prestige με fcr και akrapovic ολόσωμες. ανταλλαγή με crypton x συν διάφορα από μέρους σας. - Less - "}