{"query": {"url": "https://www.car.gr/21336047-yamaha-wr-250", "type": "CAR_ADDE", "trial_count": 1, "last_processed": 1553098812}, "title": "Yamaha WR 250  '93", "ad_id": "21336047", "ad_data": {"Make/Model": "Yamaha WR 250 '93", "Classified number": "21336047", "Price": "€800", "Category": "Bike - Εnduro", "Registration": "1 / 1993", "Mileage": "47,000 km", "Fuel type": "Gasoline", "Cubic capacity": "250 cc", "Power": "250 bhp", "Color": "Blue", "Kteo to": "01 / 2019", "Modified": "12 days", "Times clicked": "1005", "Short link": "www.car.gr/21336047", "Telephone": "None"}, "ad_seller": {}, "metadata": {"type": "Bikes", "brand": "Yamaha", "model": "WR 250"}, "extras": [], "description": "Αλλαγμένες όλες οι τσιμούχες Yamaha γνήσιες μαζί θα δοθεί άλλο ένα ζευγάρι λαστιχα υπάρχουν όλα τα χαρτιά του και το τελωνείο - Less - "}