{"query": {"url": "https://www.car.gr/5439324-kymco-downtown-300", "type": "CAR_ADDE", "trial_count": 1, "last_processed": 1553097913}, "title": "Kymco Downtown 300  '10", "ad_id": "5439324", "ad_data": {"Make/Model": "Kymco Downtown 300 '10", "Classified number": "5439324", "Price": "€2.500", "Category": "Bike - Roller/Scooter", "Registration": "5 / 2010", "Mileage": "31,000 km", "Fuel type": "Gasoline", "Cubic capacity": "300 cc", "Power": "27 bhp", "Color": "White", "Modified": "9 days", "Times clicked": "2457", "Short link": "www.car.gr/5439324", "Telephone": "+30 2821099405"}, "ad_seller": {"Dealer": "CHANIA MOTORCYCLES", "Address": "ΝΙΚΟΛΑΟΥΠΛΑΣΤΗΡΑ4", "City": "ΧΑΝΙΑ", "": "+30 6980127373", "Fax": "+30 6996312247", "Dealer page": "https//stavroulakis-cars.car.gr/"}, "metadata": {"type": "Bikes", "brand": "Kymco", "model": "Downtown 300"}, "extras": ["Automatic", "Car Exchange", "Electric starter", "Exchange with Moto accepted", "Four-stroke engine", "Gelatin"], "description": "Πολυ καλη κατασταση δεκτη ανταλλαγη - Less - "}