{"query": {"url": "https://www.car.gr/7181922-kymco-down-town-350-abs", "type": "CAR_ADDE", "trial_count": 1, "last_processed": 1553100702}, "title": "Kymco  DOWN TOWN 350 ABS '16", "ad_id": "7181922", "ad_data": {"Make/Model": "Kymco DOWN TOWN 350 ABS '16", "Classified number": "7181922", "Price": "€4.950", "Category": "Bike - Roller/Scooter", "Registration": "7 / 2016", "Fuel type": "Gasoline", "Cubic capacity": "320 cc", "Power": "31 bhp", "Color": "White", "Modified": "19 days", "Times clicked": "1714", "Short link": "www.car.gr/7181922", "Telephone": "+30 2810330870"}, "ad_seller": {"Dealer": "H & K AEBE", "Address": "Λ.Ικαρου11&Αγ.ΦανουριουΝΕΑΑΛΙΚΑΡΝΑΣΣΟΣ", "City": "ΗΡΑΚΛΕΙΟ", "": "+30 2810330880", "Fax": "+30 2810240625", "Dealer page": "https//hkaebe.car.gr/"}, "metadata": {"type": "Bikes", "brand": "Kymco", "model": "Kymco  DOWN TOWN 350 ABS '16 - € 4.950 EUR (Negotiable)"}, "extras": ["Car Exchange", "Exchange with Moto accepted"], "description": "5091,00 ΠΡΟΣΦΟΡΑ ΑΠΟΛΥΤΟΥ ΜΕΤΡΗΤΟΙΣ - 5275+Τ.Τ.196=5471 ΜΕ 0 ΠΡΟΚΑΤΑΒΟΛΗ ΕΩΣ 72 ΜΗΝΕΣ -&- 30%ΠΡΟΚΑΤΑΒΟΛΗ ΚΑΙ 12 ΜΗΝΕΣ ΑΤΟΚΑ. ΠΡΟΣΦΟΡΕΣ ΚΑΙ ΔΩΡΑ ΣΥΖΗΤΗΣΙΜΑ.- ΧΡΩΜΑΤΑ <ΜΑΥΡΟ ΜΕΤΑΛΛΙΚΟ-ΑΝΘΡΑΚΙ ΜΑΤ-ΓΚΡΙ ΜΑΤ-ΛΕΥΚΟ ΜΑΤ> <<ΔΥΝΑΤΟΤΗΤΑ ΚΑΙ TEST RIDE>> - Less - "}