{"query": {"url": "https://www.car.gr/5427476-gilera-runner-125-st-125-200cc", "type": "CAR_ADDE", "trial_count": 1, "last_processed": 1553104876}, "title": "Gilera Runner 125 ST 125-200cc '11", "ad_id": "5427476", "ad_data": {"Make/Model": "Gilera Runner 125 ST 125-200cc '11", "Classified number": "5427476", "Price": "€1.800", "Category": "Bike - Roller/Scooter", "Registration": "1 / 2011", "Mileage": "21,000 km", "Fuel type": "Gasoline", "Cubic capacity": "125 cc", "Power": "15 bhp", "Color": "Red", "Modified": "over 2 months", "Times clicked": "5443", "Short link": "www.car.gr/5427476", "Telephone": "+30 2621020035"}, "ad_seller": {"Dealer": "AUTO-SAME.GR ΛΑΜΠΡΟΠΟΥΛΟΣ ΠΥΡΓΟΣ ΗΛΕΙΑΣ", "Address": "Αλφειού69.AΠΟΤΟ1969KAI23", "City": "ΠΥΡΓΟΣ", "": "+30 6979677766", "Fax": "+30 2621020035", "Dealer page": "https//auto-same.car.gr/", "Website": "http//www.auto-same.car.gr", "Open hours": "09-16 K ΑΠΟΓΕΥΜΑΤΑ ΤΡ. ΠΕΜΠ. ΠΑΡΑΣΚ."}, "metadata": {"type": "Bikes", "brand": "Gilera", "model": "Runner 125 ST"}, "extras": ["Electric starter", "Exchange with Moto accepted", "Four-stroke engine"], "description": "gilera st 125 me μοτερ 200 κυβικα ΤΕΤΡΑΧΡΟΝΟ - καινουρια λαστιχα MICHELIN 1 MHNA - APO GENIKO SERBIS - MONO METRHTA-(OXI DOSEIS K GRAMMMATIA) - ΔΕΚΤΗ ΚΑΙ ΑΝΤΑΛΛΑΓΗ - Less - "}