{"query": {"url": "https://www.car.gr/7174810-yamaha-yamaha-yfm-660-raptor", "type": "CAR_ADDE", "trial_count": 1, "last_processed": 1553096330}, "title": "Yamaha  Yamaha YFM 660 Raptor  '08", "ad_id": "7174810", "ad_data": {"Make/Model": "Yamaha Yamaha YFM 660 Raptor  '08", "Classified number": "7174810", "Price": "€5.000", "Category": "Bike - Four Wheel-ATV", "Registration": "1 / 2008", "Fuel type": "Gasoline", "Cubic capacity": "660 cc", "Power": "61 bhp", "Color": "White", "Modified": "5 days", "Times clicked": "15770", "Short link": "www.car.gr/7174810", "Telephone": "+30 2104122075"}, "ad_seller": {"Dealer": "Tsivarakis Moto", "Address": "Γρ.Λαμπράκη10-12", "City": "ΠΕΙΡΑΙΑΣ", "": "+30 2104130039", "Fax": "+30 2104130039", "Dealer page": "https//tsivarakismoto.car.gr/", "Open hours": "Ωράριο Καταστήματος\nΔευτέρα – Παρασκευή 1000-2000\nΣάββατο 1000-1700"}, "metadata": {"type": "Bikes", "brand": "Yamaha", "model": "Yamaha  Yamaha YFM 660 Raptor  '08 - € 5.000 EUR"}, "extras": ["Exchange with Moto accepted"], "description": "Φουλ εξτρα δεκτος καθε έλεγχος χωρίς πινακίδα - Less - "}