{"query": {"url": "https://www.car.gr/408391-bmw-g-650-gs-gs-650", "type": "CAR_ADDE", "trial_count": 1, "last_processed": 1553100419}, "title": "Bmw G 650 GS GS  650 '05", "ad_id": "408391", "ad_data": {"Make/Model": "Bmw G 650 GS GS  650 '05", "Classified number": "408391", "Price": "€3.300", "Category": "Bike - On/Off", "Registration": "6 / 2005", "Mileage": "28,000 km", "Fuel type": "Gasoline", "Cubic capacity": "650 cc", "Power": "40 bhp", "Transmission": "Manual", "Color": "Yellow", "Modified": "18 days", "Times clicked": "13992", "Short link": "www.car.gr/408391", "Telephone": "+30 6977975710"}, "ad_seller": {"Dealer": "ΓΕΩΡΓΙΑΔΗΣ ΒΑΣΙΛΕΙΟΣ", "Address": "ΔΙΑΣΤΑΥΡΩΣΗΚΟΥΛΑΣ-ΛΑΙΜΟΥΠΡΕΣΠΑ", "City": "ΑΓΙΟΣΓΕΡΜΑΝΟΣ", "": "+30 2385051336", "Fax": "+30 2385051336", "Dealer page": "https//vasilis-michanimata.car.gr/"}, "metadata": {"type": "Bikes", "brand": "Bmw", "model": "G 650 GS"}, "extras": ["ABS", "Electric starter", "Exhaust Special", "Four-stroke engine", "Top Box-Μπαγκαζιέρα"], "description": ""}