{"query": {"url": "https://www.car.gr/501529-jialing-nova-jialing-125", "type": "CAR_ADDE", "trial_count": 1, "last_processed": 1553102845}, "title": "Jialing Nova JIALING 125  ΚΑΙΝΟΥΡΙΟ  ΣΤΟΚ '16", "ad_id": "501529", "ad_data": {"Make/Model": "Jialing Nova JIALING 125  ΚΑΙΝΟΥΡΙΟ  ΣΤΟΚ '16", "Classified number": "501529", "Price": "€1.350", "Category": "Bike - Underbone", "Registration": "1 / 2016", "Fuel type": "Gasoline", "Cubic capacity": "125 cc", "Power": "8 bhp", "Transmission": "Semiauto", "Color": "Red (Metallic)", "Modified": "35 days", "Times clicked": "11087", "Short link": "www.car.gr/501529", "Telephone": "+30 6945279646"}, "ad_seller": {"Dealer": "ΜΟΤΟΣΥΛΛΟΓΗ", "Address": "59100", "City": "ΒΕΡΟΙΑ", "": "+30 6945279646", "Fax": "+30 2331022881", "Dealer page": "https//motosillogi.car.gr/", "Website": "https//www.facebook.com/motosyllogi76"}, "metadata": {"type": "Bikes", "brand": "Jialing", "model": "Nova"}, "extras": ["Car Exchange", "Centerstand", "Electric starter", "Exchange with Moto accepted", "Exhaust Special", "Exhibition", "Four-stroke engine", "Gelatin", "Greek Dealership", "Kick-Starter", "Price without VAT", "Semiautomatic", "Service Book", "Sidestand", "Top Box-Μπαγκαζιέρα"], "description": "Το μηχανακι ειναι καινουριο, ΣΤΟΚ . Ανταλ/κα και SERVIS. ΜΟΤΟΣΥΛΛΟΓΗ, η καλυτερη σχεση με τους 2 τροχους ΑΠΟΣΤΟΛΗ ΣΕ ΟΛΗ ΤΗΝ ΕΛΛΑΔΑ.ΔΕΚΤΗ ΑΠΟΣΥΡΣΗ ΜΕ ΠΟΙΟΔΗΠΟΤΕ ΜΕΤΑΧΕΙΡΙΣΜΕΝΟ....Η ΤΗΜΗ ΕΙΝΑΙ ΕΝΔΗΚΤΗΚΗ ΑΝΤΗΓΡΑΦΗ ΑΠΟ ΗΟΝΤΑ ΙΝΟΒΑ 125/ ΣΤΗΛΤΕ ΜΗΝΗΜΑ Η ΤΗΛ ΓΙΑ ΤΙΜΕΣ ΚΑΙ ΔΙΑΘΕΣΗΜΟΤΗΤΑ // ΑΝΤΑΛΑΓΗ ΜΕ ΤΡΑΚΤΕΡ Η ΑΓΡΟΤΙΚΟ ΚΑΡΟΤΣΑ - Less - "}