{"query": {"url": "https://www.car.gr/6721456-honda-transalp-650", "type": "CAR_ADDE", "trial_count": 1, "last_processed": 1553104644}, "title": "Honda  TRANSALP 650 '07", "ad_id": "6721456", "ad_data": {"Make/Model": "Honda TRANSALP 650 '07", "Classified number": "6721456", "Price": "€4.000", "Category": "Bike - On/Off", "Registration": "1 / 2007", "Mileage": "23,500 km", "Fuel type": "Gasoline", "Cubic capacity": "650 cc", "Power": "55 bhp", "Color": "Black", "Modified": "51 days", "Times clicked": "9172", "Short link": "www.car.gr/6721456", "Telephone": "+30 2104122075"}, "ad_seller": {"Dealer": "Tsivarakis Moto", "Address": "Γρ.Λαμπράκη10-12", "City": "ΠΕΙΡΑΙΑΣ", "": "+30 2104130039", "Fax": "+30 2104130039", "Dealer page": "https//tsivarakismoto.car.gr/", "Open hours": "Ωράριο Καταστήματος\nΔευτέρα – Παρασκευή 1000-2000\nΣάββατο 1000-1700"}, "metadata": {"type": "Bikes", "brand": "Honda", "model": "Honda  TRANSALP 650 '07 - € 4.000 EUR"}, "extras": ["Exchange with Moto accepted"], "description": "Με διακανονισμό τιμή €4500 6 ΜΗΝΕΣ ΓΡΑΠΤΗ ΕΓΓΥΗΣΗ - Ωράριο Καταστήματος - Δευτέρα – Παρασκευή 10:00-20:00 - Σάββατο 10:00-17:00 - Ωράριο Συνεργείου - Δευτέρα – Παρασκευή 10:00-18:00 - Less - "}