{"query": {"url": "https://www.car.gr/6723921-ktm-duke-ii", "type": "CAR_ADDE", "trial_count": 1, "last_processed": 1553096414}, "title": "KTM DUKE II  '04", "ad_id": "6723921", "ad_data": {"Make/Model": "KTM DUKE II '04", "Classified number": "6723921", "Price": "€1.800", "Category": "Bike - Super Motard", "Registration": "8 / 2004", "Mileage": "35,000 km", "Fuel type": "Gasoline", "Cubic capacity": "640 cc", "Power": "52 bhp", "Color": "Black", "Modified": "5 days", "Times clicked": "8076", "Short link": "www.car.gr/6723921", "Telephone": "+30 2821099405"}, "ad_seller": {"Dealer": "CHANIA MOTORCYCLES", "Address": "ΝΙΚΟΛΑΟΥΠΛΑΣΤΗΡΑ4", "City": "ΧΑΝΙΑ", "": "+30 6980127373", "Fax": "+30 6996312247", "Dealer page": "https//stavroulakis-cars.car.gr/"}, "metadata": {"type": "Bikes", "brand": "KTM", "model": "DUKE II"}, "extras": ["Car Exchange", "Electric starter", "Exchange with Boat", "Exchange with Moto accepted", "Four-stroke engine", "Kick-Starter"], "description": "πολυ καλη κατασταση δεκτη ανταλλαγη - Less - "}