{"query": {"url": "https://www.car.gr/507086-blata-b1-50", "type": "CAR_ADDE", "trial_count": 1, "last_processed": 1553100260}, "title": "Αλλο  BLATA B1 50 '07", "ad_id": "507086", "ad_data": {"Make/Model": "Αλλο BLATA B1 50 '07", "Classified number": "507086", "Price": "€1.500", "Category": "Bike - Mini..Moto", "Registration": "1 / 2007", "Fuel type": "Gasoline", "Cubic capacity": "50 cc", "Power": "10 bhp", "Transmission": "Automatic", "Color": "Orange", "Modified": "17 days", "Times clicked": "21367", "Short link": "www.car.gr/507086", "Telephone": "+30 2310553035"}, "ad_seller": {"Dealer": "ΜΑΚΙΝΑ", "Address": "ΚΑΤΣΙΜΙΔΗ20", "City": "ΘΕΣΣΑΛΟΝΙΚΗ", "": "+30 2310553035", "Fax": "+30 2310553045", "Dealer page": "https//makina-dimitris.car.gr/", "Website": "http//www.makina.gr", "Open hours": "Δευτέρα - Παρασκευή 0900 - 1800   Σάββατο 0900 - 1400 Κυριακή κλειστά"}, "metadata": {"type": "Bikes", "brand": "Αλλο", "model": "Αλλο  BLATA B1 50 '07 - € 1.500 EUR (Negotiable)"}, "extras": ["Exchange with Moto accepted", "Two-stroke"], "description": "ΠΡΟΣΦΟΡΑ ΚΑΙΝΟΥΡΙΟ ΑΠΟ 2500ευρω - Less - "}