{"query": {"url": "https://www.car.gr/8744906-honda-odyssey-fl-350", "type": "CAR_ADDE", "trial_count": 1, "last_processed": 1553099206}, "title": "Honda  ODYSSEY FL 350 '86", "ad_id": "8744906", "ad_data": {"Make/Model": "Honda ODYSSEY FL 350 '86", "Classified number": "8744906", "Price": "€3.500", "Category": "Bike - Βuggy", "Registration": "5 / 1986", "Mileage": "5,000 km", "Fuel type": "Gasoline", "Cubic capacity": "350 cc", "Power": "35 bhp", "Color": "Red", "Modified": "13 days", "Times clicked": "62", "Short link": "www.car.gr/8744906", "Telephone": "None"}, "ad_seller": {}, "metadata": {"type": "Bikes", "brand": "Honda", "model": "Honda  ODYSSEY FL 350 '86 - € 3.500 EUR (Negotiable)"}, "extras": [], "description": "HONDA..........διχρονο. Χωρις μετατροπες ,εκτος απο ενα25λιτρο αλουμινενιο ρεζερβουαρ. - Less - "}