{"query": {"url": "https://www.car.gr/714302-bashan-minh-moto-atv", "type": "CAR_ADDE", "trial_count": 1, "last_processed": 1553105201}, "title": "Bashan  MINH MOTO ATV '16", "ad_id": "714302", "ad_data": {"Make/Model": "Bashan MINH MOTO ATV '16", "Classified number": "714302", "Price": "€11", "Category": "Bike - Four Wheel-ATV", "Registration": "1 / 2016", "Fuel type": "Gasoline", "Cubic capacity": "49 cc", "Power": "4 bhp", "Transmission": "Automatic", "Color": "Orange (Metallic)", "Modified": "14 days", "Times clicked": "57031", "Short link": "www.car.gr/714302", "Telephone": "+30 6945279646"}, "ad_seller": {"Dealer": "ΜΟΤΟΣΥΛΛΟΓΗ", "Address": "59100", "City": "ΒΕΡΟΙΑ", "": "+30 6945279646", "Fax": "+30 2331022881", "Dealer page": "https//motosillogi.car.gr/", "Website": "https//www.facebook.com/motosyllogi76"}, "metadata": {"type": "Bikes", "brand": "Bashan", "model": "Bashan  MINH MOTO ATV '16 - € 11 EUR (Negotiable)"}, "extras": ["Automatic", "Bars", "Exhaust Special", "Exhibition", "Gelatin", "Service Book", "Two-stroke"], "description": "Το μηχανακι ειναι καινουριο. Ειναι 49cc, μονοκυλινδρο, αεροψυκτο, διχρονο 3.5PS, 7000rpm τελικη 55km/h ΒΑΡΟΣ 35kg. ΔΙΑΣΤΑΣΕΙΣ: μηκος 102mm, πλατος 59mm, υψος 68mm. Ειναι Εκπαιδευτικο, με 3 δισκοφρενα, 3 amortiser, με ευρωπαικες προδιαγραφες. Σας παρεχουμε ανταλ/κα και SERVIS. ΜΟΤΟΣΥΛΛΟΓΗ, Η ΚΑΛΥΤΕΡΗ ΣΧΕΣΗ ΜΕ ΤΟΥΣ 2 ΤΡΟΧΟΥΣ!!.ΑΠΟ ΤΟ 1976 .ΕΧΟΥΜΕ ΟΤΙ ΑΝΤΑΛΑΚΤΙΚΟ ΧΡΕΙΑΣΤΗΤΕ ΓΙΑ ΑΥΤΟ ΤΟ ΜΗΧΑΝΑΚΙ. ΓΙΑ ΜΙΚΡΟΥΣ 5 ΕΤΩΝ ΕΩΣ 9 ΕΤΩΝ ΣΤΗΛΤΕ ΜΗΝΗΜΑ Η ΤΗΛ ΓΙΑ ΤΙΜΕΣ ΚΑΙ ΔΙΑΘΕΣΗΜΟΤΗΤΑ / ΤΥΠΟΥ ΚΡΟΣ ΔΕΝ ΒΓΑΖΟΥΝ ΠΙΝΑΚΙΔΕΣ // - Less - "}