{"query": {"url": "https://www.car.gr/21336515-triumph-tiger-1050", "type": "CAR_ADDE", "trial_count": 1, "last_processed": 1553098786}, "title": "Triumph Tiger 1050  '08", "ad_id": "21336515", "ad_data": {"Make/Model": "Triumph Tiger 1050 '08", "Classified number": "21336515", "Price": "€6.000", "Category": "Bike - Street Bike", "Registration": "11 / 2008", "Mileage": "35,000 km", "Fuel type": "Gasoline", "Cubic capacity": "1,050 cc", "Power": "120 bhp", "Color": "White (Metallic)", "Kteo to": "01 / 2020", "Previous owners": "1", "Modified": "12 days", "Times clicked": "762", "Short link": "www.car.gr/21336515", "Telephone": "None"}, "ad_seller": {}, "metadata": {"type": "Bikes", "brand": "Triumph", "model": "Tiger 1050"}, "extras": ["ABS", "Car Exchange", "Catalyst", "Centerstand", "Electric starter", "Engine Guards", "Exchange with Moto accepted", "Exhaust Special", "Exhibition", "Four-stroke engine", "Gelatin", "Imported", "Injection", "Led lights", "Lights Xenon", "Sidestand"], "description": "Polla extra - Polu prosegmenh - Plhrofories thl!! - Less - "}