{"query": {"url": "https://www.car.gr/21331445-daytona-sprinter-125", "type": "CAR_ADDE", "trial_count": 1, "last_processed": 1553098952}, "title": "Daytona Sprinter 125  '16", "ad_id": "21331445", "ad_data": {"Make/Model": "Daytona Sprinter 125 '16", "Classified number": "21331445", "Price": "€1.000", "Category": "Bike - Underbone", "Registration": "12 / 2016", "Mileage": "23,640 km", "Fuel type": "Gasoline", "Cubic capacity": "125 cc", "Power": "10 bhp", "Color": "White", "Kteo to": "12 / 2020", "Modified": "12 days", "Times clicked": "130", "Short link": "www.car.gr/21331445", "Telephone": "None"}, "ad_seller": {}, "metadata": {"type": "Bikes", "brand": "Daytona", "model": "Sprinter 125"}, "extras": ["Centerstand", "Electric starter", "Semiautomatic", "Sidestand", "Καρμπυρατέρ"], "description": "Το μηχανάκι είναι πεντακάθαρο με όλα τα service στην ώρα του,βιβλιο service,επόμενο κτεο Δεκέμβρης του 2020.. Η τιμή είναι ελαφρώς συζητισημη - Less - "}