{"query": {"url": "https://www.car.gr/4040886-yamaha-srx-400", "type": "CAR_ADDE", "trial_count": 1, "last_processed": 1553095877}, "title": "Yamaha SRX 400 '96", "ad_id": "4040886", "ad_data": {"Make/Model": "Yamaha SRX 400 '96", "Classified number": "4040886", "Price": "€2.500", "Category": "Bike - Street Bike", "Registration": "6 / 1996", "Fuel type": "Gasoline", "Cubic capacity": "400 cc", "Power": "45 bhp", "Color": "White", "Modified": "3 days", "Times clicked": "2361", "Short link": "www.car.gr/4040886", "Telephone": "+30 2109712304"}, "ad_seller": {"Dealer": "Συνεργείο μοτο, ηλεκτρικά, ανταλακτικά-αξεσουάρ-πωλήσεις ΜΟΤΟ καινούριων και μεταχειρισμένων-ΣΤΕΛΙΟΣ", "Address": "ΛΕΩΦ.ΔΗΜΟΚΡΑΤΙΑΣ43ΗΛΙΟΥΠΟΛΗ", "City": "ΗΛΙΟΥΠΟΛΗ", "": "+30 2109712304", "Fax": "+30 2109712304", "Dealer page": "https//stelioss.car.gr/"}, "metadata": {"type": "Bikes", "brand": "Yamaha", "model": "SRX"}, "extras": [], "description": "Από ανακατασκευή. Σε άριστη κατάσταση. Με βελτιώσεις -τοποθέτηση μίζας, ηλεκτρικά κλπ. - Less - "}