{"query": {"url": "https://www.car.gr/2348242-lifan-lifan-125-29", "type": "CAR_ADDE", "trial_count": 1, "last_processed": 1553102844}, "title": "Lifan  LIFAN 125-29 ΚΑΙΝΟΥΡΙΟ ΣΤΟΚ  '16", "ad_id": "2348242", "ad_data": {"Make/Model": "Lifan LIFAN 125-29 ΚΑΙΝΟΥΡΙΟ ΣΤΟΚ  '16", "Classified number": "2348242", "Price": "€1.350", "Category": "Bike - Underbone", "Registration": "1 / 2016", "Fuel type": "Gasoline", "Cubic capacity": "125 cc", "Power": "9 bhp", "Transmission": "Manual", "Color": "Red (Metallic)", "Modified": "35 days", "Times clicked": "14874", "Short link": "www.car.gr/2348242", "Telephone": "+30 6945279646"}, "ad_seller": {"Dealer": "ΜΟΤΟΣΥΛΛΟΓΗ", "Address": "59100", "City": "ΒΕΡΟΙΑ", "": "+30 6945279646", "Fax": "+30 2331022881", "Dealer page": "https//motosillogi.car.gr/", "Website": "https//www.facebook.com/motosyllogi76"}, "metadata": {"type": "Bikes", "brand": "Lifan", "model": "Lifan  LIFAN 125-29 ΚΑΙΝΟΥΡΙΟ ΣΤΟΚ  '16 - € 1.350 EUR"}, "extras": ["Car Exchange", "Catalyst", "Centerstand", "Electric starter", "Exchange with Moto accepted", "Exhaust Special", "Exhibition", "Four-stroke engine", "Gelatin", "Greek Dealership", "Kick-Starter", "Price without VAT", "Service Book", "Sidestand", "Spoke wheels"], "description": "ΔΕΚΤΗ ΑΝΤΑΛΑΓΗ ΚΑΙ ΑΠΟΣΥΡΣΗ ΑΠΟΣΤΟΛΗ ΣΕ ΟΛΗ ΤΗΝ ΕΛΛΑΔΑ ΚΑΙΝΟΥΡΙΑ ΛΙΓΑ ΚΟΜΑΤΙΑ ΤΕΛΕΥΤΕΑ ΠΡΟΛΑΒΕΤΕ ΤΥΠΟΥ Ζ. ΑΝΤΑΛΑΓΗ ΜΕ ΤΡΑΚΤΕΡ Η ΑΓΡΟΤΙΚΟ ΚΑΡΟΤΣΑ - Less - "}