{"query": {"url": "https://www.car.gr/21336202-gilera-125-strada-piaggio", "type": "CAR_ADDE", "trial_count": 1, "last_processed": 1553094997}, "title": "Gilera 125 Strada PIAGGIO '94", "ad_id": "21336202", "ad_data": {"Make/Model": "Gilera 125 Strada PIAGGIO '94", "Classified number": "21336202", "Price": "€1.000", "Category": "Bike - Chopper", "Registration": "1 / 1994", "Mileage": "6,730 km", "Fuel type": "Gasoline", "Cubic capacity": "125 cc", "Power": "2 bhp", "Color": "Green", "Kteo to": "12 / 2021", "Modified": "2 days", "Times clicked": "120", "Short link": "www.car.gr/21336202", "Telephone": "None"}, "ad_seller": {"Name": "ΒΑΓΓΕΛΗΣ", "Address": "ΛΑΡΙΣΑP.ΛΑΡΙΣΑΣ"}, "metadata": {"type": "Bikes", "brand": "Gilera", "model": "125 Strada"}, "extras": [], "description": "ΜΕ ΛΙΓΑ ΧΙΛ ΣΕ ΠΟΛΥ ΚΑΛΗ ΚΑΤΑΣΤΑΣΗ!!! - Less - "}