{"query": {"url": "https://www.car.gr/21336267-yamaha-xt-600e", "type": "CAR_ADDE", "trial_count": 1, "last_processed": 1553098808}, "title": "Yamaha XT 600E  '00", "ad_id": "21336267", "ad_data": {"Make/Model": "Yamaha XT 600E '00", "Classified number": "21336267", "Price": "€1.800", "Category": "Bike - Other", "Registration": "11 / 2000", "Mileage": "36,000 km", "Fuel type": "Gasoline", "Cubic capacity": "600 cc", "Power": "30 bhp", "Color": "Black", "Kteo to": "01 / 2020", "Modified": "12 days", "Times clicked": "40", "Short link": "www.car.gr/21336267", "Telephone": "None"}, "ad_seller": {}, "metadata": {"type": "Bikes", "brand": "Yamaha", "model": "XT 600E"}, "extras": ["Exchange with Moto accepted"], "description": "Σφυριλατο με fcr. - Δεκτός κάθε έλεγχος σε μηχανικό της επιλογής σας. - Θέλει ΜΟΝΟ λαστιχα. - Πληρωμένο σήμα και ΚΤΕΟ. - Περισσότερες πληροφορίες στο τηλ. - Η μηχανή βρίσκεται καθημερινά 07:00 - 19:00 στο Γαλάτσι επί της οδού Παπαφλέσσα 30 στο καφέ Papercup. - Less - "}