{"query": {"url": "https://www.car.gr/21336289-suzuki-xf-650-freewind", "type": "CAR_ADDE", "trial_count": 1, "last_processed": 1553098663}, "title": "Suzuki XF 650 Freewind  '99", "ad_id": "21336289", "ad_data": {"Make/Model": "Suzuki XF 650 Freewind '99", "Classified number": "21336289", "Price": "€1.300", "Category": "Bike - On/Off", "Registration": "1 / 1999", "Mileage": "75,000 km", "Fuel type": "Gasoline", "Cubic capacity": "650 cc", "Power": "48 bhp", "Color": "Orange", "Kteo to": "01 / 2021", "Previous owners": "2", "Modified": "11 days", "Times clicked": "247", "Short link": "www.car.gr/21336289", "Telephone": "None"}, "ad_seller": {"Name": "PantelisS.", "Address": "ΚΑΛΛΙΘΕΑP.ΑΤΤΙΚΗΣ"}, "metadata": {"type": "Bikes", "brand": "Suzuki", "model": "XF 650 Freewind"}, "extras": ["Electric starter", "Exchange with Moto accepted", "Καρμπυρατέρ"], "description": "Πωλείται suzuki freewind του '99. Το μηχανακι ειναι απο επισκευη μοτέρ κατα την οποια αλλαχτηκαν ολα τα ρουλεμαν τον αξονων καθως και σασμαν. Κινειται καθημερινα καθώς ειναι το βασικο μου μεσο μετακινησης. Διαφορα πράγματα μαζι δώρο , δευτερη εξατμιση με μπάσο , κεντρικός προβολεας , γκαζιερα και κομματια απο το σασμαν που αφαιρεθηκε. Ειναι σε πολύ καλη κατάσταση. Δεκτος καθε ελεγχος. - Less - "}