{"query": {"url": "https://www.car.gr/21336290-lifan-enduro-125", "type": "CAR_ADDE", "trial_count": 1, "last_processed": 1553098807}, "title": "Lifan Enduro 125  '12", "ad_id": "21336290", "ad_data": {"Make/Model": "Lifan Enduro 125 '12", "Classified number": "21336290", "Price": "€500", "Category": "Bike - Motocross", "Registration": "1 / 2012", "Fuel type": "Gasoline", "Cubic capacity": "125 cc", "Power": "14 bhp", "Color": "Blue (Metallic)", "Modified": "12 days", "Times clicked": "331", "Short link": "www.car.gr/21336290", "Telephone": "None"}, "ad_seller": {}, "metadata": {"type": "Bikes", "brand": "Lifan", "model": "Enduro 125"}, "extras": [], "description": "Καινούργιο κουστούμι, μοτερικα άψογο, αγρατζουνιστο. Στέλνετε παντού. - Less - "}