{"query": {"url": "https://www.car.gr/21336218-yamaha-t-max-530", "type": "CAR_ADDE", "trial_count": 1, "last_processed": 1553095140}, "title": "Yamaha T-Max 530  '13", "ad_id": "21336218", "ad_data": {"Make/Model": "Yamaha T-Max 530 '13", "Classified number": "21336218", "Price": "€7.600", "Category": "Bike - Roller/Scooter", "Registration": "9 / 2013", "Mileage": "28,900 km", "Fuel type": "Gasoline", "Cubic capacity": "530 cc", "Power": "10 bhp", "Color": "White (Metallic)", "Modified": "2 days", "Times clicked": "605", "Short link": "www.car.gr/21336218", "Telephone": "None"}, "ad_seller": {}, "metadata": {"type": "Bikes", "brand": "Yamaha", "model": "T-Max 530"}, "extras": [], "description": "Για περισσότερες πληροφορίες από το τηλ. - Less - "}