{"query": {"url": "https://www.car.gr/21336211-piaggio-typhoon", "type": "CAR_ADDE", "trial_count": 1, "last_processed": 1553098793}, "title": "Piaggio Typhoon  '99", "ad_id": "21336211", "ad_data": {"Make/Model": "Piaggio Typhoon '99", "Classified number": "21336211", "Price": "€150", "Category": "Bike - Roller/Scooter", "Registration": "1 / 1999", "Mileage": "35,000 km", "Fuel type": "Gasoline", "Cubic capacity": "80 cc", "Power": "8 bhp", "Color": "Black", "Modified": "12 days", "Times clicked": "264", "Short link": "www.car.gr/21336211", "Telephone": "None"}, "ad_seller": {}, "metadata": {"type": "Bikes", "brand": "Piaggio", "model": "Typhoon"}, "extras": [], "description": "Έχει να λειτουργήσει δύο χρόνια - Γενική επισκευή στο μοτέρ - Υπάρχουν κάποια πλαστικά καινούργια - Less - "}