{"query": {"url": "https://www.car.gr/21336243-ktm-690-duke", "type": "CAR_ADDE", "trial_count": 1, "last_processed": 1553098809}, "title": "KTM 690 Duke  '11", "ad_id": "21336243", "ad_data": {"Make/Model": "KTM 690 Duke '11", "Classified number": "21336243", "Price": "€6.900", "Category": "Bike - Naked", "Registration": "1 / 2011", "Mileage": "24,000 km", "Fuel type": "Gasoline", "Cubic capacity": "690 cc", "Power": "70 bhp", "Color": "Orange (Metallic)", "Previous owners": "1", "Modified": "12 days", "Times clicked": "819", "Short link": "www.car.gr/21336243", "Telephone": "None"}, "ad_seller": {}, "metadata": {"type": "Bikes", "brand": "KTM", "model": "690 Duke"}, "extras": ["Electric starter", "Exhaust Special", "Exhibition", "Gelatin", "Greek Dealership", "Service Book"], "description": "Το μηχανακι ειναι πραγματικα καινουριο!!Γνησιο R!! Φοραει akrapovic ολοσομη, φιλτρο, προγραμμα της akrapovic!! Το μηχανακι ειναι πραγματικα καινουριο και δν χρειαζεται τπτ!!!Ολα τα αναλοσιμα καινουρια!!! Με book service!!! Oi φωτο μηλουν απο μονες τους!! Οτι υπαρχει απο εξτρα το εχει πανω το μηχανακι!!! Για πληροφοριες καλεστε!!! - Less - "}