{"query": {"url": "https://www.car.gr/21336288-bmw", "type": "CAR_ADDE", "trial_count": 1, "last_processed": 1553098807}, "title": "Bmw  ζητειται για αγορα  '14", "ad_id": "21336288", "ad_data": {"Make/Model": "Bmw ζητειται για αγορα  '14", "Classified number": "21336288", "Price": "€5.000", "Category": "Bike - Roller/Scooter", "Registration": "8 / 2014", "Mileage": "21,000 km", "Fuel type": "Gasoline", "Cubic capacity": "650 cc", "Power": "65 bhp", "Color": "Silver", "Modified": "12 days", "Times clicked": "21", "Short link": "www.car.gr/21336288", "Telephone": "None"}, "ad_seller": {}, "metadata": {"type": "Bikes", "brand": "Bmw", "model": "Bmw  ζητειται για αγορα  '14 - € 5.000 EUR"}, "extras": [], "description": "ζητειται για αγορα μετρητης μονο με βιβλιο service - Less - "}