{"query": {"url": "https://www.car.gr/21336222-yamaha-tdm-900", "type": "CAR_ADDE", "trial_count": 1, "last_processed": 1553098809}, "title": "Yamaha TDM 900  '05", "ad_id": "21336222", "ad_data": {"Make/Model": "Yamaha TDM 900 '05", "Classified number": "21336222", "Price": "€3.200", "Category": "Bike - Sport Touring", "Registration": "4 / 2005", "Mileage": "149,000 km", "Fuel type": "Gasoline", "Cubic capacity": "900 cc", "Power": "98 bhp", "Color": "Black (Metallic)", "Kteo to": "01 / 2021", "Liters/100km": "6 (Εντός)/4 (Εκτός)/5 (Μικτό)", "Previous owners": "1", "Modified": "12 days", "Times clicked": "175", "Short link": "www.car.gr/21336222", "Telephone": "None"}, "ad_seller": {}, "metadata": {"type": "Bikes", "brand": "Yamaha", "model": "TDM 900"}, "extras": ["Car Exchange", "Cargo Rack", "Credit card-Visa accepted", "Electric starter", "Exchange with Boat", "Four-stroke engine", "Greek Dealership", "Led lights", "Lights Xenon", "Service Book", "Top Box-Μπαγκαζιέρα"], "description": "Η μηχανή είναι σε άριστη κατάσταση έχει book service ενημερωμένο ολοκαίνουργια λάστιχα foul service . - Ανταλλάσσετε και με αυτό μέχρι 1600 κυβικά πάνω από το έτος 2008 - Μόνο σοβαρές προτάσεις παρακαλώ όχι άσκοπα τηλέφωνα δεν χαρίζετε - Less - "}