{"query": {"url": "https://www.car.gr/7118238-vespa-p200e", "type": "CAR_ADDE", "trial_count": 1, "last_processed": 1553095507}, "title": "Vespa  P200E '80", "ad_id": "7118238", "ad_data": {"Make/Model": "Vespa P200E '80", "Classified number": "7118238", "Price": "€3.000", "Category": "Bike - Roller/Scooter", "Registration": "2 / 1980", "Mileage": "70 km", "Fuel type": "Gasoline", "Cubic capacity": "200 cc", "Power": "17 bhp", "Color": "Bordeaux (Metallic)", "Modified": "3 days", "Times clicked": "144", "Short link": "www.car.gr/7118238", "Telephone": "None"}, "ad_seller": {}, "metadata": {"type": "Bikes", "brand": "Vespa", "model": "Vespa  P200E '80 - € 3.000 EUR"}, "extras": ["Two-stroke"], "description": "ΑΠΟ ΟΛΙΚΗ ΑΝΑΚΑΤΑΣΚΕΥΗ ΜΕ ΟΛΑ ΤΑ ΠΡΑΓΜΑΤΑ ΤΗΣ ΓΝΗΣΙΑ ΚΑΙ ΚΑΙΝΟΥΡΓΙΑ ΣΕ ΥΠΕΡ ΑΡΙΣΤΗ ΚΑΤΑΣΤΑΣΗ ΔΕΝ ΧΡΩΣΤΑΕΙ ΤΙΠΟΤΑ - Less - "}