{"query": {"url": "https://www.car.gr/7112298-honda-pantheon", "type": "CAR_ADDE", "trial_count": 1, "last_processed": 1553099719}, "title": "Honda Pantheon  '02", "ad_id": "7112298", "ad_data": {"Make/Model": "Honda Pantheon '02", "Classified number": "7112298", "Price": "€500", "Category": "Bike - Roller/Scooter", "Registration": "1 / 2002", "Mileage": "28,000 km", "Fuel type": "Gasoline", "Cubic capacity": "125 cc", "Power": "15 bhp", "Color": "Silver", "Modified": "15 days", "Times clicked": "9841", "Short link": "www.car.gr/7112298", "Telephone": "+30 2382504985"}, "ad_seller": {"Dealer": "Τομπάζης Κωνσταντίνος", "Address": "ΕΓΝΑΤΙΑΣ50ΓΙΑΝΝΙΤΣΑ", "City": "ΓΙΑΝΝΙΤΣΑ", "": "+30 6979085100", "Dealer page": "https//tompazis.car.gr/", "Website": "https//www.facebook.com/Kotsonas-Tuning-611408268987042/"}, "metadata": {"type": "Bikes", "brand": "Honda", "model": "Pantheon"}, "extras": [], "description": "λειτουργει κανονικά, ειναι για ανταλλακτικά - Less - "}