{"query": {"url": "https://www.car.gr/7172935-blata-super-sport", "type": "CAR_ADDE", "trial_count": 1, "last_processed": 1553096016}, "title": "Αλλο  BLATA SUPER SPORT ΠΡΟΣΦΟΡΑ..!! '11", "ad_id": "7172935", "ad_data": {"Make/Model": "Αλλο BLATA SUPER SPORT ΠΡΟΣΦΟΡΑ..!! '11", "Classified number": "7172935", "Price": "€850", "Category": "Bike - Mini..Moto", "Registration": "1 / 2011", "Fuel type": "Gasoline", "Cubic capacity": "35 cc", "Power": "5 bhp", "Color": "Black", "Modified": "4 days", "Times clicked": "4740", "Short link": "www.car.gr/7172935", "Telephone": "+30 2621032939"}, "ad_seller": {"Dealer": "MOTO KARRAS", "Address": "Παπαγεωργιου10", "City": "ΠΥΡΓΟΣ", "": "+30 2621032939", "Fax": "+30 2621081362", "Dealer page": "https//motokarras.car.gr/", "Website": "http//www.motokarras.gr"}, "metadata": {"type": "Bikes", "brand": "Αλλο", "model": "Αλλο  BLATA SUPER SPORT ΠΡΟΣΦΟΡΑ..!! '11 - € 850 EUR"}, "extras": ["Two-stroke"], "description": "Mini moto blata Super Sport σε μαύρο χρώμα με slik ελαστικά και με δισκόφρενα εμπρός και πίσω. Μεγάλη γκάμα ανταλλακτικών για όλα τα μοντέλα τις αγοράς σε πολύ προσιτές τιμές. Για περισσότερες πληροφορίες καλέστε μας. - Less - "}