{"query": {"url": "https://www.car.gr/21331055-triumph-daytona-675", "type": "CAR_ADDE", "trial_count": 1, "last_processed": 1553097000}, "title": "Triumph Daytona 675  '08", "ad_id": "21331055", "ad_data": {"Make/Model": "Triumph Daytona 675 '08", "Classified number": "21331055", "Price": "€4.100", "Category": "Bike - Super Sport", "Registration": "1 / 2008", "Mileage": "5,500 km", "Fuel type": "Gasoline", "Cubic capacity": "675 cc", "Power": "126 bhp", "Color": "Red", "Modified": "7 days", "Times clicked": "283", "Short link": "www.car.gr/21331055", "Telephone": "None"}, "ad_seller": {}, "metadata": {"type": "Bikes", "brand": "Triumph", "model": "Daytona 675"}, "extras": ["Exchange with Moto accepted", "Four-stroke engine", "Injection"], "description": "Μοντέλο 2008 αγορασμένο 2009. Απάτητα λάστιχα,από σέρβις.πραγματικά ΑΡΙΣΤΟ! - Ωρες καταστημάτων. - Less - "}