{"query": {"url": "https://www.car.gr/21331009-yamaha-crypton-t115s", "type": "CAR_ADDE", "trial_count": 1, "last_processed": 1553104910}, "title": "Yamaha Crypton T115S '18", "ad_id": "21331009", "ad_data": {"Make/Model": "Yamaha Crypton T115S '18", "Classified number": "21331009", "Price": "Askforprice", "Category": "Bike - Underbone", "Registration": "10 / 2018", "Mileage": "2,000 km", "Fuel type": "Gasoline", "Cubic capacity": "115 cc", "Power": "10 bhp", "Color": "Black (Metallic)", "Modified": "7 hours", "Times clicked": "83", "Short link": "www.car.gr/21331009", "Telephone": "+30 2521034124"}, "ad_seller": {"Dealer": "ΒΕΡΒΕΡΟΓΛΟΥ ΑΦΟΙ ΟΕ", "Address": "ΔΡΑΜΑ", "City": "ΔΡΑΜΑ", "": "+30 6945894102", "Fax": "+30 2521034124", "Dealer page": "https//ververoglouafoi.car.gr/"}, "metadata": {"type": "Bikes", "brand": "Yamaha", "model": "Crypton"}, "extras": [], "description": "ΑΡΙΣΤΗ ΚΑΤΑΣΤΑΣΗ - ΣΑΝ ΚΑΙΝΟΥΡΙΟ - ΕΡΓΟΣΤΑΣΙΑΚΗ ΕΓΓΥΗΣΗ YAMAHA - Less - "}