{"query": {"url": "https://www.car.gr/21331071-piaggio-fly-50", "type": "CAR_ADDE", "trial_count": 1, "last_processed": 1553098965}, "title": "Piaggio Fly 50  '06", "ad_id": "21331071", "ad_data": {"Make/Model": "Piaggio Fly 50 '06", "Classified number": "21331071", "Price": "€450", "Category": "Bike - Roller/Scooter", "Registration": "1 / 2006", "Mileage": "28,000 km", "Fuel type": "Gasoline", "Cubic capacity": "50 cc", "Power": "5 bhp", "Color": "Blue", "Modified": "12 days", "Times clicked": "141", "Short link": "www.car.gr/21331071", "Telephone": "None"}, "ad_seller": {}, "metadata": {"type": "Bikes", "brand": "Piaggio", "model": "Fly 50"}, "extras": [], "description": "Το μηχανάκι ειναι οπως το βλέπεται στης φωτογραφίες ..θελει μια μίζα και ενα σερβις και ειναι μια χαρα ..περισσοτερες πληροφοριες στο τηλ..ευχαριστω ! - Less - "}