{"query": {"url": "https://www.car.gr/21331049-honda-anf-125-innova", "type": "CAR_ADDE", "trial_count": 1, "last_processed": 1553095388}, "title": "Honda ANF 125 Innova  '03", "ad_id": "21331049", "ad_data": {"Make/Model": "Honda ANF 125 Innova '03", "Classified number": "21331049", "Price": "€1.200", "Category": "Bike - Underbone", "Registration": "1 / 2003", "Mileage": "50,000 km", "Fuel type": "Gasoline", "Cubic capacity": "125 cc", "Power": "12 bhp", "Color": "Blue", "Modified": "2 days", "Times clicked": "19", "Short link": "www.car.gr/21331049", "Telephone": "+30 2104911108"}, "ad_seller": {"Dealer": "DYNAMIC Pilikas", "Address": "ΠΡΕΜΕΤΗΣ18ΠΕΙΡΑΙΑΣ", "City": "ΠΕΙΡΑΙΑΣ", "": "+30 2104911108", "Fax": "+30 2104911108", "Dealer page": "https//dynamic-moto.car.gr/", "Website": "http//https//www.facebook.com/groups/1631554833726772/?fref=ts"}, "metadata": {"type": "Bikes", "brand": "Honda", "model": "ANF 125 Innova"}, "extras": [], "description": ""}