{"query": {"url": "https://www.car.gr/21331080-honda-cbf-250", "type": "CAR_ADDE", "trial_count": 1, "last_processed": 1553095942}, "title": "Honda CBF 250  '05", "ad_id": "21331080", "ad_data": {"Make/Model": "Honda CBF 250 '05", "Classified number": "21331080", "Price": "€1.400", "Category": "Bike - Naked", "Registration": "1 / 2005", "Mileage": "132,000 km", "Fuel type": "Gasoline", "Cubic capacity": "250 cc", "Power": "21 bhp", "Color": "Silver", "Modified": "4 days", "Times clicked": "242", "Short link": "www.car.gr/21331080", "Telephone": "None"}, "ad_seller": {}, "metadata": {"type": "Bikes", "brand": "Honda", "model": "CBF 250"}, "extras": ["Top Box-Μπαγκαζιέρα"], "description": "Σε καλή κατάσταση. - Less - "}