{"query": {"url": "https://www.car.gr/21331095-kymco-spike-125r", "type": "CAR_ADDE", "trial_count": 1, "last_processed": 1553105192}, "title": "Kymco Spike 125R  '04", "ad_id": "21331095", "ad_data": {"Make/Model": "Kymco Spike 125R '04", "Classified number": "21331095", "Price": "€1", "Category": "Bike - Underbone", "Registration": "1 / 2004", "Mileage": "40,000 km", "Fuel type": "Gasoline", "Cubic capacity": "125 cc", "Power": "4 bhp", "Color": "Red", "Modified": "12 days", "Times clicked": "39", "Short link": "www.car.gr/21331095", "Telephone": "None"}, "ad_seller": {}, "metadata": {"type": "Bikes", "brand": "Kymco", "model": "Spike 125R"}, "extras": [], "description": "Ότι βλέπεται στην φώτο έχω είναι για kumko spike 125 - Less - "}