{"query": {"url": "https://www.car.gr/21333374-ktm-1190-adventure", "type": "CAR_ADDE", "trial_count": 1, "last_processed": 1553098942}, "title": "KTM 1190 Adventure  '13", "ad_id": "21333374", "ad_data": {"Make/Model": "KTM 1190 Adventure '13", "Classified number": "21333374", "Price": "€11.900", "Category": "Bike - On/Off", "Registration": "6 / 2013", "Mileage": "29,800 km", "Fuel type": "Gasoline", "Cubic capacity": "1,190 cc", "Power": "158 bhp", "Color": "Grey (Metallic)", "Previous owners": "1", "Modified": "12 days", "Times clicked": "270", "Short link": "www.car.gr/21333374", "Telephone": "None"}, "ad_seller": {}, "metadata": {"type": "Bikes", "brand": "KTM", "model": "1190 Adventure"}, "extras": ["ABS", "Bars", "Cargo Rack", "Catalyst", "Centerstand", "Electric starter", "Engine Guards", "Four-stroke engine", "Heated Handguards", "Injection", "Led lights", "Sidestand", "Skid Plate", "Spoke wheels", "TCS-TractionControl", "Top Box-Μπαγκαζιέρα", "Trip computer"], "description": "Απο πλητρες σερβις δεν θελει τιποτα με 3βαλιτσο φουλ φουλ εξτρα με ολα τα ηλεκτρονικα - Less - "}