{"query": {"url": "https://www.car.gr/21333334-yamaha-x-max-250", "type": "CAR_ADDE", "trial_count": 1, "last_processed": 1553098942}, "title": "Yamaha X-MAX 250  '10", "ad_id": "21333334", "ad_data": {"Make/Model": "Yamaha X-MAX 250 '10", "Classified number": "21333334", "Price": "€1.700", "Category": "Bike - Roller/Scooter", "Registration": "1 / 2010", "Mileage": "55,000 km", "Fuel type": "Gasoline", "Cubic capacity": "250 cc", "Power": "11 bhp", "Color": "White", "Previous owners": "1", "Modified": "12 days", "Times clicked": "212", "Short link": "www.car.gr/21333334", "Telephone": "None"}, "ad_seller": {}, "metadata": {"type": "Bikes", "brand": "Yamaha", "model": "X-MAX 250"}, "extras": ["Car Exchange"], "description": ""}