{"query": {"url": "https://www.car.gr/8748651-piaggio-typhoon", "type": "CAR_ADDE", "trial_count": 1, "last_processed": 1553105201}, "title": "Piaggio Typhoon  '06", "ad_id": "8748651", "ad_data": {"Make/Model": "Piaggio Typhoon '06", "Classified number": "8748651", "Price": "€1", "Category": "Bike - Roller/Scooter", "Registration": "1 / 2006", "Mileage": "5,500 km", "Fuel type": "Gasoline", "Cubic capacity": "50 cc", "Power": "5 bhp", "Color": "Blue", "Modified": "14 days", "Times clicked": "2890", "Short link": "www.car.gr/8748651", "Telephone": "+30 6970882118"}, "ad_seller": {"Dealer": "MOTO-MATHEOS-IΔΙΩΤΗΣ", "Address": "ΑμπελακιαΔραμας", "City": "ΔΡΑΜΑ", "": "+30 2521096255", "Dealer page": "https//moto-matheos.car.gr/"}, "metadata": {"type": "Bikes", "brand": "Piaggio", "model": "Typhoon"}, "extras": [], "description": "Piaggio Typhoon 50 ΜΟΝΟ ΓΙΑ ΑΝΤΑΛΑΚΤΙΚΑ ΚΟΜΜΑΤΙ ,ΚΟΜΜΑΤΙ,..ΟΠΟΣ ΤΟ ΒΛΕΠΕΤΕ ΣΤΗΣ ΦΩΤΟΣ,ΑΠΟΣΤΟΛΗ ΠΑΝΤΟΥ... - Less - "}