{"query": {"url": "https://www.car.gr/8749258-suzuki-gsx-1400", "type": "CAR_ADDE", "trial_count": 1, "last_processed": 1553097344}, "title": "Suzuki GSX 1400  '05", "ad_id": "8749258", "ad_data": {"Make/Model": "Suzuki GSX 1400 '05", "Classified number": "8749258", "Price": "€5.500", "Category": "Bike - Naked", "Registration": "1 / 2005", "Mileage": "32,000 km", "Fuel type": "Gasoline", "Cubic capacity": "1,400 cc", "Power": "140 bhp", "Color": "Blue (Metallic)", "Kteo to": "10 / 2018", "Liters/100km": "6 (Εντός)/4 (Εκτός)/5 (Μικτό)", "Modified": "8 days", "Times clicked": "9922", "Short link": "www.car.gr/8749258", "Telephone": "None"}, "ad_seller": {"Name": "tasos", "Address": "ΙΩΑΝΝΙΝΑP.ΙΩΑΝΝΙΝΩΝ"}, "metadata": {"type": "Bikes", "brand": "Suzuki", "model": "GSX 1400"}, "extras": ["Bars", "Electric starter", "Exhaust Special", "Exhibition", "Gelatin"], "description": "Η μηχανή είναι σε άψογη κατάσταση(βιτρίνας) και απο πρόσφατο service(λάδια,φίλτρο, μουζί,μπαταρία) έχει extra (τιμόνι sun line,καβαλέτα rizoma,εξάτμηση vance hines,κάγκελα κινητήρα,ζαντες ηλεκτροστατική.).Δεκτός κάθε έλεγχος.Βρίσκεται στα Ιωάννινα. - Less - "}