{"query": {"url": "https://www.car.gr/4674968-sachs-k50-rl", "type": "CAR_ADDE", "trial_count": 1, "last_processed": 1553093293}, "title": "Sachs  k50 rl '78", "ad_id": "4674968", "ad_data": {"Make/Model": "Sachs k50 rl '78", "Classified number": "4674968", "Price": "€3.000", "Category": "Bike - On/Off", "Registration": "1 / 1978", "Mileage": "10,000 km", "Fuel type": "Gasoline", "Cubic capacity": "50 cc", "Power": "8 bhp", "Color": "Red", "Liters/100km": "7 (Εντός)/7 (Εκτός)/7 (Μικτό)", "Modified": "6 hours", "Times clicked": "10784", "Short link": "www.car.gr/4674968", "Telephone": "+30 2104954210"}, "ad_seller": {"Dealer": "MOTO MERKOURIS", "Address": "KARDHMHTRIOU", "City": "ΚΟΡΥΔΑΛΛΟΣ", "": "+30 6977457015", "Fax": "+30 2104954210", "Dealer page": "https//merkouris.car.gr/"}, "metadata": {"type": "Bikes", "brand": "Sachs", "model": "Sachs  k50 rl '78 - € 3.000 EUR"}, "extras": [], "description": ""}