{"query": {"url": "https://www.car.gr/21335535-yamaha-xt-600e", "type": "CAR_ADDE", "trial_count": 1, "last_processed": 1553098821}, "title": "Yamaha XT 600E  '99", "ad_id": "21335535", "ad_data": {"Make/Model": "Yamaha XT 600E '99", "Classified number": "21335535", "Price": "€1.700", "Category": "Bike - Εnduro", "Registration": "10 / 1999", "Mileage": "50,000 km", "Fuel type": "Gasoline", "Cubic capacity": "600 cc", "Power": "45 bhp", "Color": "Blue", "Kteo to": "10 / 2019", "Modified": "12 days", "Times clicked": "341", "Short link": "www.car.gr/21335535", "Telephone": "None"}, "ad_seller": {}, "metadata": {"type": "Bikes", "brand": "Yamaha", "model": "XT 600E"}, "extras": ["Exchange with Moto accepted"], "description": "Έγινε γενικο σέρβις Πριν 1 βδομάδα. .βαλβίδες.αλυσογραναζα.δισκάκια.τακακια +δισκοπλακα πίσω.συνεμπλοκ κλπ Περισσότερες πληροφορίες στο κινητό. - Less - "}