{"query": {"url": "https://www.car.gr/21335543-aprilia-sx-50", "type": "CAR_ADDE", "trial_count": 1, "last_processed": 1553098820}, "title": "Aprilia SX 50  '10", "ad_id": "21335543", "ad_data": {"Make/Model": "Aprilia SX 50 '10", "Classified number": "21335543", "Price": "€1.000", "Category": "Bike - Super Motard", "Registration": "1 / 2010", "Mileage": "13,000 km", "Fuel type": "Gasoline", "Cubic capacity": "50 cc", "Power": "15 bhp", "Color": "Black", "Modified": "12 days", "Times clicked": "253", "Short link": "www.car.gr/21335543", "Telephone": "None"}, "ad_seller": {}, "metadata": {"type": "Bikes", "brand": "Aprilia", "model": "SX 50"}, "extras": ["Kick-Starter", "Sidestand", "Two-stroke"], "description": "Η μηχανη ειναι αριστη. Μοτερικα δεν εχει κανενα απολυτως θεμα - Φοραει ολοσωμη εξατμιση Gianelli - Μαζι δινονται μερικα πλαστικα (λασπωτηρας μπροστινος, μασκα) - Less - "}