{"query": {"url": "https://www.car.gr/21335511-sym-hd-hd2-200-cbs-1", "type": "CAR_ADDE", "trial_count": 1, "last_processed": 1553094805}, "title": "Sym HD HD2 200 CBS 1 ΧΡΟΝΟ ΕΓΓΥΗΣΗ!!! '15", "ad_id": "21335511", "ad_data": {"Make/Model": "Sym HD HD2 200 CBS 1 ΧΡΟΝΟ ΕΓΓΥΗΣΗ!!! '15", "Classified number": "21335511", "Price": "€2.295", "Category": "Bike - Roller/Scooter", "Registration": "9 / 2015", "Mileage": "19,429 km", "Fuel type": "Gasoline", "Cubic capacity": "200 cc", "Power": "16 bhp", "Color": "Black", "Previous owners": "1", "Modified": "2 hours", "Times clicked": "43", "Short link": "www.car.gr/21335511", "Telephone": "+30 2271041644"}, "ad_seller": {"Dealer": "ΛΑΜΠΡΟΣ ΓΕΩΡΓΑΛΑΣ", "Address": "ΚΑΛΟΥΤΑ89", "City": "ΧΙΟΣ", "": "+30 2271042528", "Fax": "+30 2271041644", "Dealer page": "https//speedwheel.car.gr/"}, "metadata": {"type": "Bikes", "brand": "Sym", "model": "HD"}, "extras": ["Centerstand", "Credit card-Visa accepted", "Electric starter", "Four-stroke engine", "Lights Xenon", "Service Book", "Sidestand"], "description": "ΣΕ ΑΡΙΣΤΗ ΚΑΤΑΣΤΑΣΗ, ΕΧΕΙ ΓΙΝΕΙ ΓΕΝΙΚΟ ΣΕΡΒΙΣ, ΔΕΚΤΟΣ ΚΑΘΕ ΕΛΕΓΧΟΣ, ΔΙΝΕΤΑΙ ΕΝΑΣ ΧΡΟΝΟΣ ΕΓΓΥΗΣΗ ΑΠΟ ΤΟ ΚΑΤΑΣΤΗΜΑ ΜΑΣ. - Less - "}