{"query": {"url": "https://www.car.gr/21335561-suzuki-dl-650-v-strom", "type": "CAR_ADDE", "trial_count": 1, "last_processed": 1553093454}, "title": "Suzuki DL 650 V-STROM  '07", "ad_id": "21335561", "ad_data": {"Make/Model": "Suzuki DL 650 V-STROM '07", "Classified number": "21335561", "Price": "€3.950", "Category": "Bike - On/Off", "Registration": "6 / 2007", "Mileage": "40,000 km", "Fuel type": "Gasoline", "Cubic capacity": "650 cc", "Power": "5 bhp", "Color": "Black", "Kteo to": "05 / 2019", "Previous owners": "1", "Modified": "6 hours", "Times clicked": "609", "Short link": "www.car.gr/21335561", "Telephone": "+30 2273086086"}, "ad_seller": {"Dealer": "MOTOTECHNICS", "Address": "ΜαλαγαριΣΑΜΟΥ", "City": "ΑΘΗΝΑ", "": "+30 2273086086", "Fax": "+30 2273086086", "Dealer page": "https//mototechnics.car.gr/", "Website": "http//www.niotisservices.gr"}, "metadata": {"type": "Bikes", "brand": "Suzuki", "model": "DL 650 V-STROM"}, "extras": ["Cargo Rack", "Cast wheels", "Centerstand", "Electric starter", "Engine Guards", "Gelatin", "Injection", "Service Book", "Sidestand", "Skid Plate", "Top Box-Μπαγκαζιέρα"], "description": "ΣΕ ΥΠΕΡΑΡΙΣΤΗ ΚΑΤΑΣΤΑΣΗ ΜΕ ΠΟΛΛΑ ΕΞΤΡΑ ΟΠΩΣ ΒΑΛΙΤΣΑ,ΠΡΟΣΤΑΤΕΥΤΙΚΟ ΚΙΝΗΤΗΡΑ,ΚΑΓΚΕΛΑ,ΖΕΛΑΤΙΝΑ,ΣΥΝΑΓΕΡΜΟ,ΔΙΠΛΟ ΣΤΑΝΤ,ΟΛΑ ΤΑ ΣΕΡΒΙΣ ΣΤΗ ΩΡΑ ΤΟΥΣ ΚΑΙ ΜΕ ΤΟ ΠΑΡΑΠΑΝΩ ΜΕ ΒΙΒΛΙΟ ΣΕΡΒΙΣ,ΠΡΟΣΦΑΤΗ ΓΕΝΙΚΗ ΣΥΝΤΗΡΗΣΗ ΜΕ ΡΥΘΜΙΣΗ ΒΑΛΒΙΔΩΝ,ΚΑΘΑΡΙΣΜΟ ΤΡΟΦΟΔΟΣΙΑΣ ΜΕ ΥΠΕΡΥΧΟΥΣ ΚΑΙ ΡΥΘΜΙΣΗ ΣΕ ΔΥΝΑΜΟΜΕΤΡΟ ΓΙΑ ΤΟ ΚΑΛΗΤΕΡΟ ΑΠΟΤΕΛΕΣΜΑ,ΛΑΔΙΑ,ΦΙΛΤΡΑ,ΜΠΟΥΖΙ,ΦΡΕΝΑ,ΥΓΡΑ ΨΕΙΓΕΙΟΥ ΚΑΙ ΟΛΑ ΤΑ ΣΧΕΤΙΚΑ!!!ΠΩΛΕΙΤΑΙ ΛΟΓΩ ΑΛΛΑΓΗ ΚΑΤΗΓΟΡΙΑΣ - Η ΜΟΤΟΣΥΚΛΕΤΑ ΕΙΝΑΙ ΠΕΛΑΤΗ ΜΑΣ ΚΑΙ ΑΝΑΡΤΗΘΗΚΕ ΓΙΑ ΛΟΓΑΡΙΑΣΜΟ ΤΟΥ!!ΒΡΙΣΚΕΤΑΙ ΣΑΜΟ! - Less - "}