{"query": {"url": "https://www.car.gr/21335593-piaggio-beverly-125", "type": "CAR_ADDE", "trial_count": 1, "last_processed": 1553098820}, "title": "Piaggio Beverly 125  '06", "ad_id": "21335593", "ad_data": {"Make/Model": "Piaggio Beverly 125 '06", "Classified number": "21335593", "Price": "€1.000", "Category": "Bike - Roller/Scooter", "Registration": "1 / 2006", "Mileage": "40,300 km", "Fuel type": "Gasoline", "Cubic capacity": "125 cc", "Power": "24 bhp", "Color": "Silver", "Kteo to": "01 / 2021", "Modified": "12 days", "Times clicked": "55", "Short link": "www.car.gr/21335593", "Telephone": "None"}, "ad_seller": {}, "metadata": {"type": "Bikes", "brand": "Piaggio", "model": "Beverly 125"}, "extras": [], "description": "Σε άριστη κατάσταση - Less - "}