{"query": {"url": "https://www.car.gr/8795404-benelli-naked", "type": "CAR_ADDE", "trial_count": 1, "last_processed": 1553096921}, "title": "Benelli  Naked  '06", "ad_id": "8795404", "ad_data": {"Make/Model": "Benelli Naked  '06", "Classified number": "8795404", "Price": "€1.450", "Category": "Bike - Roller/Scooter", "Registration": "1 / 2006", "Fuel type": "Gasoline", "Cubic capacity": "50 cc", "Power": "6 bhp", "Color": "Other", "Modified": "7 days", "Times clicked": "38", "Short link": "www.car.gr/8795404", "Telephone": "+30 2105617620"}, "ad_seller": {"Dealer": "MOTO NOMIKOS", "Address": "ΓΡ.ΛΑΜΠΡΑΚΗ94", "City": "ΚΟΡΥΔΑΛΛΟΣ", "": "+30 2105617732", "Fax": "+30 2105620902", "Dealer page": "https//motonomikos.car.gr/", "Website": "https//motonomikos.gr", "Open hours": "Δευτέρα - Παρασκευή 0830 - 2000\nΣάββατο 0800 - 1600\nΚυριακή κλειστά"}, "metadata": {"type": "Bikes", "brand": "Benelli", "model": "Benelli  Naked  '06 - € 1.450 EUR"}, "extras": ["Exchange with Moto accepted", "Exhibition", "Four-stroke engine", "Kick-Starter"], "description": "*ΚΑΙΝΟΥΡΓΙΟ* - *ΕΓΓΥΗΣΗ ΑΝΤΙΠΡΟΣΩΠΕΙΑΣ* - *ΑΠΟΣΤΟΛΗ ΣΕ ΟΛΗ ΤΗΝ ΕΛΛΑΔΑ (ΚΑΙ ΕΠΑΡΧΙΑ) - Less - "}