{"query": {"url": "https://www.car.gr/21334119-suzuki-dl-650-v-strom-dl-650-v-strom", "type": "CAR_ADDE", "trial_count": 4, "last_processed": 1553093235}, "title": "Suzuki DL 650 V-STROM DL 650 V- STROM '06", "ad_id": "21334119", "ad_data": {"Make/Model": "Suzuki DL 650 V-STROM DL 650 V- STROM '06", "Classified number": "21334119", "Price": "€3.200", "Category": "Bike - On/Off", "Registration": "1 / 2006", "Mileage": "38,000 km", "Fuel type": "Gasoline", "Cubic capacity": "645 cc", "Power": "67 bhp", "Color": "Black (Metallic)", "Kteo to": "02 / 2021", "Previous owners": "1", "Modified": "3 hours", "Times clicked": "526", "Short link": "www.car.gr/21334119", "Telephone": "None"}, "ad_seller": {}, "metadata": {"type": "Bikes", "brand": "Suzuki", "model": "DL 650 V-STROM"}, "extras": ["Bars", "Cargo Rack", "Exchange with Moto accepted", "Four-stroke engine", "Top Box-Μπαγκαζιέρα"], "description": " Πωλείται Suzuki DL-650 V-STROM μοντέλο 2006 α' εξάμηνο. - Η μοτοσυκλέτα ειναι σε άριστη κατάσταση, πρόσφατο γενικό σερβις - λάδια, φίλτρα, υγρά φρένων, τακάκια, λάστιχα, έλεγχος και ρύθμιση βαλβίδων, - αλυσιδογράναζα, περασμένο κτεο Φεβρουάριος 2019. Φυλάσσεται σε κλειστο χώρο. Τα περισσότερα χιλιόμετρα έγιναν - σε εθνίκη. Πωλείται λόγω μη χρήσης. Απολύτως κανένα πρόβλημα, δεκτός κάθε έλεγχος. - Less - "}