{"query": {"url": "https://www.car.gr/21334104-gilera-runner-125", "type": "CAR_ADDE", "trial_count": 1, "last_processed": 1553098925}, "title": "Gilera Runner 125  '03", "ad_id": "21334104", "ad_data": {"Make/Model": "Gilera Runner 125 '03", "Classified number": "21334104", "Price": "€600", "Category": "Bike - Roller/Scooter", "Registration": "1 / 2003", "Mileage": "65,000 km", "Fuel type": "Gasoline", "Cubic capacity": "125 cc", "Power": "7 bhp", "Color": "Dark Red", "Kteo to": "03 / 2019", "Modified": "12 days", "Times clicked": "22", "Short link": "www.car.gr/21334104", "Telephone": "None"}, "ad_seller": {}, "metadata": {"type": "Bikes", "brand": "Gilera", "model": "Runner 125"}, "extras": ["Exhaust Special", "Two-stroke"], "description": "Το μηχανάκι είναι διχρονο ... Με καινούργια λάστιχα και μπαταρία.. - Less - "}