{"query": {"url": "https://www.car.gr/21334127-bmw-f-650-gs", "type": "CAR_ADDE", "trial_count": 1, "last_processed": 1553096659}, "title": "Bmw F 650 GS  '08", "ad_id": "21334127", "ad_data": {"Make/Model": "Bmw F 650 GS '08", "Classified number": "21334127", "Price": "€4.100", "Category": "Bike - On/Off", "Registration": "7 / 2008", "Mileage": "34,000 km", "Fuel type": "Gasoline", "Cubic capacity": "798 cc", "Power": "80 bhp", "Color": "Blue", "Previous owners": "1", "Modified": "6 days", "Times clicked": "240", "Short link": "www.car.gr/21334127", "Telephone": "None"}, "ad_seller": {}, "metadata": {"type": "Bikes", "brand": "Bmw", "model": "F 650 GS"}, "extras": ["Top Box-Μπαγκαζιέρα"], "description": ""}