{"query": {"url": "https://www.car.gr/21334145-derbi-senda-sm-drd-racing", "type": "CAR_ADDE", "trial_count": 1, "last_processed": 1553098923}, "title": "Derbi Senda SM DRD Racing  '08", "ad_id": "21334145", "ad_data": {"Make/Model": "Derbi Senda SM DRD Racing '08", "Classified number": "21334145", "Price": "€800", "Category": "Bike - Underbone", "Registration": "1 / 2008", "Mileage": "27,000 km", "Fuel type": "Gasoline", "Cubic capacity": "125 cc", "Power": "14 bhp", "Color": "Black", "Kteo to": "07 / 2019", "Previous owners": "1", "Modified": "12 days", "Times clicked": "475", "Short link": "www.car.gr/21334145", "Telephone": "None"}, "ad_seller": {}, "metadata": {"type": "Bikes", "brand": "Derbi", "model": "Senda SM DRD Racing"}, "extras": ["Electric starter", "Exchange with Moto accepted", "Exhaust Special", "Four-stroke engine", "Lights Xenon", "Spoke wheels", "Καρμπυρατέρ"], "description": "Το μηχανάκι ειναι ετσι οπως το ειναι στης φωτογραφίες με ολα τα σερβις στην ωρα του το εχω πολυ προσεγμενο με ολα του τα χαρτια η τιμη ειναι αυτη το πουλαω λογο αγορας σε μεγαλύτερη κατηγορία δεν εχει απολυτως τιποτα το μηχανάκι δεκτος καθε έλεγχος!!! - Εχουν αλλαχτει τα εξης ολα αυτα καινούρια)τακακια μπρος πισω - Μπομπες μπρος πισω μανετες και της δυο χερουλια μπαρακουντα ξενον λαμπα αυτοκίνητου πολλαπλασιαστής με μπουζοπιπα racing καρμπιλατερ 26 ηλεκτρονικη. - ανωρθωτη - Ταιριαγμα πλεξουδας λογο διαρροής ρευμα - Καινουρια μπαταρια - Φιλτρο αερα φιλτρο λαδιου λαδια μαζι με μπουζι εχουν κανει μολις 500χλμ επισκευη μιζα ολα κανουρια μεσα κωλοφαναρο πισω επισης αλυσιδα αξιας 70 ευρω αυτοληπενομενη και αντλια βενζίνης επισης εχουν ρυθμιστει βαλβιδες και καδενα!!! - Less - "}