{"query": {"url": "https://www.car.gr/7189874-yamaha-tzr-250-dyxrono", "type": "CAR_ADDE", "trial_count": 1, "last_processed": 1553100196}, "title": "Yamaha TZR 250 DYXRONO '12", "ad_id": "7189874", "ad_data": {"Make/Model": "Yamaha TZR 250 DYXRONO '12", "Classified number": "7189874", "Price": "€700", "Category": "Bike - Other", "Registration": "7 / 2012", "Mileage": "700 km", "Fuel type": "Gasoline", "Cubic capacity": "250 cc", "Power": "65 bhp", "Color": "Red", "Modified": "16 days", "Times clicked": "244", "Short link": "www.car.gr/7189874", "Telephone": "None"}, "ad_seller": {"Name": "ΣΤΑΘΗΣ", "Address": "ΚΕΡΚΥΡΑP.ΚΕΡΚΥΡΑΣ"}, "metadata": {"type": "Bikes", "brand": "Yamaha", "model": "TZR"}, "extras": ["Exchange with Moto accepted", "Exhaust Special", "Kick-Starter", "Two-stroke"], "description": "Μοτερ TZR250,καινουργια καρμπιλατερ 40αρια,εξατμισεις Z125 - Υπαρχει κ μοτερ Ζ125 200euro - Πωλειτε το σασι+2 λαστιχα καινουργια πισω 200ευρο - Less - "}