{"query": {"url": "https://www.car.gr/21333790-yamaha-crypton-x135", "type": "CAR_ADDE", "trial_count": 1, "last_processed": 1553095671}, "title": "Yamaha CRYPTON-X135  '09", "ad_id": "21333790", "ad_data": {"Make/Model": "Yamaha CRYPTON-X135 '09", "Classified number": "21333790", "Price": "€2.300", "Category": "Bike - Underbone", "Registration": "11 / 2009", "Mileage": "1,200 km", "Fuel type": "Gasoline", "Cubic capacity": "150 cc", "Power": "17 bhp", "Color": "Black", "Kteo to": "09 / 2019", "Previous owners": "2", "Modified": "3 days", "Times clicked": "422", "Short link": "www.car.gr/21333790", "Telephone": "None"}, "ad_seller": {}, "metadata": {"type": "Bikes", "brand": "Yamaha", "model": "CRYPTON-X135"}, "extras": ["Centerstand", "Electric starter", "Exchange with Moto accepted", "Four-stroke engine", "Led lights"], "description": "Το μηχανάκι είναι look tou 16..φοράει το γνήσιο 150 kit της yamaha και έχει κάνει 1200 χιλιόμετρα από την μέρα που τα άλλαξα...αλλαγμένα φρένα μπροστά και πίσω...καινούργια αλλυσιδογράναζα...φοράει ακόμα γέφυρα στα μπροστινά,σίτα yamaha,μανέτα,φώτα led,δυσκόπλακα και ρυθμιζόμενη ανάρτηση...έλεγχος οπουδήποτε θέλετε..ανταλλαγή με beverly 300 η' 500...η' με On-Off - Less - "}