{"query": {"url": "https://www.car.gr/21333791-yamaha-tdm-900", "type": "CAR_ADDE", "trial_count": 1, "last_processed": 1553096471}, "title": "Yamaha TDM 900  '07", "ad_id": "21333791", "ad_data": {"Make/Model": "Yamaha TDM 900 '07", "Classified number": "21333791", "Price": "€4.600", "Category": "Bike - Sport Touring", "Registration": "4 / 2007", "Mileage": "47,000 km", "Fuel type": "Gasoline", "Cubic capacity": "900 cc", "Power": "87 bhp", "Color": "Black", "Modified": "5 days", "Times clicked": "251", "Short link": "www.car.gr/21333791", "Telephone": "None"}, "ad_seller": {}, "metadata": {"type": "Bikes", "brand": "Yamaha", "model": "TDM 900"}, "extras": ["ABS", "Exchange with Moto accepted", "Exhaust Special", "Four-stroke engine", "Led lights", "Top Box-Μπαγκαζιέρα"], "description": "Ανταλασεται μόνο με super sport 1000. Του 07 και πάνω - Less - "}