{"query": {"url": "https://www.car.gr/4001046-honda-ps-150i", "type": "CAR_ADDE", "trial_count": 1, "last_processed": 1553102627}, "title": "Honda PS 150i  '08", "ad_id": "4001046", "ad_data": {"Make/Model": "Honda PS 150i '08", "Classified number": "4001046", "Price": "€1.200", "Category": "Bike - Roller/Scooter", "Registration": "10 / 2008", "Mileage": "25,000 km", "Fuel type": "Gasoline", "Cubic capacity": "150 cc", "Power": "12 bhp", "Color": "Silver", "Modified": "32 days", "Times clicked": "5649", "Short link": "www.car.gr/4001046", "Telephone": "+30 2821099405"}, "ad_seller": {"Dealer": "CHANIA MOTORCYCLES", "Address": "ΝΙΚΟΛΑΟΥΠΛΑΣΤΗΡΑ4", "City": "ΧΑΝΙΑ", "": "+30 6980127373", "Fax": "+30 6996312247", "Dealer page": "https//stavroulakis-cars.car.gr/"}, "metadata": {"type": "Bikes", "brand": "Honda", "model": "PS 150i"}, "extras": ["Automatic", "Electric starter", "Exchange with Moto accepted", "Four-stroke engine", "Kick-Starter", "Service Book"], "description": "πολυ καλη κατασταση πρωτο χερι καινουργια λαστιχα περασμενο απο κτεο - Less - "}