{"query": {"url": "https://www.car.gr/6773065-suzuki-rm-z-450", "type": "CAR_ADDE", "trial_count": 1, "last_processed": 1553102382}, "title": "Suzuki RM-Z 450  '16", "ad_id": "6773065", "ad_data": {"Make/Model": "Suzuki RM-Z 450 '16", "Classified number": "6773065", "Price": "€6.350", "Category": "Bike - Motocross", "Registration": "1 / 2016", "Fuel type": "Gasoline", "Cubic capacity": "450 cc", "Power": "58 bhp", "Color": "Yellow", "Modified": "30 days", "Times clicked": "2671", "Short link": "www.car.gr/6773065", "Telephone": "+30 2310988189"}, "ad_seller": {"Dealer": "MOTOACTION", "Address": "ΛεωφόροςΚωνσταντίνουΚαραμανλή49", "City": "ΘΕΣΣΑΛΟΝΙΚΗ", "": "+30 2310988189", "Fax": "+30 2310988189", "Dealer page": "https//motoaction.car.gr/", "Website": "http//www.motoaction.gr", "Open hours": "Δευτέρα-Παρασκευή 0930 - 1900\nΣάββατο 1000 - 1430 (κατόπιν ραντεβού)"}, "metadata": {"type": "Bikes", "brand": "Suzuki", "model": "RM-Z 450"}, "extras": ["Exchange with Moto accepted", "Four-stroke engine", "Kick-Starter"], "description": "NEW 2016 MODEL ΜΕ ΦΠΑ ΚΑΙ ΠΙΣΤΟΠΟΙΗΤΙΚΑ ΤΕΛΩΝΕΙΟΥ - Less - "}