{"query": {"url": "https://www.car.gr/21330542-yamaha-dt-125-r", "type": "CAR_ADDE", "trial_count": 1, "last_processed": 1553098958}, "title": "Yamaha DT 125 R  '91", "ad_id": "21330542", "ad_data": {"Make/Model": "Yamaha DT 125 R '91", "Classified number": "21330542", "Price": "€1.300", "Category": "Bike - Εnduro", "Registration": "6 / 1991", "Mileage": "30,000 km", "Fuel type": "Gasoline", "Cubic capacity": "125 cc", "Power": "30 bhp", "Color": "Blue (Metallic)", "Kteo to": "04 / 2020", "Liters/100km": "4 (Εντός)/3 (Εκτός)/3 (Μικτό)", "Previous owners": "2", "Modified": "12 days", "Times clicked": "365", "Short link": "www.car.gr/21330542", "Telephone": "None"}, "ad_seller": {}, "metadata": {"type": "Bikes", "brand": "Yamaha", "model": "DT 125 R"}, "extras": [], "description": "Πολα εξτρα - Less - "}