{"query": {"url": "https://www.car.gr/21330533-suzuki-gsx-r-1000", "type": "CAR_ADDE", "trial_count": 1, "last_processed": 1553098959}, "title": "Suzuki GSX-R 1000  '04", "ad_id": "21330533", "ad_data": {"Make/Model": "Suzuki GSX-R 1000 '04", "Classified number": "21330533", "Price": "€3.300", "Category": "Bike - Super Sport", "Registration": "1 / 2004", "Mileage": "51,500 km", "Fuel type": "Gasoline", "Cubic capacity": "1,000 cc", "Power": "170 bhp", "Color": "Silver (Metallic)", "Kteo to": "07 / 2019", "Liters/100km": "6.5 (Εντός)/8 (Εκτός)", "Modified": "12 days", "Times clicked": "678", "Short link": "www.car.gr/21330533", "Telephone": "None"}, "ad_seller": {}, "metadata": {"type": "Bikes", "brand": "Suzuki", "model": "GSX-R 1000"}, "extras": ["Alarm", "Electric starter", "Exhaust Special", "Four-stroke engine", "Gelatin", "Greek Dealership", "Injection", "Sidestand", "Trip computer"], "description": "Είναι σε πολύ καλή κατάσταση από service με πολλά έξτρα, φίλτρο, προγράμμα, εξάτμιση Ακραποβιτσ, συναγερμός,σολινακια υψηλής,σταμπιλιζατερ WP, μανιτάρια,μανετες mgp,αλισηδα γρανάζια χρυσα,service ανάρτησης,δισκοφρενα μαργαρίτες και τακάκια καινουργια και πολλά άλλα!! - Less - "}