{"query": {"url": "https://www.car.gr/21330563-suzuki-dl-650-v-strom", "type": "CAR_ADDE", "trial_count": 1, "last_processed": 1553098958}, "title": "Suzuki DL 650 V-STROM  '07", "ad_id": "21330563", "ad_data": {"Make/Model": "Suzuki DL 650 V-STROM '07", "Classified number": "21330563", "Price": "€2.800", "Category": "Bike - On/Off", "Registration": "1 / 2007", "Mileage": "135,000 km", "Fuel type": "Gasoline", "Cubic capacity": "650 cc", "Power": "75 bhp", "Color": "Black (Metallic)", "Previous owners": "1", "Modified": "12 days", "Times clicked": "36", "Short link": "www.car.gr/21330563", "Telephone": "None"}, "ad_seller": {}, "metadata": {"type": "Bikes", "brand": "Suzuki", "model": "DL 650 V-STROM"}, "extras": ["Bars", "Car Exchange", "Electric starter", "Engine Guards", "Gelatin", "Injection", "Sidestand", "Skid Plate", "Top Box-Μπαγκαζιέρα", "Trip computer"], "description": "Προβολακια,τζαμακι διπλό καρίνα vstrom ανατομική σέλα v strom ,3 βαλιτσες - Less - "}