{"query": {"url": "https://www.car.gr/21330524-yamaha-t-max-500", "type": "CAR_ADDE", "trial_count": 1, "last_processed": 1553098959}, "title": "Yamaha T-MAX 500  '11", "ad_id": "21330524", "ad_data": {"Make/Model": "Yamaha T-MAX 500 '11", "Classified number": "21330524", "Price": "€5.500", "Category": "Bike - Roller/Scooter", "Registration": "8 / 2011", "Mileage": "22,000 km", "Fuel type": "Gasoline", "Cubic capacity": "500 cc", "Power": "45 bhp", "Color": "Grey", "Modified": "12 days", "Times clicked": "384", "Short link": "www.car.gr/21330524", "Telephone": "None"}, "ad_seller": {}, "metadata": {"type": "Bikes", "brand": "Yamaha", "model": "T-MAX 500"}, "extras": [], "description": ""}