{"query": {"url": "https://www.car.gr/21330594-piaggio-carnaby-300-cruiser", "type": "CAR_ADDE", "trial_count": 1, "last_processed": 1553093437}, "title": "Piaggio Carnaby 300 Cruiser  '15", "ad_id": "21330594", "ad_data": {"Make/Model": "Piaggio Carnaby 300 Cruiser '15", "Classified number": "21330594", "Price": "€1.950", "Category": "Bike - Roller/Scooter", "Registration": "1 / 2015", "Mileage": "37,000 km", "Fuel type": "Gasoline", "Cubic capacity": "300 cc", "Power": "27 bhp", "Color": "White", "Modified": "6 hours", "Times clicked": "622", "Short link": "www.car.gr/21330594", "Telephone": "+30 2103410880"}, "ad_seller": {"Dealer": "SERVICE SAMOTHRAKIS", "Address": "kallirois176petralona", "City": "ΑΘΗΝΑ", "": "+30 2103410880", "Dealer page": "https//samothrakis.car.gr/"}, "metadata": {"type": "Bikes", "brand": "Piaggio", "model": "Carnaby 300 Cruiser"}, "extras": ["Car Exchange", "Exchange with Moto accepted"], "description": " Σε πολι κσλι καταστασι με σερβισ γενικο λαστιχα κενουργια.. - Less - "}