{"query": {"url": "https://www.car.gr/21330515-benelli-velvet-150", "type": "CAR_ADDE", "trial_count": 1, "last_processed": 1553097725}, "title": "Benelli Velvet 150  '00", "ad_id": "21330515", "ad_data": {"Make/Model": "Benelli Velvet 150 '00", "Classified number": "21330515", "Price": "€700", "Category": "Bike - Roller/Scooter", "Registration": "7 / 2000", "Mileage": "71,900 km", "Fuel type": "Gasoline", "Cubic capacity": "150 cc", "Power": "114 bhp", "Color": "Black (Metallic)", "Kteo to": "03 / 2020", "Modified": "9 days", "Times clicked": "144", "Short link": "www.car.gr/21330515", "Telephone": "None"}, "ad_seller": {}, "metadata": {"type": "Bikes", "brand": "Benelli", "model": "Velvet 150"}, "extras": [], "description": "BENELLI VELVET 150 CC, MONT. 07/2000, 71.900 ΧΛΜ., ΥΔΡΟΨΥΚΤΟ, ΔΙΣΚΟΦΡΕΝΑ ΜΠΡΟΣ-ΠΙΣΩ, ΜΕ ΑΥΘΕΝΤΙΚΗ ΜΠΑΓΚΑΖΙΕΡΑ, ΚΑΙΝΟΥΡΙΑ ΣΕΛΑ ΚΑΙ ΛΑΣΤΙΧΑ, ΑΠΟ ΓΕΝΙΚΟ SERVICE, ΠΕΡΑΣΜΕΝΟ ΚΤΕΟ, ΠΩΛΕΙΤΑΙ ΣΕ ΑΡΙΣΤΗ ΚΑΤΑΣΤΑΣΗ ΑΠΟ ΚΟΠΕΛΑ, ΤΙΜΗ 700 EURO - Less - "}