{"query": {"url": "https://www.car.gr/21330574-yamaha-x-max-250", "type": "CAR_ADDE", "trial_count": 1, "last_processed": 1553098957}, "title": "Yamaha X-MAX 250  '06", "ad_id": "21330574", "ad_data": {"Make/Model": "Yamaha X-MAX 250 '06", "Classified number": "21330574", "Price": "€1.600", "Category": "Bike - Roller/Scooter", "Registration": "9 / 2006", "Mileage": "38,000 km", "Fuel type": "Gasoline", "Cubic capacity": "250 cc", "Power": "3 bhp", "Color": "Silver", "Modified": "12 days", "Times clicked": "67", "Short link": "www.car.gr/21330574", "Telephone": "None"}, "ad_seller": {}, "metadata": {"type": "Bikes", "brand": "Yamaha", "model": "X-MAX 250"}, "extras": [], "description": "Είναι σε άριστη κατάσταση με όλα τα σέρβις. - Less - "}