{"query": {"url": "https://www.car.gr/21337009-suzuki-dl-650-v-strom", "type": "CAR_ADDE", "trial_count": 1, "last_processed": 1553098777}, "title": "Suzuki DL 650 V-STROM  '06", "ad_id": "21337009", "ad_data": {"Make/Model": "Suzuki DL 650 V-STROM '06", "Classified number": "21337009", "Price": "€3.200", "Category": "Bike - On/Off", "Registration": "1 / 2006", "Mileage": "59,000 km", "Fuel type": "Gasoline", "Cubic capacity": "650 cc", "Power": "67 bhp", "Color": "Blue (Metallic)", "Kteo to": "01 / 2020", "Modified": "12 days", "Times clicked": "172", "Short link": "www.car.gr/21337009", "Telephone": "None"}, "ad_seller": {}, "metadata": {"type": "Bikes", "brand": "Suzuki", "model": "DL 650 V-STROM"}, "extras": ["Exchange with Moto accepted", "Top Box-Μπαγκαζιέρα"], "description": "Άριστη κατάσταση πρώτο χέρι - Less - "}