{"query": {"url": "https://www.car.gr/7172471-piaggio-beverly-500-cruiser-akrapovic", "type": "CAR_ADDE", "trial_count": 1, "last_processed": 1553105169}, "title": "Piaggio Beverly 500 Cruiser Akrapovic '10", "ad_id": "7172471", "ad_data": {"Make/Model": "Piaggio Beverly 500 Cruiser Akrapovic '10", "Classified number": "7172471", "Price": "Askforprice", "Category": "Bike - Roller/Scooter", "Registration": "1 / 2010", "Mileage": "1 km", "Fuel type": "Gasoline", "Cubic capacity": "500 cc", "Power": "42 bhp", "Color": "Grey", "Modified": "6 days", "Times clicked": "26570", "Short link": "www.car.gr/7172471", "Telephone": "+30 2431026327"}, "ad_seller": {"Dealer": "OFF RUN MOTORSTORE", "Address": "ΠΕΡΙΦΕΡΕΙΑΚΗΟΔΟΣΛΑΡΙΣΗΣ-ΙΩΑΝΝΙΝΩΝ", "City": "ΤΡΙΚΑΛΑ", "": "+30 2431026327", "Fax": "+30 2431026327", "Dealer page": "https//off-run-motorstore.car.gr/"}, "metadata": {"type": "Bikes", "brand": "Piaggio", "model": "Beverly 500 Cruiser"}, "extras": ["Alarm", "Automatic", "Cargo Rack", "Cast wheels", "Centerstand", "Electric starter", "Exhaust Special", "Gelatin", "Kick-Starter", "Led lights", "Sidestand"], "description": "Αναλαμβάνουμε αναπαλαιώσεις-τροποποιήσεις scooter,μηχανών και αυτοκινήτων.Το μηχανάκι δεν είναι προς πώληση. - Less - "}