{"query": {"url": "https://www.car.gr/8708499-piaggio-x-evo-x-evo-250-ie", "type": "CAR_ADDE", "trial_count": 1, "last_processed": 1553101903}, "title": "Piaggio X EVO X EVO 250 IE αριστο '07", "ad_id": "8708499", "ad_data": {"Make/Model": "Piaggio X EVO X EVO 250 IE αριστο '07", "Classified number": "8708499", "Price": "€2.500", "Category": "Bike - Roller/Scooter", "Registration": "1 / 2007", "Mileage": "14,958 km", "Fuel type": "Gasoline", "Cubic capacity": "250 cc", "Power": "15 bhp", "Color": "Black", "Modified": "26 days", "Times clicked": "358", "Short link": "www.car.gr/8708499", "Telephone": "+30 2825031868"}, "ad_seller": {"Dealer": "ADAMAKIS NIKOLAOS MOTORBIKE & BICYCLE CENTER", "Address": "KALYBES", "City": "ΚΑΛΥΒΕΣ", "": "+30 6945212274", "Fax": "+30 2825031869", "Dealer page": "https//adamakis-nikolaos.car.gr/", "Website": "http//ADAMAKIS NIKOLAOS MOTORBIKES & BICYCLE CENTER"}, "metadata": {"type": "Bikes", "brand": "Piaggio", "model": "X EVO"}, "extras": ["Automatic", "Cast wheels", "Centerstand", "Electric starter", "Exhibition", "Four-stroke engine", "Gelatin", "Sidestand"], "description": "Το scοoter ειναι σε πολυ καλη κατασταση. - Less - "}