{"query": {"url": "https://www.car.gr/7108833-honda-xl-1000v-varadero", "type": "CAR_ADDE", "trial_count": 1, "last_processed": 1553105005}, "title": "Honda XL 1000V Varadero  '02", "ad_id": "7108833", "ad_data": {"Make/Model": "Honda XL 1000V Varadero '02", "Classified number": "7108833", "Price": "Askforprice", "Category": "Bike - On/Off", "Registration": "1 / 2002", "Fuel type": "Gasoline", "Cubic capacity": "1,000 cc", "Power": "3 bhp", "Color": "Black", "Modified": "21 hours", "Times clicked": "3557", "Short link": "www.car.gr/7108833", "Telephone": "+30 2106666622"}, "ad_seller": {"Dealer": "MOTOPARTS 22", "Address": "ΑγίουΑθανασίου13", "City": "ΠΑΛΛΗΝΗ", "": "+30 2105225601", "Fax": "+30 2106001817", "Dealer page": "https//motoparts22.car.gr/", "Website": "http//www.motoparts22.com", "Open hours": "Δευτέρα-Παρασκευή 0830-1700\nΣ/Κ κλειστά"}, "metadata": {"type": "Bikes", "brand": "Honda", "model": "XL 1000V Varadero"}, "extras": [], "description": "ΔΕΝ πωλείται ολόκληρη! - Πωλούνται μόνο ΑΝΤΑΛΛΑΚΤΙΚΑ από την εικονιζόμενη μοτοσυκλέτα. - Less - "}