{"query": {"url": "https://www.car.gr/6792729-honda-z-50-mini-trail", "type": "CAR_ADDE", "trial_count": 1, "last_processed": 1553093937}, "title": "Honda Z 50 mini trail '67", "ad_id": "6792729", "ad_data": {"Make/Model": "Honda Z 50 mini trail '67", "Classified number": "6792729", "Price": "€1.900", "Category": "Bike - Mini..Moto", "Registration": "1 / 1967", "Mileage": "1 km", "Fuel type": "Gasoline", "Cubic capacity": "50 cc", "Power": "9 bhp", "Color": "Blue (Metallic)", "Kteo to": "02 / 2016", "Liters/100km": "1 (Εντός)/1 (Εκτός)/1 (Μικτό)", "Modified": "14 hours", "Times clicked": "1562", "Short link": "www.car.gr/6792729", "Telephone": "+30 2105780125"}, "ad_seller": {"Dealer": "motomechanica", "Address": "Λ.ΑΝΔΡΕΑΠΑΠΑΝΔΡΕΟΥ286", "City": "ΙΛΙΟΝ", "": "+30 6944457715", "Dealer page": "https//motomechanica.car.gr/"}, "metadata": {"type": "Bikes", "brand": "Honda", "model": "Z 50"}, "extras": [], "description": "Αντικα κλασικο,συλλεκτικο απο τα λιγα στην ελλαδα.Μπορει να κυκλοφορήσει κανονικα εχει αδεια... - ΑΝΑΛΑΜΒΑΝΟΥΜΕ ΜΕ ΕΞΟΥΣΙΟΔΟΤΗΣΗ ΤΗΝ ΠΛΗΡΗ ΕΠΙΣΚΕΥΗ - ΤΗΣ ΤΡΑΚΑΡΙΣΜΕΝΗΣ ΜΟΤΟΣΥΚΛΕΤΑΣ Η SCOOTER ΣΑΣ - ΑΝ ΕΧΕΙ ΛΑΒΕΙ ΑΠΟΔΟΧΗ ΖΗΜΙΑΣ - ΑΠΟ ΤΗΝ ΑΣΦΑΛΙΣΤΙΚΗ ΕΤΑΙΡΕΙΑ ΠΟΥ ΕΥΘΥΝΕΤΑΙ.... - Less - "}