{"query": {"url": "https://www.car.gr/6743400-suzuki-gsx-r-1300-hayabusa", "type": "CAR_ADDE", "trial_count": 1, "last_processed": 1553097513}, "title": "Suzuki GSX-R 1300 Hayabusa  '06", "ad_id": "6743400", "ad_data": {"Make/Model": "Suzuki GSX-R 1300 Hayabusa '06", "Classified number": "6743400", "Price": "€3.000", "Category": "Bike - Sport Touring", "Registration": "9 / 2006", "Mileage": "49,000 km", "Fuel type": "Gasoline", "Cubic capacity": "1,300 cc", "Power": "175 bhp", "Color": "Blue", "Kteo to": "02 / 2015", "Modified": "8 days", "Times clicked": "6426", "Short link": "www.car.gr/6743400", "Telephone": "None"}, "ad_seller": {"Name": "Γιάννης", "Address": "ΠΑΤΡΑP.ΑΧΑΪΑΣ"}, "metadata": {"type": "Bikes", "brand": "Suzuki", "model": "GSX-R 1300 Hayabusa"}, "extras": ["Alarm", "Car Exchange", "Electric starter", "Exchange with Moto accepted", "Four-stroke engine", "Gelatin", "Sidestand"], "description": "Εισαγωγής πωλείται σε άψογη κατάσταση με πολύ προσεγμένη οδήγηση. Το μόνο που χρειάζεται είναι μια αλλαγή λαδιών και μια μπαταρία καθώς βρίσκεται στο γκαράζ ακινητοποιημένη.Οι ανταλλαγές που μ'ενδιαφέρουν είναι : - 1) SMART fortwo - 2) KTM SM950/SM990 - 3) Ducatti Hypermotard ή Multistrada - 4) BMW GS1200 - Η τιμή είναι για μετρητά. Σε περίπτωση ανταλλαγής η τιμή αλλάζει. - Less - "}