{"query": {"url": "https://www.car.gr/7151760-honda-z-50-monkey-z-50-bobos", "type": "CAR_ADDE", "trial_count": 1, "last_processed": 1553095241}, "title": "Honda Z 50 MONKEY Z-50 BOBOS '10", "ad_id": "7151760", "ad_data": {"Make/Model": "Honda Z 50 MONKEY Z-50 BOBOS '10", "Classified number": "7151760", "Price": "€2.000", "Category": "Bike - Moped", "Registration": "1 / 2010", "Mileage": "1,000 km", "Fuel type": "Gasoline", "Cubic capacity": "50 cc", "Power": "3 bhp", "Color": "Black (Metallic)", "Modified": "2 days", "Times clicked": "17249", "Short link": "www.car.gr/7151760", "Telephone": "+30 2284028219"}, "ad_seller": {"Dealer": "Super Moto Sifneos  MODIFYING GARAGE", "Address": "Παροικία", "City": "ΠΑΡΟΣ", "": "+30 2284028219", "Fax": "+30 2284027388", "Dealer page": "https//supermoto.car.gr/", "Website": "http//www.supermoto-s.gr/", "Open hours": "Ωράριο Λειτουργίας ΔΕΥΤΕΡΑ – ΠΑΡΑΣΚΕΥΗ 11.00 me 19.00"}, "metadata": {"type": "Bikes", "brand": "Honda", "model": "Z 50"}, "extras": [], "description": "katopin paragkelias - Less - "}