{"query": {"url": "https://www.car.gr/21333937-peugeot-sum-up-125", "type": "CAR_ADDE", "trial_count": 1, "last_processed": 1553098928}, "title": "Peugeot Sum-up 125  '11", "ad_id": "21333937", "ad_data": {"Make/Model": "Peugeot Sum-up 125 '11", "Classified number": "21333937", "Price": "€950", "Category": "Bike - Roller/Scooter", "Registration": "4 / 2011", "Mileage": "7,500 km", "Fuel type": "Gasoline", "Cubic capacity": "125 cc", "Power": "10 bhp", "Color": "Dark blue (Metallic)", "Modified": "12 days", "Times clicked": "57", "Short link": "www.car.gr/21333937", "Telephone": "None"}, "ad_seller": {}, "metadata": {"type": "Bikes", "brand": "Peugeot", "model": "Sum-up 125"}, "extras": [], "description": "ΜΟΝΙΜΑ ΣΕ ΓΚΑΡΑΖ.ΣΑΝ ΚΑΙΝΟΥΡΓΙΟ. - Less - "}