{"query": {"url": "https://www.car.gr/21333932-yamaha-xj6-diversion", "type": "CAR_ADDE", "trial_count": 1, "last_processed": 1553097702}, "title": "Yamaha XJ6 DIVERSION  '11", "ad_id": "21333932", "ad_data": {"Make/Model": "Yamaha XJ6 DIVERSION '11", "Classified number": "21333932", "Price": "€4.000", "Category": "Bike - Super Sport", "Registration": "3 / 2011", "Mileage": "48,000 km", "Fuel type": "Gasoline", "Cubic capacity": "600 cc", "Power": "78 bhp", "Color": "Grey (Metallic)", "Kteo to": "05 / 2019", "Previous owners": "2", "Modified": "9 days", "Times clicked": "218", "Short link": "www.car.gr/21333932", "Telephone": "None"}, "ad_seller": {}, "metadata": {"type": "Bikes", "brand": "Yamaha", "model": "XJ6 DIVERSION"}, "extras": ["Engine Guards", "Exchange with Moto accepted", "Exhaust Special", "Gelatin", "Greek Dealership", "Lights Xenon", "Service Book", "Spoke wheels"], "description": "πωλειται yamaha xj6 σε αριστη κατασταση - το μηχανακι εχει πολλα εξτρα το μονο που χρειαζεται - ειναι λαστιχα!!εχει γινει μεγαλο σερβις στις 40000 - δεν θελει τιποτα οχι ασκοπα τηλεφωνα - πωλειται λογω αλλαγης κατηγοριας - Less - "}