{"query": {"url": "https://www.car.gr/21333985-piaggio-beverly-350-sporttouring", "type": "CAR_ADDE", "trial_count": 1, "last_processed": 1553098927}, "title": "Piaggio Beverly 350 SportTouring  '12", "ad_id": "21333985", "ad_data": {"Make/Model": "Piaggio Beverly 350 SportTouring '12", "Classified number": "21333985", "Price": "€3.400", "Category": "Bike - Roller/Scooter", "Registration": "12 / 2012", "Mileage": "39,850 km", "Fuel type": "Gasoline", "Cubic capacity": "350 cc", "Power": "33 bhp", "Color": "Black (Metallic)", "Kteo to": "05 / 2020", "Modified": "12 days", "Times clicked": "92", "Short link": "www.car.gr/21333985", "Telephone": "None"}, "ad_seller": {}, "metadata": {"type": "Bikes", "brand": "Piaggio", "model": "Beverly 350 SportTouring"}, "extras": ["Automatic", "Centerstand", "Electric starter", "Four-stroke engine", "Gelatin", "Greek Dealership", "Injection", "Kick-Starter", "Lights Xenon", "Sidestand", "Top Box-Μπαγκαζιέρα"], "description": "Σε πολύ καλή κατάσταση μαζί δίνονται και μπαγκαζιερα γνήσια ανεμοθορακας γνήσιος κ καθρέπτες όλα της piaggio - Less - "}