{"query": {"url": "https://www.car.gr/21333990-kawasaki-ninja-zx-6-r-nina-636", "type": "CAR_ADDE", "trial_count": 1, "last_processed": 1553098927}, "title": "Kawasaki Ninja ZX - 6 R Nina 636  '06", "ad_id": "21333990", "ad_data": {"Make/Model": "Kawasaki Ninja ZX - 6 R Nina 636  '06", "Classified number": "21333990", "Price": "€3.300", "Category": "Bike - Street Bike", "Registration": "1 / 2006", "Mileage": "65,635 km", "Fuel type": "Gasoline", "Cubic capacity": "636 cc", "Power": "150 bhp", "Color": "Black (Metallic)", "Liters/100km": "1 (Εντός)/48 (Εκτός)/50 (Μικτό)", "Modified": "12 days", "Times clicked": "183", "Short link": "www.car.gr/21333990", "Telephone": "None"}, "ad_seller": {}, "metadata": {"type": "Bikes", "brand": "Kawasaki", "model": "Ninja ZX - 6 R"}, "extras": ["Car Exchange", "Electric starter", "Four-stroke engine", "Gelatin", "Lights Xenon"], "description": "Pwleite se aristh katastash ...xenon fwta,remus eksatmish,programa,kainourgia frena,granazoalisides,genika ola kainourgia epanw aplos pwleite logo epaggelmatikon ergasion!! - Less - "}