{"query": {"url": "https://www.car.gr/4624329-zongshen-z", "type": "CAR_ADDE", "trial_count": 1, "last_processed": 1553096978}, "title": "Zongshen Z  '09", "ad_id": "4624329", "ad_data": {"Make/Model": "Zongshen Z '09", "Classified number": "4624329", "Price": "€900", "Category": "Bike - Chopper", "Registration": "9 / 2009", "Mileage": "20,000 km", "Fuel type": "Gasoline", "Cubic capacity": "125 cc", "Power": "12 bhp", "Color": "Dark Green", "Modified": "7 days", "Times clicked": "10233", "Short link": "www.car.gr/4624329", "Telephone": "+30 2821099405"}, "ad_seller": {"Dealer": "CHANIA MOTORCYCLES", "Address": "ΝΙΚΟΛΑΟΥΠΛΑΣΤΗΡΑ4", "City": "ΧΑΝΙΑ", "": "+30 6980127373", "Fax": "+30 6996312247", "Dealer page": "https//stavroulakis-cars.car.gr/"}, "metadata": {"type": "Bikes", "brand": "Zongshen", "model": "Z"}, "extras": ["Car Exchange", "Electric starter", "Exchange with Moto accepted", "Four-stroke engine", "Kick-Starter", "Service Book", "Top Box-Μπαγκαζιέρα"], "description": "πολυ καλη κατασταση αγορασμενο καινουργιο πρωτο χερι - Less - "}