{"query": {"url": "https://www.car.gr/21334086-bmw-r-1100-r-s", "type": "CAR_ADDE", "trial_count": 1, "last_processed": 1553098926}, "title": "Bmw R 1100 R S  '04", "ad_id": "21334086", "ad_data": {"Make/Model": "Bmw R 1100 R S '04", "Classified number": "21334086", "Price": "€3.500", "Category": "Bike - Sport Touring", "Registration": "1 / 2004", "Mileage": "63,000 km", "Fuel type": "Gasoline", "Cubic capacity": "1,100 cc", "Power": "8 bhp", "Color": "Black", "Kteo to": "01 / 2019", "Previous owners": "1", "Modified": "12 days", "Times clicked": "160", "Short link": "www.car.gr/21334086", "Telephone": "None"}, "ad_seller": {}, "metadata": {"type": "Bikes", "brand": "Bmw", "model": "R 1100 R S"}, "extras": ["ABS", "Electric starter", "Heated Handguards", "Sidestand"], "description": "Σε αριστη κατασταση δευτερο χερι ατρακαριστο πωλειται μαζι με τις αυθεντικες βαλιτσες δεκτος καθε ελεγχος - Less - "}