{"query": {"url": "https://www.car.gr/21334008-piaggio-vespa-lx-50-lx50", "type": "CAR_ADDE", "trial_count": 1, "last_processed": 1553098926}, "title": "Piaggio Vespa LX 50 LX50 '11", "ad_id": "21334008", "ad_data": {"Make/Model": "Piaggio Vespa LX 50 LX50 '11", "Classified number": "21334008", "Price": "€1.800", "Category": "Bike - Roller/Scooter", "Registration": "1 / 2011", "Mileage": "47,000 km", "Fuel type": "Gasoline", "Cubic capacity": "49 cc", "Power": "4 bhp", "Color": "Blue", "Modified": "12 days", "Times clicked": "66", "Short link": "www.car.gr/21334008", "Telephone": "None"}, "ad_seller": {"Name": "ΔΗΜΗΤΡΗΣ", "Address": "ΚΕΡΑΤΕΑP.ΑΤΤΙΚΗΣ"}, "metadata": {"type": "Bikes", "brand": "Piaggio", "model": "Vespa LX 50"}, "extras": ["Antique-Classic", "Automatic", "Car Exchange", "Cast wheels", "Catalyst", "Centerstand", "Electric starter", "Exchange with Moto accepted", "Four-stroke engine", "Greek Dealership", "Καρμπυρατέρ"], "description": ""}