{"query": {"url": "https://www.car.gr/21334096-harley-davidson-xl-883-standard-sportster-883", "type": "CAR_ADDE", "trial_count": 1, "last_processed": 1553095442}, "title": "Harley Davidson XL 883 Standard SPORTSTER 883 '93", "ad_id": "21334096", "ad_data": {"Make/Model": "Harley Davidson XL 883 Standard SPORTSTER 883 '93", "Classified number": "21334096", "Price": "€4.500", "Category": "Bike - Chopper", "Registration": "1 / 1993", "Mileage": "20,000 km", "Fuel type": "Gasoline", "Cubic capacity": "883 cc", "Power": "50 bhp", "Color": "Black", "Kteo to": "01 / 2018", "Previous owners": "1", "Modified": "2 days", "Times clicked": "586", "Short link": "www.car.gr/21334096", "Telephone": "None"}, "ad_seller": {"Name": "ΓΙΑΝΝΣΜΠΑΜΠΑΝΙΚΟΣ", "Address": "ΠΑΤΡΑP.ΑΧΑΪΑΣ"}, "metadata": {"type": "Bikes", "brand": "Harley Davidson", "model": "XL 883 Standard"}, "extras": [], "description": "Πωλείτε Harley Davidson Sportster 883 σε άριστη κατάσταση, - Η μηχανή έχει μετατραπεί με custom αναβάθμισεις από την stock εκδοχή του. - Την έχω κρατήσει στην πένα όπως αρμόζει σε μηχανές αυτού του είδους. - Μαζί με την μηχανή πενρνεις ένα σωρό εξαρτήματα όπως τιμόνια, ντεπόζιτο, εξάτμιση, φίλτρο αέρα και πολλα αλλά. - Χαριζο επίσης και αυθεντική μπότα Harley Davidson νούμερο 46. - Η μηχανή πωλητές διότι λείπω στο εξωτερικό τα τελευταία 4 χρόνια και δυστυχώς δεν μπορώ να την χρησιμοποιήσω. Έχει φυλαχτει σε γκαράζ όλον αυτό το καιρό και έχει κάνει τις τακτικές βόλτες για να εξασφαλίσει τα επίπεδα της μπαταρίας ανέπαφα. Τελευταίο σέρβις έγινε το καλοκαίρι του 18' σε επισιμη αντιπροσωπεία της Harley. - Δεκτός κάθε έλεγχος, η τιμή είναι πάντα συζήτηση αλλά θα δεχτώ μόνο σοβαρές προτάσεις. - Less - "}