{"query": {"url": "https://www.car.gr/21334089-piaggio-beverly-500-cruiser-cruiser", "type": "CAR_ADDE", "trial_count": 1, "last_processed": 1553095072}, "title": "Piaggio Beverly 500 Cruiser Cruiser '10", "ad_id": "21334089", "ad_data": {"Make/Model": "Piaggio Beverly 500 Cruiser Cruiser '10", "Classified number": "21334089", "Price": "€2.800", "Category": "Bike - Roller/Scooter", "Registration": "4 / 2010", "Mileage": "49,000 km", "Fuel type": "Gasoline", "Cubic capacity": "500 cc", "Power": "45 bhp", "Color": "Black (Metallic)", "Kteo to": "03 / 2022", "Previous owners": "1", "Modified": "2 days", "Times clicked": "148", "Short link": "www.car.gr/21334089", "Telephone": "None"}, "ad_seller": {}, "metadata": {"type": "Bikes", "brand": "Piaggio", "model": "Beverly 500 Cruiser"}, "extras": ["ABS", "Automatic", "Cargo Rack", "Centerstand", "Exchange with Moto accepted", "Gelatin", "Greek Dealership", "Injection", "Kick-Starter", "Led lights", "Lights Xenon", "Service Book", "Sidestand", "Skid Plate"], "description": "Σε άριστη κατάσταση...εχει abs,φρένα brembo,καλα λάστιχα απο service λάδια φίλτρο μπουζι τακάκια. - Μαζι δίνετε:piaggio μπαγκαζιέρα,piaggio παρμπρίζ (δευτερο) - Πληρωμένα τέλη 2019!!! - Ανταλλαγή με tdm900 - Περισσότερα στο τηλ. - Less - "}