{"query": {"url": "https://www.car.gr/7112789-bmw-f-650-gs", "type": "CAR_ADDE", "trial_count": 1, "last_processed": 1553105004}, "title": "Bmw F 650 GS ΑΝΤΑΛΛΑΚΤΙΚΑ '04", "ad_id": "7112789", "ad_data": {"Make/Model": "Bmw F 650 GS ΑΝΤΑΛΛΑΚΤΙΚΑ '04", "Classified number": "7112789", "Price": "Askforprice", "Category": "Bike - On/Off", "Registration": "1 / 2004", "Mileage": "1 km", "Fuel type": "Gasoline", "Cubic capacity": "650 cc", "Power": "3 bhp", "Color": "Light Blue", "Modified": "21 hours", "Times clicked": "2268", "Short link": "www.car.gr/7112789", "Telephone": "+30 2106666622"}, "ad_seller": {"Dealer": "MOTOPARTS 22", "Address": "ΑγίουΑθανασίου13", "City": "ΠΑΛΛΗΝΗ", "": "+30 2105225601", "Fax": "+30 2106001817", "Dealer page": "https//motoparts22.car.gr/", "Website": "http//www.motoparts22.com", "Open hours": "Δευτέρα-Παρασκευή 0830-1700\nΣ/Κ κλειστά"}, "metadata": {"type": "Bikes", "brand": "Bmw", "model": "F 650 GS"}, "extras": [], "description": "Πωλούνται ΑΝΤΑΛΛΑΚΤΙΚΑ από την εικονιζόμενη μοτοσυκλέτα - Less - "}