{"query": {"url": "https://www.car.gr/6728703-gilera-runner-125-st-runner-125", "type": "CAR_ADDE", "trial_count": 1, "last_processed": 1553095131}, "title": "Gilera Runner 125 ST RUNNER 125 '13", "ad_id": "6728703", "ad_data": {"Make/Model": "Gilera Runner 125 ST RUNNER 125 '13", "Classified number": "6728703", "Price": "€2.800", "Category": "Bike - Roller/Scooter", "Registration": "7 / 2013", "Fuel type": "Gasoline", "Cubic capacity": "125 cc", "Power": "16 bhp", "Color": "Grey", "Modified": "2 days", "Times clicked": "9688", "Short link": "www.car.gr/6728703", "Telephone": "+30 2541024600"}, "ad_seller": {"Dealer": "ΑΜΑΝΑΤΙΑΔΗΣ Μ. -ΚΥΡΙΑΖΙΔΗΣ Ι.  Ο.Ε", "Address": "Δημοκρίτου9&Νεστου1-Ξανθη", "City": "ΞΑΝΘΗ", "": "+30 2541024600", "Fax": "+30 2541067330", "Dealer page": "https//amanatiadis.car.gr/"}, "metadata": {"type": "Bikes", "brand": "Gilera", "model": "Runner 125 ST"}, "extras": [], "description": " Το μηχανάκι ειναι καινούριο (κουτα) ειναι σε προσφορά δεκτη ανταλλαγή - 1)Δεκτη ανταλλαγη με μοτο - Less - "}