{"query": {"url": "https://www.car.gr/7146014-suzuki-gz-250-marauder", "type": "CAR_ADDE", "trial_count": 1, "last_processed": 1553096922}, "title": "Suzuki GZ 250 Marauder  '05", "ad_id": "7146014", "ad_data": {"Make/Model": "Suzuki GZ 250 Marauder '05", "Classified number": "7146014", "Price": "€2.000", "Category": "Bike - Custom", "Registration": "1 / 2005", "Mileage": "31,000 km", "Fuel type": "Gasoline", "Cubic capacity": "250 cc", "Power": "15 bhp", "Color": "Other", "Previous owners": "7", "Modified": "7 days", "Times clicked": "216", "Short link": "www.car.gr/7146014", "Telephone": "+30 2105617620"}, "ad_seller": {"Dealer": "MOTO NOMIKOS", "Address": "ΓΡ.ΛΑΜΠΡΑΚΗ94", "City": "ΚΟΡΥΔΑΛΛΟΣ", "": "+30 2105617732", "Fax": "+30 2105620902", "Dealer page": "https//motonomikos.car.gr/", "Website": "https//motonomikos.gr", "Open hours": "Δευτέρα - Παρασκευή 0830 - 2000\nΣάββατο 0800 - 1600\nΚυριακή κλειστά"}, "metadata": {"type": "Bikes", "brand": "Suzuki", "model": "GZ 250 Marauder"}, "extras": ["Four-stroke engine"], "description": "ΡΩΤΗΣΤΕ ΓΙΑ ΠΕΡΙΣΣΟΤΕΡΑ - Less - "}