{"query": {"url": "https://www.car.gr/5090409-honda-xl-125r", "type": "CAR_ADDE", "trial_count": 1, "last_processed": 1553105028}, "title": "Honda  XL 125R '80", "ad_id": "5090409", "ad_data": {"Make/Model": "Honda XL 125R '80", "Classified number": "5090409", "Price": "€1", "Category": "Bike - On/Off", "Registration": "1 / 1980", "Mileage": "20,000 km", "Fuel type": "Gasoline", "Cubic capacity": "125 cc", "Power": "15 bhp", "Color": "Red", "Modified": "1 day", "Times clicked": "7329", "Short link": "www.car.gr/5090409", "Telephone": "+30 2254022746"}, "ad_seller": {"Dealer": "ΚΛΗΡΟΝΟΜΟΣ ΚΩΝ/ΝΟΣ", "Address": "ΜΥΡΙΝΑΛΗΜΝΟΥ", "City": "ΜΥΡΙΝΑ", "": "+30 2254024085", "Fax": "+30 2254025007", "Dealer page": "https//klironomos.car.gr/"}, "metadata": {"type": "Bikes", "brand": "Honda", "model": "Honda  XL 125R '80 - € 1 EUR"}, "extras": [], "description": ""}