{"query": {"url": "https://www.car.gr/21507578-aprilia-leonardo-150", "type": "CAR_ADDE", "trial_count": 1, "last_processed": 1553094773}, "title": "Aprilia Leonardo 150  '05", "ad_id": "21507578", "ad_data": {"Make/Model": "Aprilia Leonardo 150 '05", "Classified number": "21507578", "Price": "€850", "Category": "Bike - Roller/Scooter", "Registration": "1 / 2005", "Mileage": "16,650 km", "Fuel type": "Gasoline", "Cubic capacity": "150 cc", "Power": "13 bhp", "Color": "Dark blue (Metallic)", "Kteo to": "04 / 2020", "Previous owners": "1", "Modified": "1 day", "Times clicked": "23", "Short link": "www.car.gr/21507578", "Telephone": "None"}, "ad_seller": {}, "metadata": {"type": "Bikes", "brand": "Aprilia", "model": "Leonardo 150"}, "extras": ["Automatic", "Centerstand", "Electric starter", "Exhaust Special", "Four-stroke engine", "Gelatin", "Greek Dealership", "Sidestand", "Top Box-Μπαγκαζιέρα"], "description": "Το μηχανακι ειναι σε υπερ αριστη κατασταση με ολα του τα λειτουργικα του σημεια να δουλευουν αψογα. Φοοραει εξατμιση και μαζι δινω και την μανισια του. Και φυγικα ειναι πολυ οικονομικο απο θεμα βενζινασ. ΚΤΕΟ μεχρι το 2020 περασμενο. - Less - "}