{"query": {"url": "https://www.car.gr/21507504-triumph-tiger-sport", "type": "CAR_ADDE", "trial_count": 1, "last_processed": 1553094779}, "title": "Triumph Tiger Sport  '13", "ad_id": "21507504", "ad_data": {"Make/Model": "Triumph Tiger Sport '13", "Classified number": "21507504", "Price": "€8.000", "Category": "Bike - Sport Touring", "Registration": "7 / 2013", "Mileage": "41,500 km", "Fuel type": "Gasoline", "Cubic capacity": "1,050 cc", "Power": "135 bhp", "Color": "White (Metallic)", "Kteo to": "07 / 2019", "Liters/100km": "7 (Εντός)/6 (Εκτός)", "Previous owners": "1", "Modified": "1 day", "Times clicked": "48", "Short link": "www.car.gr/21507504", "Telephone": "None"}, "ad_seller": {}, "metadata": {"type": "Bikes", "brand": "Triumph", "model": "Tiger Sport"}, "extras": ["ABS", "Centerstand", "Engine Guards", "Exhaust Special", "Gelatin", "Service Book", "Trip computer"], "description": "Τι μηχανάκι φοράει πολλά έξτρα κ είναι σε υπεραριστη κατάσταση, φυλάσσεται πάντα σε κλειστό γκαράζ, δεκτός έλεγχος,δεν ενδιαφέρομαι για ανταλλαγή. - Less - "}