{"query": {"url": "https://www.car.gr/21507539-gilera-runner-125-vx", "type": "CAR_ADDE", "trial_count": 1, "last_processed": 1553094778}, "title": "Gilera Runner 125 VX  '04", "ad_id": "21507539", "ad_data": {"Make/Model": "Gilera Runner 125 VX '04", "Classified number": "21507539", "Price": "€750", "Category": "Bike - Roller/Scooter", "Registration": "1 / 2004", "Mileage": "46,000 km", "Fuel type": "Gasoline", "Cubic capacity": "125 cc", "Power": "12 bhp", "Color": "Orange", "Kteo to": "06 / 2020", "Modified": "1 day", "Times clicked": "40", "Short link": "www.car.gr/21507539", "Telephone": "None"}, "ad_seller": {}, "metadata": {"type": "Bikes", "brand": "Gilera", "model": "Runner 125 VX"}, "extras": [], "description": "το moto ειναι σε αριστη κατασταση - Less - "}