{"query": {"url": "https://www.car.gr/21507551-honda-nc-750-dct", "type": "CAR_ADDE", "trial_count": 1, "last_processed": 1553094777}, "title": "Honda NC 750 DCT ΑΥΤΌΜΑΤΟ ΚΙΒΏΤΙΟ ΤΑΧΥΤΉΤΩΝ '17", "ad_id": "21507551", "ad_data": {"Make/Model": "Honda NC 750 DCT ΑΥΤΌΜΑΤΟ ΚΙΒΏΤΙΟ ΤΑΧΥΤΉΤΩΝ '17", "Classified number": "21507551", "Price": "€7.400", "Category": "Bike - On/Off", "Registration": "3 / 2017", "Mileage": "19,000 km", "Fuel type": "Gasoline", "Cubic capacity": "750 cc", "Power": "60 bhp", "Color": "White (Metallic)", "Liters/100km": "4 (Εντός)", "Modified": "1 day", "Times clicked": "47", "Short link": "www.car.gr/21507551", "Telephone": "None"}, "ad_seller": {}, "metadata": {"type": "Bikes", "brand": "Honda", "model": "NC 750"}, "extras": ["ABS", "Automatic", "Gelatin", "Greek Dealership", "Injection", "Led lights", "Service Book", "Top Box-Μπαγκαζιέρα"], "description": "Σε κατάσταση βιτρίνας με έξτρα βαλίτσα GIVI ανεμοθωρακα GIVI και χούφτες ACERBIS.. Βιβλίο σέρβις και πάντα φυλασσόμενο σε γκαράζ. - Αυτόματο κιβώτιο ταχυτήτων. - Less - "}