{"query": {"url": "https://www.car.gr/21507570-honda-cbr-600rr", "type": "CAR_ADDE", "trial_count": 1, "last_processed": 1553094773}, "title": "Honda CBR 600RR  '04", "ad_id": "21507570", "ad_data": {"Make/Model": "Honda CBR 600RR '04", "Classified number": "21507570", "Price": "€3.950", "Category": "Bike - Super Sport", "Registration": "5 / 2004", "Mileage": "36,400 km", "Fuel type": "Gasoline", "Cubic capacity": "600 cc", "Power": "130 bhp", "Color": "Red (Metallic)", "Kteo to": "10 / 2019", "Modified": "59 minutes", "Times clicked": "40", "Short link": "www.car.gr/21507570", "Telephone": "None"}, "ad_seller": {}, "metadata": {"type": "Bikes", "brand": "Honda", "model": "CBR 600RR"}, "extras": [], "description": "Μαργαρίτες δισκόφρενα,μανέτα τρόμπα φρένου, μαρκούτσια φρένου υψηλής πίεσης,χταπόδι εξάτμιση και τελικό, σταμπιλιζατέρ στο τιμόνι, εγκέφαλος, ανθρακονήματα - Less - "}