{"query": {"url": "https://www.car.gr/21507553-suzuki-sv-650-s", "type": "CAR_ADDE", "trial_count": 1, "last_processed": 1553094776}, "title": "Suzuki SV 650 S  '03", "ad_id": "21507553", "ad_data": {"Make/Model": "Suzuki SV 650 S '03", "Classified number": "21507553", "Price": "€2.500", "Category": "Bike - Sport Touring", "Registration": "8 / 2003", "Mileage": "40,500 km", "Fuel type": "Gasoline", "Cubic capacity": "648 cc", "Power": "75 bhp", "Color": "Silver (Metallic)", "Kteo to": "02 / 2020", "Liters/100km": "5.9 (Εντός)/5.7 (Εκτός)/5.8 (Μικτό)", "Modified": "1 day", "Times clicked": "197", "Short link": "www.car.gr/21507553", "Telephone": "None"}, "ad_seller": {}, "metadata": {"type": "Bikes", "brand": "Suzuki", "model": "SV 650 S"}, "extras": ["Cargo Rack", "Catalyst", "Exhaust Special", "Greek Dealership", "Injection", "Led lights", "Service Book", "Sidestand", "Top Box-Μπαγκαζιέρα", "Trip computer"], "description": "Σε υπέρ άριστη κατάσταση - Πηρούνι από gsxr 1000 2006 με clip on - Εξάτμιση από gsxr 1000 2006 titanium - Σωληνάκια υψηλής πίσω και εμπρός - Ελαστικά 3 μηνών με 1000χλμ - Φώτα led εμπρός και πίσω - Σέρβις λάδια, φίλτρο λαδιού, λάδια πιρουνιού, τακάκια πίσω εμπρός, υγρά φρένων και ελαστικά πριν 3 μήνες - Μαζί δίνεται σχάρα και βαλίτσα 53l. και κλειδαριά - Η μετατροπή έγινε σε συμβεβλημένο συνεργείο - Ενημερωμένο βιβλίο σέρβις - Ένα πραγματικά άψογο μηχανακι για αυτούς που ξέρουν!! περισσότερες πληροφορίες στο τηλέφωνο - Less - "}