{"query": {"url": "https://www.car.gr/21507576-ducati-monster-695", "type": "CAR_ADDE", "trial_count": 1, "last_processed": 1553094773}, "title": "Ducati Monster 695  '07", "ad_id": "21507576", "ad_data": {"Make/Model": "Ducati Monster 695 '07", "Classified number": "21507576", "Price": "€3.300", "Category": "Bike - Naked", "Registration": "6 / 2007", "Mileage": "35,000 km", "Fuel type": "Gasoline", "Cubic capacity": "695 cc", "Power": "70 bhp", "Color": "Black", "Liters/100km": "5 (Εντός)/5 (Εκτός)/5 (Μικτό)", "Previous owners": "1", "Modified": "1 day", "Times clicked": "82", "Short link": "www.car.gr/21507576", "Telephone": "None"}, "ad_seller": {}, "metadata": {"type": "Bikes", "brand": "Ducati", "model": "Monster 695"}, "extras": [], "description": "Πωλείται λόγω αλλαγής κατηγορίας μη συζητήσιμη τιμή - Less - "}