{"query": {"url": "https://www.car.gr/6719190-bmw-f-650-gs", "type": "CAR_ADDE", "trial_count": 1, "last_processed": 1553102485}, "title": "Bmw F 650 GS  '10", "ad_id": "6719190", "ad_data": {"Make/Model": "Bmw F 650 GS '10", "Classified number": "6719190", "Price": "€5.900", "Category": "Bike - On/Off", "Registration": "1 / 2010", "Mileage": "18,800 km", "Fuel type": "Gasoline", "Cubic capacity": "800 cc", "Power": "70 bhp", "Color": "Grey", "Modified": "30 days", "Times clicked": "9076", "Short link": "www.car.gr/6719190", "Telephone": "+30 2531033683"}, "ad_seller": {"Dealer": "AUTO-MOTO ELLI ΜΑΛΑΜΙΔΗΣ ΑΘΑΝΑΣΙΟΣ", "Address": "1oχιλκομοτηνήςκοσμίου", "City": "ΚΟΜΟΤΗΝΗ", "": "+30 2531033683", "Fax": "+30 2531022269", "Dealer page": "https//motoelli-malamidis.car.gr/", "Website": "http//www.malamidis.gr", "Open hours": "ΔΕΥΤΕΡΑ - ΣΑΒΒΑΤΟ 9 ΜΕ 3 \nΤΡΙΤΗ - ΠΕΜΠΤΗ 5-8"}, "metadata": {"type": "Bikes", "brand": "Bmw", "model": "F 650 GS"}, "extras": ["ABS", "Gelatin", "Service Book"], "description": "-ΑΨΟΓΗ, ΣΕ ΑΡΙΣΤΗ ΚΑΤΑΣΤΑΣΗ -FULL EXTRA ΕΞΟΠΛΙΣΜΟΣ -ΑΠΟ SERVICE -ΙΣΧΥΟΥΝ ΧΡΗΜΑΤΟΔΟΤΗΣΗ ΚΑΙ ΑΝΤΑΛΛΑΓΗ -ΔΕΚΤΟΣ ΚΑΘΕ ΕΛΕΓΧΟΣ ΚΑΙ ΔΥΝΑΤΟΤΗΤΑ TEST DRIVE!!! - ΟΙ ΠΛΑΙΝΕς ΒΑΣΕΙΣ ΜΠΑΓΑΖΙΕΡΑΣ ΚΑΙ ΟΙ ΒΑΛΙΤΣΕΣ ΚΟΣΤΙΖΟΥΝ ΕΠΙΠΛΕΟΥΝ 350 ΕΥΡΩ. - Less - "}