{"query": {"url": "https://www.car.gr/8714076-piaggio-fly-100-4t", "type": "CAR_ADDE", "trial_count": 1, "last_processed": 1553104780}, "title": "Piaggio Fly 100 4T '12", "ad_id": "8714076", "ad_data": {"Make/Model": "Piaggio Fly 100 4T '12", "Classified number": "8714076", "Price": "€1.100", "Category": "Bike - Roller/Scooter", "Registration": "10 / 2012", "Mileage": "12,500 km", "Fuel type": "Gasoline", "Cubic capacity": "100 cc", "Power": "10 bhp", "Color": "Red", "Modified": "over 2 months", "Times clicked": "2936", "Short link": "www.car.gr/8714076", "Telephone": "+30 2109417160"}, "ad_seller": {"Dealer": "autopanagopoulos", "Address": "ΛεωφόροςΕλευθερίας37", "City": "ΑΛΙΜΟΣ", "": "+30 2109417160", "Fax": "+30 2109417144", "Dealer page": "https//auto-panagopoulos.car.gr/"}, "metadata": {"type": "Bikes", "brand": "Piaggio", "model": "Fly 100"}, "extras": ["Automatic", "Car Exchange", "Electric starter", "Exchange with Moto accepted", "Four-stroke engine"], "description": ""}