{"query": {"url": "https://www.car.gr/21333619-bmw-f-650-gs-f-650-gs-abs", "type": "CAR_ADDE", "trial_count": 1, "last_processed": 1553093306}, "title": "Bmw F 650 GS F 650 GS ABS '02", "ad_id": "21333619", "ad_data": {"Make/Model": "Bmw F 650 GS F 650 GS ABS '02", "Classified number": "21333619", "Price": "€2.450", "Category": "Bike - On/Off", "Registration": "3 / 2002", "Mileage": "43,000 km", "Fuel type": "Gasoline", "Cubic capacity": "649 cc", "Power": "52 bhp", "Color": "Dark blue", "Kteo to": "04 / 2019", "Previous owners": "1", "Modified": "6 hours", "Times clicked": "346", "Short link": "www.car.gr/21333619", "Telephone": "+30 6957778004"}, "ad_seller": {"Dealer": "MYCARSMOTORS ΙΚΕ", "Address": "ΑΚΤΗΜΙΑΟΥΛΗ99", "City": "ΠΕΙΡΑΙΑΣ", "": "+30 6957778004", "Dealer page": "https//mycarsmotors.car.gr/"}, "metadata": {"type": "Bikes", "brand": "Bmw", "model": "F 650 GS"}, "extras": ["ABS", "Alarm", "Cargo Rack", "Centerstand", "Electric starter", "Four-stroke engine", "Gelatin", "Greek Dealership", "Injection", "Service Book", "Sidestand", "Skid Plate", "Top Box-Μπαγκαζιέρα", "Trip computer"], "description": " !!! ΜΟΝΑΔΙΚΗ ΜΕ ΤΟΣΑ ΛΙΓΑ ΧΙΛΙΟΜΕΤΡΑ !!! - !!! ΠΡΟΣΦΟΡΑ ΜΕΧΡΙ ΤΟ ΤΕΛΟΣ ΤΟΥ ΜΗΝΑ !!! - ΠΡΟΣΕΓΜΕΝΗ, ΣΕ ΠΟΛΥ ΚΑΛΗ ΚΑΤΑΣΤΑΣΗ ! - ΜΟΝΙΜΑ ΣΕ ΓΚΑΡΑΖ, ΜΗΧΑΝΗ ΔΕΥΤΕΡΗ ΓΙΑ ΕΚΤΟΣ ΠΟΛΗΣ ΧΡΗΣΗ. - ΣΕΡΒΙΣ ΠΡΟΣ 6 ΜΗΝΟΥ, ΛΑΣΤΙΧΑ ΕΤΟΥΣ, ΚΑΙ ΜΠΑΤΑΡΙΑ ΚΑΙΝΟΥΡΓΙΑ ΠΡΟ 1 ΜΗΝΑ ! - ΤΑ ΕΞΤΡΑ ΤΗΣ ΜΗΧΑΝΗΣ ΕΙΝΑΙ , - ΖΕΛΑΤΙΝΑ ΣΠΟΡ-ΣΚΟΥΡΗ (ΦΙΜΕ). - ΜΠΑΚΑΖΙΕΡΑ ΠΟΛΛΩΝ ΛΙΤΡΩΝ ΜΕ ΕΞΤΡΑ ΜΑΞΙΛΑΡΙ ΣΥΝΕΠΙΒΑΤΗ ΚΑΙ ΣΧΑΡΑ ΓΙΑ ΠΕΡΙΣΣΟΤΕΡΟ ΑΠΟΘΗΚΕΥΤΙΚΟ ΧΩΡΟ. - LED ΦΛΑΣ - ΣΥΝΑΓΕΡΜΟΣ. - ΜΟΝΟ ΣΟΒΑΡΕΣ ΠΡΟΤΑΣΕΙΣ, ΧΩΡΙΣ ΑΝΤΑΛΛΑΓΕΣ ΑΥΤΗ Η ΤΙΜΗ , ΚΑΙ ΓΙΑ ΛΙΓΕΣ ΜΕΡΕΣ ΜΟΝΟ . - ΣΗΜΑ ΤΟΥ 2019 ΠΛΗΡΩΜΕΝΟ. - Less - "}