{"query": {"url": "https://www.car.gr/21333680-honda-nv-400-custom", "type": "CAR_ADDE", "trial_count": 1, "last_processed": 1553098930}, "title": "Honda  NV 400 CUSTOM '92", "ad_id": "21333680", "ad_data": {"Make/Model": "Honda NV 400 CUSTOM '92", "Classified number": "21333680", "Price": "€1.100", "Category": "Bike - Custom", "Registration": "3 / 1992", "Mileage": "124,000 km", "Fuel type": "Gasoline", "Cubic capacity": "400 cc", "Power": "5 bhp", "Color": "Dark blue", "Kteo to": "01 / 2020", "Previous owners": "1", "Modified": "12 days", "Times clicked": "138", "Short link": "www.car.gr/21333680", "Telephone": "None"}, "ad_seller": {}, "metadata": {"type": "Bikes", "brand": "Honda", "model": "Honda  NV 400 CUSTOM '92 - € 1.100 EUR (Negotiable)"}, "extras": [], "description": ""}