{"query": {"url": "https://www.car.gr/21333636-piaggio-beverly-350-sporttouring-beverly-350-abs-asr", "type": "CAR_ADDE", "trial_count": 1, "last_processed": 1553098827}, "title": "Piaggio Beverly 350 SportTouring BEVERLY 350 ABS/ASR  '15", "ad_id": "21333636", "ad_data": {"Make/Model": "Piaggio Beverly 350 SportTouring BEVERLY 350 ABS/ASR  '15", "Classified number": "21333636", "Price": "€3.800", "Category": "Bike - Roller/Scooter", "Registration": "5 / 2015", "Mileage": "26,500 km", "Fuel type": "Gasoline", "Cubic capacity": "350 cc", "Power": "30 bhp", "Color": "White (Metallic)", "Kteo to": "05 / 2019", "Modified": "12 days", "Times clicked": "263", "Short link": "www.car.gr/21333636", "Telephone": "None"}, "ad_seller": {"Name": "ΒΑΣΙΛΗΣ", "Address": "ΗΛΙΟΥΠΟΛΗP.ΑΤΤΙΚΗΣ"}, "metadata": {"type": "Bikes", "brand": "Piaggio", "model": "Beverly 350 SportTouring"}, "extras": ["ABS", "Alarm", "Automatic", "Centerstand", "Electric starter", "Exchange with Moto accepted", "Gelatin", "Injection", "Service Book", "Sidestand", "TCS-TractionControl", "Top Box-Μπαγκαζιέρα"], "description": "Piaggio Beverly 05/2015 εγγυηση αντιπροσωπιας μεχρι 05/2019 26500km ABS ASR συναγερμος piaggio, λαστιχα Metzeler απο 08/2018, μπαταρια απο 01/2019, full service history στην piaggio, πωλειται λογω αλλαγης κατηγοριας 3800€ τιμη τελικη - Less - "}