{"query": {"url": "https://www.car.gr/6745810-jinlun-jl125t-5b", "type": "CAR_ADDE", "trial_count": 1, "last_processed": 1553102790}, "title": "Jinlun  JL125T-5B '10", "ad_id": "6745810", "ad_data": {"Make/Model": "Jinlun JL125T-5B '10", "Classified number": "6745810", "Price": "€550", "Category": "Bike - Roller/Scooter", "Registration": "3 / 2010", "Mileage": "4,900 km", "Fuel type": "Gasoline", "Cubic capacity": "125 cc", "Power": "10 bhp", "Color": "Red", "Kteo to": "09 / 2017", "Liters/100km": "4.5 (Εντός)/4.5 (Εκτός)/4.5 (Μικτό)", "Modified": "34 days", "Times clicked": "1202", "Short link": "www.car.gr/6745810", "Telephone": "None"}, "ad_seller": {}, "metadata": {"type": "Bikes", "brand": "Jinlun", "model": "Jinlun  JL125T-5B '10 - € 550 EUR (Negotiable)"}, "extras": ["Automatic", "Centerstand", "Electric starter", "Four-stroke engine", "Sidestand"], "description": "Το μηχανάκι είναι αγρατζούνιστο και ατρακάριστο χωρίς βλάβες. Φυλάσσετε σε γκαράζ και δεν έχει υποστεί ζημιές από βροχή και ήλιο. Δεν έχει κάνει πολλά χιλιόμετρα και αυτά μέσα στην πόλη κατά τη διάρκεια των καλοκαιρινών μηνών. Με 8€ - 9€ γέμισμα κάνει περίπου 130-150 χιλιόμετρα. Έγινε αλλαγή λαδιών, μπουζί, φίλτρο βενζίνης στις 19/07/2015. Πωλείται λόγω μη ανάγκης χρήσης πλέον. - Less - "}