{"query": {"url": "https://www.car.gr/6773051-suzuki-rm-z-250", "type": "CAR_ADDE", "trial_count": 1, "last_processed": 1553100021}, "title": "Suzuki RM-Z 250  '16", "ad_id": "6773051", "ad_data": {"Make/Model": "Suzuki RM-Z 250 '16", "Classified number": "6773051", "Price": "€6.250", "Category": "Bike - Motocross", "Registration": "1 / 2016", "Fuel type": "Gasoline", "Cubic capacity": "250 cc", "Power": "43 bhp", "Color": "Yellow", "Modified": "16 days", "Times clicked": "2814", "Short link": "www.car.gr/6773051", "Telephone": "+30 2310988189"}, "ad_seller": {"Dealer": "MOTOACTION", "Address": "ΛεωφόροςΚωνσταντίνουΚαραμανλή49", "City": "ΘΕΣΣΑΛΟΝΙΚΗ", "": "+30 2310988189", "Fax": "+30 2310988189", "Dealer page": "https//motoaction.car.gr/", "Website": "http//www.motoaction.gr", "Open hours": "Δευτέρα-Παρασκευή 0930 - 1900\nΣάββατο 1000 - 1430 (κατόπιν ραντεβού)"}, "metadata": {"type": "Bikes", "brand": "Suzuki", "model": "RM-Z 250"}, "extras": ["Exchange with Moto accepted", "Four-stroke engine", "Kick-Starter"], "description": "ΚΑΙΝΟΥΡΙΟ 2016 MODEL - ΣΤΗΝ ΤΙΜΗ ΣΥΜΠΕΡΙΛΑΜΒΑΝΕΤΑΙ ΦΠΑ ΚΑΙ ΕΚΤΕΛΩΝΙΣΜΟΣ - Less - "}