{"query": {"url": "https://www.car.gr/6739402-honda-supra-x-125-new", "type": "CAR_ADDE", "trial_count": 1, "last_processed": 1553093266}, "title": "Honda  SUPRA-X 125 NEW '18", "ad_id": "6739402", "ad_data": {"Make/Model": "Honda SUPRA-X 125 NEW '18", "Classified number": "6739402", "Price": "€2.780", "Category": "Bike - Underbone", "Registration": "1 / 2018", "Fuel type": "Gasoline", "Cubic capacity": "125 cc", "Power": "10 bhp", "Color": "Black (Metallic)", "Modified": "6 hours", "Times clicked": "10948", "Short link": "www.car.gr/6739402", "Telephone": "+30 2431035045"}, "ad_seller": {"Dealer": "ΣΙΩΚΗΣ Α.Ε.", "Address": "3ΧΙΛ.ΤΡΙΚΑΛΩΝ-ΚΑΛΑΜΠΑΚΑΣΤΡΙΚΑΛΑ", "City": "ΤΡΙΚΑΛΑ", "": "+30 2431074200", "Fax": "+30 2431038164", "Dealer page": "https//siokis.car.gr/"}, "metadata": {"type": "Bikes", "brand": "Honda", "model": "Honda  SUPRA-X 125 NEW '18 - € 2.780 EUR"}, "extras": [], "description": ""}