{"query": {"url": "https://www.car.gr/21334212-piaggio-nexus250", "type": "CAR_ADDE", "trial_count": 1, "last_processed": 1553098923}, "title": "Piaggio  NEXUS250 '08", "ad_id": "21334212", "ad_data": {"Make/Model": "Piaggio NEXUS250 '08", "Classified number": "21334212", "Price": "€2.100", "Category": "Bike - Roller/Scooter", "Registration": "1 / 2008", "Mileage": "42,000 km", "Fuel type": "Gasoline", "Cubic capacity": "250 cc", "Power": "23 bhp", "Color": "Black", "Modified": "12 days", "Times clicked": "29", "Short link": "www.car.gr/21334212", "Telephone": "None"}, "ad_seller": {}, "metadata": {"type": "Bikes", "brand": "Piaggio", "model": "Piaggio  NEXUS250 '08 - € 2.100 EUR"}, "extras": [], "description": "ΣΕ ΑΨΟΓΗΚΑΤΑΣΤΑΣΗ....ΑΠΟ ΠΡΟΣΦΑΤΟ ΜΕΓΑΛΟ SERVICE..... (ΛΑΔΙΑ-ΦΙΛΤΡΟ-ΛΑΔΙΟΥ-ΡΥΘΜΙΣΗ-ΒΑΛΒΙΔΩΝ-ΙΜΑΝΤΑΣ-ΡΟΛΕΡ).... ΛΑΣΤΙΧΑ ΤΟΥ 2018..... ΔΕΚΤΟΣ ΕΛΕΓΧΟΣ....!!!! - Less - "}