{"query": {"url": "https://www.car.gr/21334280-yamaha-crypton-crypton-t-110", "type": "CAR_ADDE", "trial_count": 1, "last_processed": 1553098915}, "title": "Yamaha Crypton crypton t 110 '12", "ad_id": "21334280", "ad_data": {"Make/Model": "Yamaha Crypton crypton t 110 '12", "Classified number": "21334280", "Price": "€1.000", "Category": "Bike - Underbone", "Registration": "1 / 2012", "Mileage": "65,000 km", "Fuel type": "Gasoline", "Cubic capacity": "110 cc", "Power": "6 bhp", "Color": "Red", "Kteo to": "01 / 2020", "Modified": "12 days", "Times clicked": "266", "Short link": "www.car.gr/21334280", "Telephone": "None"}, "ad_seller": {}, "metadata": {"type": "Bikes", "brand": "Yamaha", "model": "Crypton"}, "extras": ["Exchange with Moto accepted", "Καρμπυρατέρ"], "description": "to papi einai se kali katastash me kaninourgia lastixa doulevei arista dektos kathe elegxos...antalagh me innova carpirater... - Less - "}