{"query": {"url": "https://www.car.gr/21334240-harley-davidson-xl-883-r-sportster-r", "type": "CAR_ADDE", "trial_count": 1, "last_processed": 1553096186}, "title": "Harley Davidson XL 883 R Sportster R  '02", "ad_id": "21334240", "ad_data": {"Make/Model": "Harley Davidson XL 883 R Sportster R '02", "Classified number": "21334240", "Price": "€5.800", "Category": "Bike - Custom", "Registration": "1 / 2002", "Mileage": "37,000 km", "Fuel type": "Gasoline", "Cubic capacity": "883 cc", "Power": "65 bhp", "Color": "Orange", "Previous owners": "1", "Modified": "4 days", "Times clicked": "616", "Short link": "www.car.gr/21334240", "Telephone": "+30 6932070108"}, "ad_seller": {"Dealer": "NATALIA ALEX", "Address": "ALKMINIS7DAFNI", "City": "ΥΜΗΤΤΟΣ", "": "+30 6939898550", "Fax": "+30 2109765457", "Dealer page": "https//alex-natalia.car.gr/", "Website": "http//www.alexusedharleys.gr"}, "metadata": {"type": "Bikes", "brand": "Harley Davidson", "model": "XL 883 R Sportster R"}, "extras": ["Cast wheels", "Electric starter", "Exhaust Special", "Exhibition", "Sidestand"], "description": "Sportster 883 r 2002 - Όλο μαμά - Εξατμίσεις - Φίλτρο - Δίπλα δισκόφρενα - Ζάντες αλουμινίου - Αναρτήσεις Progressive - Λίγα χιλιόμετρα 37.000 κλμ. - Προσεγμένο μόνο γκαράζ. - Less - "}