{"query": {"url": "https://www.car.gr/21334229-suzuki-dr-200", "type": "CAR_ADDE", "trial_count": 1, "last_processed": 1553098921}, "title": "Suzuki  Dr 200 '03", "ad_id": "21334229", "ad_data": {"Make/Model": "Suzuki Dr 200 '03", "Classified number": "21334229", "Price": "€500", "Category": "Bike - Εnduro", "Registration": "1 / 2003", "Mileage": "45,000 km", "Fuel type": "Gasoline", "Cubic capacity": "200 cc", "Power": "22 bhp", "Color": "White", "Modified": "12 days", "Times clicked": "536", "Short link": "www.car.gr/21334229", "Telephone": "None"}, "ad_seller": {}, "metadata": {"type": "Bikes", "brand": "Suzuki", "model": "Suzuki  Dr 200 '03 - € 500 EUR (Negotiable)"}, "extras": ["Electric starter", "Exchange with Moto accepted", "Four-stroke engine", "Lights Xenon", "Semiautomatic", "Spoke wheels", "Καρμπυρατέρ"], "description": "Στην πενα ειναι το μοτερ εχει 45.000 και θελει καποια μικρα τελειωματα - Less - "}