{"query": {"url": "https://www.car.gr/21334205-aeon-cobra-180", "type": "CAR_ADDE", "trial_count": 1, "last_processed": 1553098923}, "title": "Aeon Cobra 180  '20", "ad_id": "21334205", "ad_data": {"Make/Model": "Aeon Cobra 180 '20", "Classified number": "21334205", "Price": "€900", "Category": "Bike - Four Wheel-ATV", "Registration": "1 / 2020", "Mileage": "30,000 km", "Fuel type": "Gasoline", "Cubic capacity": "180 cc", "Power": "12 bhp", "Color": "White", "Previous owners": "2", "Modified": "12 days", "Times clicked": "424", "Short link": "www.car.gr/21334205", "Telephone": "None"}, "ad_seller": {}, "metadata": {"type": "Bikes", "brand": "Aeon", "model": "Cobra 180"}, "extras": ["ABS", "Automatic", "Electric starter", "Engine Guards", "Exchange with Moto accepted", "Καρμπυρατέρ"], "description": "Ειναι 180 κυβικα..φοραει φιλτρο sark κιλινδροπιστονο καινουργιο,καινουργιο μπουζι,μαμισια εξατμηση, - Less - "}