{"query": {"url": "https://www.car.gr/5083997-kawasaki-zx-12", "type": "CAR_ADDE", "trial_count": 1, "last_processed": 1553104797}, "title": "Kawasaki  ZX 12 '04", "ad_id": "5083997", "ad_data": {"Make/Model": "Kawasaki ZX 12 '04", "Classified number": "5083997", "Price": "€3.400", "Category": "Bike - Naked", "Registration": "1 / 2004", "Mileage": "46,000 km", "Fuel type": "Gasoline", "Cubic capacity": "1,200 cc", "Power": "122 bhp", "Color": "Black", "Modified": "over 2 months", "Times clicked": "15144", "Short link": "www.car.gr/5083997", "Telephone": "+30 2310502080"}, "ad_seller": {"Dealer": "ΜΟΤΟ ΚΑΠΟΥΣΗΣ", "Address": "ΛΑΓΚΑΔΑ134", "City": "ΝΕΑΠΟΛΗ", "": "+30 2310502080", "Dealer page": "https//motokapousis.car.gr/", "Open hours": "Δευτέρα εως Παρασκεύη\n 09.00-19.00 και \nΣάββατο απο 09.00 εως 14.00"}, "metadata": {"type": "Bikes", "brand": "Kawasaki", "model": "Kawasaki  ZX 12 '04 - € 3.400 EUR"}, "extras": ["Exchange with Moto accepted", "Kick-Starter"], "description": "Μοντέλο: Kawasaki ZRX 1200 R - Έτος: 2004 - Κατηγορία: Naked - Βαθμολογία:. 77.9 από 100 - Κινητήρα και μετάδοσης - Κυβισμός: 1164.00 ccm (71.03 κυβικές ίντσες) - Τύπος κινητήρα: In-line τέσσερα, τετράχρονος - Ισχύς: 122.00 HP (89.1 kW)) @ 10000 RPM - Ροπή: 112.00 Nm (11,4 kgf-m ή 82.6 ft.lbs) - Τελική ταχύτητα: 230,0 χλμ/ώρα (142,9 μίλια/ώρα) - Βαλβίδες ανά κύλινδρο: 4 - Σύστημα καυσίμου: Injection - Ελέγχου καυσίμου: DOHC - Σύστημα ψύξης: Υγρό - Κιβώτιο ταχυτήτων: 5-τάχυτο - Τύπος μετάδοσης, - τελική μετάδοση: Αλυσίδα - Πλαίσιο, η ανάρτηση, τα φρένα και οι τροχοί - Εμπρός διαστάσεις ελαστικών: 120/70-ZR17 - Πίσω διαστάσεις ελαστικών: 180/55-ZR17 - Εμπρός φρένα: Διπλό δίσκο - Πίσω φρένα: Ένας δίσκος - Φυσική μέτρα και ικανότητες - Ξηρό βάρος: 223.0 kg (£ 491,6) - Αναλογία ισχύος / βάρους: 0,5471 HP / kg - Ύψος σέλας: 790 mm ​​χαμηλότερη ρύθμιση. - Μεταξόνιο: 1.460 χιλιοστά (57,5 ίντσες) - Δεξαμενή Καυσίμων: 19.00 λίτρα - Less - "}