{"query": {"url": "https://www.car.gr/6773180-kawasaki-gpz-550", "type": "CAR_ADDE", "trial_count": 1, "last_processed": 1553105063}, "title": "Kawasaki GPZ 550 '84", "ad_id": "6773180", "ad_data": {"Make/Model": "Kawasaki GPZ 550 '84", "Classified number": "6773180", "Price": "Askforprice", "Category": "Bike - Street Bike", "Registration": "1 / 1984", "Mileage": "20,000 km", "Fuel type": "Gasoline", "Cubic capacity": "550 cc", "Power": "3 bhp", "Color": "Red (Metallic)", "Modified": "2 days", "Times clicked": "6360", "Short link": "www.car.gr/6773180", "Telephone": "None"}, "ad_seller": {}, "metadata": {"type": "Bikes", "brand": "Kawasaki", "model": "GPZ"}, "extras": [], "description": "Πωλούνται 2 KAWASAKI GPZ 550 & ανταλακτικά - Less - "}