{"query": {"url": "https://www.car.gr/2386831-smc-sk-50", "type": "CAR_ADDE", "trial_count": 1, "last_processed": 1553094611}, "title": "SMC  SK 50 '15", "ad_id": "2386831", "ad_data": {"Make/Model": "SMC SK 50 '15", "Classified number": "2386831", "Price": "€1.780", "Category": "Bike - Four Wheel-ATV", "Registration": "5 / 2015", "Fuel type": "Gasoline", "Cubic capacity": "50 cc", "Power": "6 bhp", "Transmission": "Automatic", "Color": "White", "Modified": "1 day", "Times clicked": "5197", "Short link": "www.car.gr/2386831", "Telephone": "+30 2105617620"}, "ad_seller": {"Dealer": "MOTO NOMIKOS", "Address": "ΓΡ.ΛΑΜΠΡΑΚΗ94", "City": "ΚΟΡΥΔΑΛΛΟΣ", "": "+30 2105617732", "Fax": "+30 2105620902", "Dealer page": "https//motonomikos.car.gr/", "Website": "https//motonomikos.gr", "Open hours": "Δευτέρα - Παρασκευή 0830 - 2000\nΣάββατο 0800 - 1600\nΚυριακή κλειστά"}, "metadata": {"type": "Bikes", "brand": "SMC", "model": "SMC  SK 50 '15 - € 1.780 EUR (Negotiable)"}, "extras": ["Automatic", "Electric starter", "Exchange with Moto accepted", "Kick-Starter", "Service Book", "Two-stroke"], "description": "Η εξυπνη επιλογη για γουρουνα ενος ατομου,σε τιμη προσφορας(αφου δεν μεσολαβει αντιπροσωπος να ανεβασει την τιμη-ειμαστε πρωτο χερι). - Ποιοτητα κατασκευης Ταιβαν(εφαμιλη της Kymco)με γερμανικες προδιαγραφες(ΜΕΓΑΛΗ ΕΠΙΤΥΧΙΑ ΣΤΗΝ ΓΕΡΜΑΝΙΚΗ ΑΓΟΡΑ),στιβαρο πλαισιο,σταθερο τιμονι και επιδοσεις - (εκτος απο τον πολυ καλο κινητηρα του,ειναι και απο τα πιο ελαφρυα ATV της κατηγοριας του). - ΣΕΡΒΙΣ-ΑΝΤΑΛΛΑΚΤΙΚΑ-ΑΠΟΣΤΟΛΗ ΣΕ ΟΛΗ ΤΗΝ ΕΛΛΑΔΑ. - Τεχνικα χαρακτηριστηκα - Engine type \t2-Stroke Single Cylinder - Displacement \t49.3c - Bore/Storke(mm) \t∮40*39.2 - Compression Ratio \t7.8 : 1 - Max power \t3.7kw/6800rpm - Max torque \t5.2nm/6000rpm - Top speed \t45 km/hr - Ignition \tCDI - Reverse \tYes - Starter \tElectric starter - Transmission \tCVT - Dry Weight \t104 kg - L/W/H \t1400/840/910 mm - Front/Rear Brakes \tDrum/Drum or Drum/Disc - Front/ Rear tires \tAT16*8-7\"/AT18*8-7\" - Fuel Tank Capacity \t5.6L - Less - "}