{"query": {"url": "https://www.car.gr/6729720-bmw-r-67-2", "type": "CAR_ADDE", "trial_count": 1, "last_processed": 1553104875}, "title": "Bmw R 67/2  '54", "ad_id": "6729720", "ad_data": {"Make/Model": "Bmw R 67/2 '54", "Classified number": "6729720", "Price": "€14.900", "Category": "Bike - Custom", "Registration": "1 / 1954", "Fuel type": "Gasoline", "Cubic capacity": "600 cc", "Power": "28 bhp", "Color": "Black (Metallic)", "Modified": "over 2 months", "Times clicked": "18322", "Short link": "www.car.gr/6729720", "Telephone": "+30 2155351515"}, "ad_seller": {"Dealer": "CAR-CLUB", "Address": "ΚΩΝΣΤΑΝΤΙΝΟΥΠΟΛΕΩΣ131ΠΕΡΙΣΤΕΡΙ", "City": "ΠΕΡΙΣΤΕΡΙ", "": "+30 2155351515", "Fax": "+30 2155351515", "Dealer page": "https//car-club.car.gr/"}, "metadata": {"type": "Bikes", "brand": "Bmw", "model": "R 67/2"}, "extras": [], "description": ""}