{"query": {"url": "https://www.car.gr/7193884-harley-davidson-fat-boy-flstfi-100th-anniversary", "type": "CAR_ADDE", "trial_count": 1, "last_processed": 1553098027}, "title": "Harley Davidson FAT BOY FLSTFI 100th Anniversary '03", "ad_id": "7193884", "ad_data": {"Make/Model": "Harley Davidson FAT BOY FLSTFI 100th Anniversary '03", "Classified number": "7193884", "Price": "€12.500", "Category": "Bike - Street Bike", "Registration": "4 / 2003", "Mileage": "76,278 km", "Fuel type": "Gasoline", "Cubic capacity": "1,450 cc", "Power": "80 bhp", "Color": "Silver (Metallic)", "Kteo to": "08 / 2018", "Liters/100km": "6 (Εντός)", "Modified": "10 days", "Times clicked": "9810", "Short link": "www.car.gr/7193884", "Telephone": "None"}, "ad_seller": {}, "metadata": {"type": "Bikes", "brand": "Harley Davidson", "model": "FAT BOY"}, "extras": ["Alarm", "Bars", "Electric starter", "Exhaust Special", "Four-stroke engine", "Led lights", "Service Book", "Top Box-Μπαγκαζιέρα"], "description": "FAT BOY FLSTFI (Injection) 2003 επετειακό μοντέλο για τα 100 χρόνια της Harley. - Η μηχανή είναι σε άριστη κατάσταση και φυλάσσετε σε κλειστό garage με πολλά extra. - 1-Φανάρι μπρος led. - 2-Φανάρι πίσω led. - 3-Μπάρα μηχανής. - 4-Μασπιες. - 5-Εξατμισης Vance Hines. - 6-Σέλα συνεπιβάτη - Πλάτη συνεπιβάτη. - 7-Τσαντα ταξιδιού. - 8-Μπαμπριζ-Ανεμοθωρακας. - 9-Security System H-D. - ++++Πολλά Εxtra. - Η μηχανή κάνει service βάση βιβλίου. - Δεκτός κάθε έλεγχος. - Less - "}