{"query": {"url": "https://www.car.gr/4624145-suzuki-sv-1000s-sv1000s-ttr600-tt600-xt60089", "type": "CAR_ADDE", "trial_count": 10, "last_processed": 1553093170}, "title": "Suzuki SV 1000S sv1000s , TTR600,TT600,XT60089 '07", "ad_id": "4624145", "ad_data": {"Make/Model": "Suzuki SV 1000S sv1000s , TTR600,TT600,XT60089 '07", "Classified number": "4624145", "Price": "€3.500", "Category": "Bike - Super Sport", "Registration": "12 / 2007", "Mileage": "38,000 km", "Fuel type": "Gasoline", "Cubic capacity": "996 cc", "Power": "135 bhp", "Color": "Silver (Metallic)", "Liters/100km": "3 (Εντός)/4 (Εκτός)/4 (Μικτό)", "Modified": "3 hours", "Times clicked": "35875", "Short link": "www.car.gr/4624145", "Telephone": "None"}, "ad_seller": {"Name": "ΑΛΕΞΗΣ", "Address": "ΕΛΕΥΘΕΡΙΟP.ΘΕΣΣΑΛΟΝΙΚΗΣ"}, "metadata": {"type": "Bikes", "brand": "Suzuki", "model": "SV 1000S"}, "extras": ["Exchange with Moto accepted", "Gelatin"], "description": "ΣΑΣ ΠΑΡΑΚΑΛΩ ΜΗΝ ΕΝΟΧΛΕΙΤΕ ΑΔΙΚΑ ΚΑΙ ΑΣΚΟΠΑ Η ΤΙΜΗ ΔΕΝ ΚΑΤΕΒΑΙΝΕΙ ΟΥΤΕ ΕΝΑ ΕΥΡΩ . - 3500 ΕΥΡΩ ΜΕ ΤΙΣ ΜΑΜΑ ΤΙΣ ΕΞΑΤΜΙΣΕΙΣ . - Η ΤΙΜΗ ΕΙΝΑΙ ΑΔΙΑΠΡΑΓΜΑΤΕΥΤΗ ΜΟΝΟ ΣΟΒΑΡΕΣ ΠΡΟΤΑΣΕΙΣ , ΟΧΙ ΑΣΚΟΠΑ ΤΗΛΕΦΩΝΑ ΟΧΙ ΑΣΚΟΠΑ ΡΑΝΤΕΒΟΥ ΔΙΟΤΙ Η ΜΗΧΑΝΗ ΕΙΝΑΙ ΣΕ - ΑΡΙΣΤΗ ΚΑΤΑΣΤΑΣΗ ΜΕ ΠΑΡΑ ΠΟΛΛΑ ΕΞΤΡΑ ΦΥΛΑΣΣΕΤΑΙ ΣΕ ΙΔΙΩΤΙΚΟ ΠΑΡΚΙΝΓΚ ΣΕ ΤΡΟΜΕΡΑ ΑΡΙΣΤΗ ΚΑΤΑΣΤΑΣΗ , ΠΡΟΣΦΑΤΟ ΓΕΝΙΚΟ ΣΕΡΒΙΣ , ΓΝΗΣΙΑ ΚΑΙΝΟΥΡΙΑ ΔΙΣΚΑΚΙΑ , ΕΛΑΤΗΡΙΑ ΚΑΙ ΦΥΛΛΑ ΚΑΜΠΑΝΑΣ , PUIG ΖΕΛΑΤΙΝΑ , LSL ΡΥΘΜΙΖΟΜΕΝΕΣ ΜΑΝΕΤΕΣ , ΑΝΤΙΒΑΡΑ RIZOMA , UNDER TRAY ERMAX , KN ΦΙΛΤΡΟ ΑΕΡΟΣ , WHITE POWER ΕΛΑΤΗΡΙΑ ΠΗΡΟΥΝΙΟΥ , ΜΟΝΟΣΕΛΟ , ΚΑΙΝΟΥΡΙΑ ΓΚΑΖΙΕΡΑ ΚΑΙ ΧΕΡΟΥΛΙΑ ΓΝΗΣΙΑ , ΑΝΘΡΑΚΟΝΗΜΑ ΤΙΜΟΝΟΠΛΑΚΑΣ , ΦΤΕΡΟ ΠΙΣΩ ΤΡΟΧΟΥ ERMAX , ΚΑΙΝΟΥΡΙΑ ΛΑΣΤΙΧΑ PIRELLI DIABLO ROSSO , ΣΩΛΗΝΑΚΙΑ ΥΨΗΛΗΣ ΠΙΕΣΕΩΣ ΦΡΕΝΩΝ , ΚΑΙΝΟΥΡΙΑ ΓΡΑΝΑΖΙΑ ΑΛΥΣΙΔΑ DID ΧΡΥΣΑ ΚΑΙ ΚΑΙΝΟΥΡΙΑ ΜΠΑΤΑΡΙΑ GS . ΜΑΖΙ ΔΙΝΟΝΤΑΙ ΚΑΙ ΟΙ ΜΑΜΑ ΕΞΑΤΜΙΣΕΙΣ . ΦΥΛΑΣΣΕΤΑΙ ΣΕ ΚΛΕΙΣΤΟ ΙΔΙΩΤΙΚΟ ΠΑΡΚΙΝΓΚ.ΣΕ ΑΡΙΣΤΗ ΚΑΤΑΣΤΑΣΗ ΔΙΝΕΤΑΙ ΚΑΙ 3.500 ΕΥΡΩ ΧΩΡΙΣ ΤΙΣ ΕΞΑΤΜΙΣΕΙΣ ΜΟΝΟ ΜΕ ΤΙΣ ΜΑΜΑ . - ΑΝΤΑΛΛΑΓΗ ΜΕ YAMAHA TT600 H' TTR600 ΜΑΝΙΒΕΛΑ Η XT600 '89 ΙΔΙΑΣ ΚΑΤΑΣΤΑΣΗΣ ΚΑΙ ΦΥΣΙΚΑ Η ΔΙΑΦΟΡΑ ΑΠΟ ΜΕΡΟΥΣ ΣΑΣ . ΤΙΜΗ ΑΝΤΑΛΛΑΓΗΣ 4500 . - Less - "}