{"query": {"url": "https://www.car.gr/21333225-yamaha-crypton-x135", "type": "CAR_ADDE", "trial_count": 1, "last_processed": 1553098946}, "title": "Yamaha CRYPTON-X135  '10", "ad_id": "21333225", "ad_data": {"Make/Model": "Yamaha CRYPTON-X135 '10", "Classified number": "21333225", "Price": "€2.200", "Category": "Bike - Underbone", "Registration": "1 / 2010", "Mileage": "39,000 km", "Fuel type": "Gasoline", "Cubic capacity": "135 cc", "Power": "12 bhp", "Color": "Black", "Kteo to": "09 / 2020", "Modified": "12 days", "Times clicked": "1012", "Short link": "www.car.gr/21333225", "Telephone": "None"}, "ad_seller": {}, "metadata": {"type": "Bikes", "brand": "Yamaha", "model": "CRYPTON-X135"}, "extras": [], "description": "Το μιχανακι είναι στη πένα δεν θέλει τίποτα έχει έξτρα πολύ προσεγμένο φυλάσσεται σε κλειστό γκαράζ - Less - "}