{"query": {"url": "https://www.car.gr/21333219-honda-c-100-m6-astrea-grand", "type": "CAR_ADDE", "trial_count": 1, "last_processed": 1553095787}, "title": "Honda C 100 M6 Astrea Grand  '02", "ad_id": "21333219", "ad_data": {"Make/Model": "Honda C 100 M6 Astrea Grand '02", "Classified number": "21333219", "Price": "€1.090", "Category": "Bike - Underbone", "Registration": "1 / 2002", "Mileage": "77,000 km", "Fuel type": "Gasoline", "Cubic capacity": "97 cc", "Power": "9 bhp", "Color": "Blue (Metallic)", "Kteo to": "09 / 2019", "Modified": "3 days", "Times clicked": "255", "Short link": "www.car.gr/21333219", "Telephone": "None"}, "ad_seller": {}, "metadata": {"type": "Bikes", "brand": "Honda", "model": "C 100 M6 Astrea Grand"}, "extras": [], "description": "Ατρακαριστο προσεγμενο σε πολυ καλη κατασταση - Less - "}