{"query": {"url": "https://www.car.gr/21333276-yamaha-dt-125", "type": "CAR_ADDE", "trial_count": 1, "last_processed": 1553098943}, "title": "Yamaha DT 125  '85", "ad_id": "21333276", "ad_data": {"Make/Model": "Yamaha DT 125 '85", "Classified number": "21333276", "Price": "€3.850", "Category": "Bike - Εnduro", "Registration": "1 / 1985", "Mileage": "31 km", "Fuel type": "Gasoline", "Cubic capacity": "125 cc", "Power": "23 bhp", "Color": "White", "Kteo to": "01 / 2020", "Modified": "12 days", "Times clicked": "31", "Short link": "www.car.gr/21333276", "Telephone": "None"}, "ad_seller": {}, "metadata": {"type": "Bikes", "brand": "Yamaha", "model": "DT 125"}, "extras": ["Antique-Classic", "Car Exchange", "Exchange with Moto accepted", "Greek Dealership", "Kick-Starter", "Sidestand", "Skid Plate", "Spoke wheels", "Two-stroke", "Καρμπυρατέρ"], "description": "Πωλούνται μαζί και ξεχωριστά το ένα έχει χαρτιά το άλλο με υπεύθυνη δήλωση δουλεύουν κανονικα - Less - "}