{"query": {"url": "https://www.car.gr/21333208-bmw-k-1200-s", "type": "CAR_ADDE", "trial_count": 1, "last_processed": 1553098948}, "title": "Bmw K 1200 S  '07", "ad_id": "21333208", "ad_data": {"Make/Model": "Bmw K 1200 S '07", "Classified number": "21333208", "Price": "€6.200", "Category": "Bike - Sport Touring", "Registration": "12 / 2007", "Mileage": "52,000 km", "Fuel type": "Gasoline", "Cubic capacity": "1,200 cc", "Power": "165 bhp", "Color": "Black", "Modified": "12 days", "Times clicked": "112", "Short link": "www.car.gr/21333208", "Telephone": "None"}, "ad_seller": {}, "metadata": {"type": "Bikes", "brand": "Bmw", "model": "K 1200 S"}, "extras": ["ABS", "Alarm", "Cargo Rack", "Gelatin", "Greek Dealership", "Heated Handguards", "Injection", "Trip computer"], "description": "Full extra με τις ανακλήσεις του καινούρια λάστιχα και από service - Less - "}