{"query": {"url": "https://www.car.gr/21333289-yamaha-t-max-500-tmax-500-abs", "type": "CAR_ADDE", "trial_count": 1, "last_processed": 1553093271}, "title": "Yamaha T-MAX 500 TMAX 500 ABS '09", "ad_id": "21333289", "ad_data": {"Make/Model": "Yamaha T-MAX 500 TMAX 500 ABS '09", "Classified number": "21333289", "Price": "€5.300", "Category": "Bike - Roller/Scooter", "Registration": "5 / 2009", "Mileage": "60,475 km", "Fuel type": "Gasoline", "Cubic capacity": "500 cc", "Power": "50 bhp", "Color": "Grey", "Previous owners": "1", "Modified": "1 hour", "Times clicked": "101", "Short link": "www.car.gr/21333289", "Telephone": "+30 2107774131"}, "ad_seller": {"Dealer": "ΜΟΤΟ ΒΥΝΙΟΣ", "Address": "ΜΙΧΑΛΑΚΟΠΟΥΛΟΥ141ΑΘΗΝΑ", "City": "ΑΘΗΝΑ", "": "+30 2107754445", "Fax": "+30 2107772019", "Dealer page": "https//mihalakopoulou.car.gr/", "Website": "https//www.motovinios.gr/", "Open hours": "Δευτέρα-Παρασκευή 0900-2030 (συνεχόμενα)\nΣάββατο 0900-1500"}, "metadata": {"type": "Bikes", "brand": "Yamaha", "model": "T-MAX 500"}, "extras": ["ABS", "Alarm", "Automatic", "Cargo Rack", "Cast wheels", "Centerstand", "Electric starter", "Exchange with Moto accepted", "Four-stroke engine", "Gelatin", "Greek Dealership", "Injection", "Sidestand", "Top Box-Μπαγκαζιέρα"], "description": "Η ΜΟΤΟΣΥΚΛΕΤΑ ΔΙΑΘΕΤΕΙ: - *ΣΥΝΑΓΕΡΜΟ - *ΒΑΛΙΤΣΑ - *ΣΧΑΡΑ - *ABS - • Από 0% προκαταβολή και έως 72 μήνες εξόφληση και με τους ανταγωνιστικότερους όρους χρηματοδότησης της αγοράς - • Η μεγαλύτερη ποικιλία μεταχειρισμένων (100+ μοτοσυκλέτες) - • Δυνατότητα ανταλλαγής με τη μοτοσυκλέτα σας - • Ελεγμένη από μηχανικό - • Δυνατότητα τεχνικού ελέγχου από δικό σας μηχανικό - • Πιστοποιημένο έγγραφο Κ.Τ.Ε.Ο. του οχήματος σε ισχύ - • Δυνατότητα αποστολής για τους πελάτες εκτός Αθήνων (δυνατότητα πληρωμής μέσω χρηματοδότησης και εκτός Αθηνών) - • Μεγάλη γκάμα σε αξεσουάρ για τη μοτοσυκλέτα και τον αναβάτη - • www.motovinios.gr -Η ΜΟΤΟΣ/ΤΑ ΒΡΙΣΚΕΤΑΙ ΣΤΟ ΚΑΤΑΣΤΗΜΑ ΜΑΣ ΜΙΧΑΛΑΚΟΠΟΥΛΟΥ 141 ΑΘΗΝΑ ΤΗΛ.2107774131 , 2107754445 6979911897 - *****ΚΑΝΤΕ LIKE! ΣΤΗΝ ΣΕΛΙΔΑ ΜΑΣ ΣΤΟ FACEBOOK KAI ΚΕΡΔΙΣΤΕ 20% ΣΕ ΑΓΟΡΕΣ ΑΞΕΣΟΥΑΡ - http://www.facebook.com/pages/Moto-Vinios/101035433373158 - Less - "}