{"query": {"url": "https://www.car.gr/4069052-lifan-e-space-200", "type": "CAR_ADDE", "trial_count": 1, "last_processed": 1553097153}, "title": "Lifan  e-SPACE 200 '14", "ad_id": "4069052", "ad_data": {"Make/Model": "Lifan e-SPACE 200 '14", "Classified number": "4069052", "Price": "€1.550", "Category": "Bike - Roller/Scooter", "Registration": "1 / 2014", "Mileage": "2,600 km", "Fuel type": "Gasoline", "Cubic capacity": "200 cc", "Power": "19 bhp", "Color": "White", "Modified": "8 days", "Times clicked": "12933", "Short link": "www.car.gr/4069052", "Telephone": "+30 2106995567"}, "ad_seller": {"Dealer": "motoland", "Address": "Ν.Φλωρου15Αμπελοκηποι", "City": "ΑΘΗΝΑ", "": "+30 6936062927", "Fax": "+30 2106995567", "Dealer page": "https//motoland.car.gr/", "Website": "http//www.motoland.com.gr"}, "metadata": {"type": "Bikes", "brand": "Lifan", "model": "Lifan  e-SPACE 200 '14 - € 1.550 EUR"}, "extras": ["Automatic", "Centerstand", "Electric starter", "Four-stroke engine", "Gelatin", "Service Book", "Sidestand"], "description": "ΠΡΟΣΦΟΡΑ LIFAN E-SPACE 125 ,ΜΕΤΑΤΡΟΠΗ ΣΕ 200cc . 1550 ευρω . ΔΙΑΚΑΝΟΝΙΣΜΟΣ ΕΩΣ 30 ΔΟΣΕΙΣ. - Less - "}