{"query": {"url": "https://www.car.gr/21335153-honda-crf-1000-adventure-big-tank-dct", "type": "CAR_ADDE", "trial_count": 1, "last_processed": 1553098861}, "title": "Honda CRF 1000 adventure big tank DCT '18", "ad_id": "21335153", "ad_data": {"Make/Model": "Honda CRF 1000 adventure big tank DCT '18", "Classified number": "21335153", "Price": "€15.000", "Category": "Bike - Εnduro", "Registration": "6 / 2018", "Mileage": "1,200 km", "Fuel type": "Gasoline", "Cubic capacity": "1,000 cc", "Power": "95 bhp", "Color": "Blue (Metallic)", "Previous owners": "1", "Modified": "12 days", "Times clicked": "257", "Short link": "www.car.gr/21335153", "Telephone": "+30 2109237000"}, "ad_seller": {"Dealer": "BAXEVANIS MOTO", "Address": "ΚΑΛΛΙΡΟΗΣ12", "City": "ΑΘΗΝΑ", "": "+30 2109241083", "Fax": "+30 2109241973", "Dealer page": "https//baxevanismoto.car.gr/", "Website": "http//www.baxevanismoto.com"}, "metadata": {"type": "Bikes", "brand": "Honda", "model": "CRF 1000"}, "extras": ["ABS", "Automatic", "Bars", "Cargo Rack", "Centerstand", "Electric starter", "Engine Guards", "Four-stroke engine", "Gelatin", "Greek Dealership", "Injection", "Led lights", "Service Book", "Sidestand", "Spoke wheels", "Top Box-Μπαγκαζιέρα", "Trip computer"], "description": "Κατάσταση καινούργιου με πολλά extra σοβαρές προτάσεις και με 0 προκαταβολή εως και 72 δόσεις μέσω τράπεζας. - Less - "}