{"query": {"url": "https://www.car.gr/21335113-kymco-downtown-300i", "type": "CAR_ADDE", "trial_count": 1, "last_processed": 1553098862}, "title": "Kymco Downtown 300i  '10", "ad_id": "21335113", "ad_data": {"Make/Model": "Kymco Downtown 300i '10", "Classified number": "21335113", "Price": "€2.400", "Category": "Bike - Roller/Scooter", "Registration": "6 / 2010", "Mileage": "40 km", "Fuel type": "Gasoline", "Cubic capacity": "300 cc", "Power": "30 bhp", "Color": "White (Metallic)", "Kteo to": "10 / 2019", "Modified": "12 days", "Times clicked": "119", "Short link": "www.car.gr/21335113", "Telephone": "None"}, "ad_seller": {}, "metadata": {"type": "Bikes", "brand": "Kymco", "model": "Downtown 300i"}, "extras": ["ABS", "Alarm", "Electric starter", "Four-stroke engine", "Lights Xenon"], "description": "Σε άριστη κατάσταση συναγερμο ξενον φώτα αντιολισθητηκη σέλα abs και μπακαζιερα - Less - "}