{"query": {"url": "https://www.car.gr/21335167-piaggio-beverly-350-sporttouring", "type": "CAR_ADDE", "trial_count": 1, "last_processed": 1553098688}, "title": "Piaggio Beverly 350 SportTouring  '14", "ad_id": "21335167", "ad_data": {"Make/Model": "Piaggio Beverly 350 SportTouring '14", "Classified number": "21335167", "Price": "€3.350", "Category": "Bike - Sport Touring", "Registration": "10 / 2014", "Mileage": "17,500 km", "Fuel type": "Gasoline", "Cubic capacity": "350 cc", "Power": "33 bhp", "Color": "Black", "Previous owners": "1", "Modified": "11 days", "Times clicked": "631", "Short link": "www.car.gr/21335167", "Telephone": "None"}, "ad_seller": {}, "metadata": {"type": "Bikes", "brand": "Piaggio", "model": "Beverly 350 SportTouring"}, "extras": ["ABS", "Alarm", "Centerstand", "Electric starter", "Four-stroke engine", "Led lights", "Service Book", "Sidestand", "Trip computer"], "description": "Το μηχανακι είναι από service, σαν καινούργιο . - Πωλείται λόγω μετανάστευσης . - Less - "}