{"query": {"url": "https://www.car.gr/21335121-kawasaki-kle-400", "type": "CAR_ADDE", "trial_count": 1, "last_processed": 1553095979}, "title": "Kawasaki KLE 400  '96", "ad_id": "21335121", "ad_data": {"Make/Model": "Kawasaki KLE 400 '96", "Classified number": "21335121", "Price": "€1.000", "Category": "Bike - On/Off", "Registration": "5 / 1996", "Mileage": "140,000 km", "Fuel type": "Gasoline", "Cubic capacity": "400 cc", "Power": "46 bhp", "Color": "Blue (Metallic)", "Kteo to": "12 / 2020", "Liters/100km": "5 (Εντός)/3.7 (Εκτός)/4.5 (Μικτό)", "Previous owners": "1", "Modified": "4 days", "Times clicked": "310", "Short link": "www.car.gr/21335121", "Telephone": "None"}, "ad_seller": {}, "metadata": {"type": "Bikes", "brand": "Kawasaki", "model": "KLE 400"}, "extras": ["Electric starter", "Four-stroke engine", "Kick-Starter", "Sidestand", "Spoke wheels", "Top Box-Μπαγκαζιέρα", "Καρμπυρατέρ"], "description": "Πλήρες Service στα 120000 κλμΔισκους,καδένα χρονισμού,τεντωρα,αλυσίδα,γρανάζια,τσιμουχες κ ξύστρες μπροστινού,εξάτμιση WRP to,ζάντες Motar κ λάστιχα.Δεκτος κάθε έλεγχος.Δινεται μαζί κ άλλο ένα 500cc 2003mod πλήρες λειτουργικό μόνο για ανταλακτικα. - Less - "}