{"query": {"url": "https://www.car.gr/21335186-ktm-950-super-moto", "type": "CAR_ADDE", "trial_count": 1, "last_processed": 1553098860}, "title": "KTM 950 Super Moto  '06", "ad_id": "21335186", "ad_data": {"Make/Model": "KTM 950 Super Moto '06", "Classified number": "21335186", "Price": "€4.500", "Category": "Bike - Super Motard", "Registration": "1 / 2006", "Mileage": "39,800 km", "Fuel type": "Gasoline", "Cubic capacity": "950 cc", "Power": "98 bhp", "Color": "Orange", "Kteo to": "05 / 2020", "Modified": "12 days", "Times clicked": "153", "Short link": "www.car.gr/21335186", "Telephone": "None"}, "ad_seller": {}, "metadata": {"type": "Bikes", "brand": "KTM", "model": "950 Super Moto"}, "extras": [], "description": ""}