{"query": {"url": "https://www.car.gr/21335181-yamaha-crypton-r-115", "type": "CAR_ADDE", "trial_count": 1, "last_processed": 1553096097}, "title": "Yamaha Crypton R 115 !!!Ευκαιρία!!! '06", "ad_id": "21335181", "ad_data": {"Make/Model": "Yamaha Crypton R 115 !!!Ευκαιρία!!! '06", "Classified number": "21335181", "Price": "€1.100", "Category": "Bike - Underbone", "Registration": "1 / 2006", "Mileage": "10,000 km", "Fuel type": "Gasoline", "Cubic capacity": "115 cc", "Power": "8 bhp", "Color": "Blue", "Kteo to": "02 / 2021", "Modified": "4 days", "Times clicked": "58", "Short link": "www.car.gr/21335181", "Telephone": "None"}, "ad_seller": {}, "metadata": {"type": "Bikes", "brand": "Yamaha", "model": "Crypton R"}, "extras": ["Exchange with Moto accepted", "Four-stroke engine"], "description": "Από γενικό σέρβις λάδια μπουζί φίλτρο αέρος Καινούργια σέλα - Καινούργια λάστιχα Καινούργιες Ζάντες καινούργια γρανάζια και Αλυσίδα Καινούργια δισκάκια Καινούργια μπαταρία Καινούργια χειριστήρια τιμονιού και καινούργια Τακάκια και σταγόνες.Συνολικά το σέρβις κόστισε 300 € τα χιλιόμετρα είναι πραγματικά το μηχανάκι δεν χρειάζεται τίποτα Πραγματικά με μια μιζια παίρνει μπρος - Ανταλλαγή μόνο με crf η yzf η kxf η rmz και διαφορά από μέρους μου.. - φωτογραφίες Θα ανέβουν μέσα στην βδομάδα γιατί είναι στο συνεργείο - Less - "}