{"query": {"url": "https://www.car.gr/21335107-bmw-r-1200-gs-adventure-triple-black", "type": "CAR_ADDE", "trial_count": 1, "last_processed": 1553098864}, "title": "Bmw R 1200 GS Adventure Triple black '16", "ad_id": "21335107", "ad_data": {"Make/Model": "Bmw R 1200 GS Adventure Triple black '16", "Classified number": "21335107", "Price": "€18.200", "Category": "Bike - On/Off", "Registration": "9 / 2016", "Mileage": "25,039 km", "Fuel type": "Gasoline", "Cubic capacity": "1,200 cc", "Power": "125 bhp", "Color": "Black (Metallic)", "Modified": "12 days", "Times clicked": "386", "Short link": "www.car.gr/21335107", "Telephone": "None"}, "ad_seller": {}, "metadata": {"type": "Bikes", "brand": "Bmw", "model": "R 1200 GS Adventure"}, "extras": [], "description": ""}