{"query": {"url": "https://www.car.gr/21335105-suzuki-v-strom-1000", "type": "CAR_ADDE", "trial_count": 1, "last_processed": 1553098864}, "title": "Suzuki V-Strom 1000  '04", "ad_id": "21335105", "ad_data": {"Make/Model": "Suzuki V-Strom 1000 '04", "Classified number": "21335105", "Price": "€2.600", "Category": "Bike - On/Off", "Registration": "11 / 2004", "Mileage": "41,000 km", "Fuel type": "Gasoline", "Cubic capacity": "1,000 cc", "Power": "102 bhp", "Color": "Dark blue", "Modified": "12 days", "Times clicked": "145", "Short link": "www.car.gr/21335105", "Telephone": "None"}, "ad_seller": {}, "metadata": {"type": "Bikes", "brand": "Suzuki", "model": "V-Strom 1000"}, "extras": [], "description": "Το μηχανάκι είναι σε άριστη κατάσταση μόλις έκανε το μεγάλο σερβισ των 40000χλμ.περασμενο σε δυναμομετρο και χαρτογράφηση . - Less - "}