{"query": {"url": "https://www.car.gr/21335188-yamaha-yzf-r6", "type": "CAR_ADDE", "trial_count": 1, "last_processed": 1553098811}, "title": "Yamaha YZF-R6  '07", "ad_id": "21335188", "ad_data": {"Make/Model": "Yamaha YZF-R6 '07", "Classified number": "21335188", "Price": "€4.500", "Category": "Bike - Super Sport", "Registration": "1 / 2007", "Mileage": "41,600 km", "Fuel type": "Gasoline", "Cubic capacity": "600 cc", "Power": "125 bhp", "Color": "Black", "Kteo to": "06 / 2019", "Previous owners": "1", "Modified": "12 days", "Times clicked": "515", "Short link": "www.car.gr/21335188", "Telephone": "None"}, "ad_seller": {"Name": "ΔημήτρηςΚ.", "Address": "ΛΑΡΙΣΑP.ΛΑΡΙΣΑΣ"}, "metadata": {"type": "Bikes", "brand": "Yamaha", "model": "YZF-R6"}, "extras": ["Alarm", "Gelatin"], "description": "Πάρα πολυ καλή κατάσταση. Φυλασσόταν σε σκεπαστό χώρο με κουκούλα. - Δίνεται οπως είναι στις φωτό με εξάτμιση akrapovic, σκούρα ζελατίνα,συναγερμός,εξτρα μονόσελο,αντιολισθητικό δέρμα στις σέλες και τα δυο κλειδιά της Yamaha (1μαύρο&1κοκκινο). - Απο τον προηγούμενο ιδιοκτήτη δεν υπάρχει βιβλίο service αλλα εχουν γίνει τα παντα,ουτε βάση πινακίδας-μαμα εξάτμιση. - Πριν 2 μήνες έγινε αλλαγή ανορθωτή και πηνία με εγγυηση 1 χρόνο,επίσης καινούρια μπαταρία. - Όχι παζάρια απο το τηλ.,Οχι ανταλλαγες. - ΔΕΝ την φέρνω πουθενα για να την δείτε οποιος θελει έρχεται και την παμε συνεργείο εδω για check. - Χρειάζεται μόνο καινούρια λάστιχα και ο μόνος λόγος συζητήσιμης τιμής! - Less - "}