{"query": {"url": "https://www.car.gr/21335101-sym-citycom-s-300i-cbs", "type": "CAR_ADDE", "trial_count": 1, "last_processed": 1553094134}, "title": "Sym  CITYCOM S 300I CBS  '15", "ad_id": "21335101", "ad_data": {"Make/Model": "Sym CITYCOM S 300I CBS  '15", "Classified number": "21335101", "Price": "€2.950", "Category": "Bike - Roller/Scooter", "Registration": "4 / 2015", "Mileage": "21,248 km", "Fuel type": "Gasoline", "Cubic capacity": "300 cc", "Power": "29 bhp", "Color": "Black (Metallic)", "Kteo to": "04 / 2019", "Modified": "20 hours", "Times clicked": "27", "Short link": "www.car.gr/21335101", "Telephone": "None"}, "ad_seller": {}, "metadata": {"type": "Bikes", "brand": "Sym", "model": "Sym  CITYCOM S 300I CBS  '15 - € 2.950 EUR (Negotiable)"}, "extras": ["Alarm", "Centerstand", "Electric starter", "Gelatin", "Greek Dealership", "Injection", "Service Book", "Sidestand", "Top Box-Μπαγκαζιέρα"], "description": "Το scooter είναι σε άριστη κατάσταση και πάντα σε κλειστό γκαράζ... - Στα 20.000 χλμ έγινε το μεγάλο service!Έχει αλλαχτεί ιμάντας,λάδια,φίλτρο αέρα,τακάκια εμπρός και πίσω καθώς και περάστηκαν καινούργια ελαστικά Pirelli... - Όλα τα service σε επίσημη αντιπροσωπεία ,υπάρχει και βιβλίο,με την μόνη διαφορά ότι τα λάδια εγώ τα αλλάζω κάθε 2.500 χλμ και όχι κάθε 5.000 που προτείνει η Sym.... (οι extra αλλαγές λαδιού εννοείται στη sym και περασμένες στο βιβλίο κανονικά) - Έχει συναγερμό ,μπαγαζιέρα Kappa και μαξιλαράκι το οποίο έχει επένδυση ίδια ακριβώς με τη σέλα... - Δεκτός έλεγχος όπου θέλετε κατόπιν συνεννόησης... - Παρακαλώ όχι άσκοπα τηλέφωνα!Το scooter δεν χρειάζεται απολύτως τίποτα!!!!! - Πωλείται απλά γιατί θέλω να αλλάξω κατηγορία - Less - "}