{"query": {"url": "https://www.car.gr/21335183-yamaha-xt-500-500", "type": "CAR_ADDE", "trial_count": 1, "last_processed": 1553098860}, "title": "Yamaha XT 500 ΧΤ 500Ε '02", "ad_id": "21335183", "ad_data": {"Make/Model": "Yamaha XT 500 ΧΤ 500Ε '02", "Classified number": "21335183", "Price": "€3.400", "Category": "Bike - Street Bike", "Registration": "1 / 2002", "Mileage": "12,412 km", "Fuel type": "Gasoline", "Cubic capacity": "500 cc", "Power": "30 bhp", "Color": "Blue (Metallic)", "Kteo to": "03 / 2021", "Liters/100km": "2 (Εντός)", "Modified": "12 days", "Times clicked": "122", "Short link": "www.car.gr/21335183", "Telephone": "None"}, "ad_seller": {}, "metadata": {"type": "Bikes", "brand": "Yamaha", "model": "XT 500"}, "extras": ["Cargo Rack", "Credit card-Visa accepted", "Imported", "Spoke wheels"], "description": "ΜΟΝΤΕΛΟ: ΥΑΜΑΗΑ ΧΤ 500Ε - ΧΙΛΙΟΜΕΤΡΑ 12.412 - ΕΤΟΣ ΚΥΚΛΟΦΟΡΙΑΣ 2002 - ΣΧΕΔΟΝ ΚΑΙΝΟΥΡΓΙΑ ΜΟΝΙΜΑ ΣΕ ΓΚΑΡΑΖ, ΜΟΛΙΣ ΠΕΡΑΣΕ ΚΤΕΟ - ΤΙΜΗ 3.400 ΕΥΡΩ - Less - "}