{"query": {"url": "https://www.car.gr/21335175-suzuki-gsr-600", "type": "CAR_ADDE", "trial_count": 1, "last_processed": 1553098860}, "title": "Suzuki GSR 600  '06", "ad_id": "21335175", "ad_data": {"Make/Model": "Suzuki GSR 600 '06", "Classified number": "21335175", "Price": "€3.400", "Category": "Bike - Super Sport", "Registration": "9 / 2006", "Mileage": "14,200 km", "Fuel type": "Gasoline", "Cubic capacity": "600 cc", "Power": "98 bhp", "Color": "Grey", "Kteo to": "12 / 2020", "Previous owners": "1", "Modified": "12 days", "Times clicked": "63", "Short link": "www.car.gr/21335175", "Telephone": "None"}, "ad_seller": {}, "metadata": {"type": "Bikes", "brand": "Suzuki", "model": "GSR 600"}, "extras": [], "description": "Πωλειται η μηχανη suzuki gsr600 με ολωσομη εξατμιση yoshimura το μεγαλο το service το εκανε πριν 100 χιλιομετρα - Less - "}