{"query": {"url": "https://www.car.gr/21335140-aprilia-scarabeo-150", "type": "CAR_ADDE", "trial_count": 1, "last_processed": 1553093389}, "title": "Aprilia Scarabeo 150  '03", "ad_id": "21335140", "ad_data": {"Make/Model": "Aprilia Scarabeo 150 '03", "Classified number": "21335140", "Price": "€699", "Category": "Bike - Roller/Scooter", "Registration": "1 / 2003", "Mileage": "11 km", "Fuel type": "Gasoline", "Cubic capacity": "150 cc", "Power": "15 bhp", "Color": "Black", "Modified": "6 hours", "Times clicked": "255", "Short link": "www.car.gr/21335140", "Telephone": "+30 6977210880"}, "ad_seller": {"Dealer": "PIAGGIO STOCK HOUSE  PIAGGIO STOCK HOUSE", "Address": "Λ.ΔΗΜΟΚΡΑΤΙΑΣ110ΠΕΙΡΑΙΑΣ-ΠΕΡΑΜΑ", "City": "ΠΕΡΑΜΑ", "": "+30 6977210880", "Dealer page": "https//marios.car.gr/", "Open hours": "Δευτέρα-Παρασκευή 1000-1800\nΣαββάτο 1000-1400\nΩράριο επικοινωνίας 1000-2000"}, "metadata": {"type": "Bikes", "brand": "Aprilia", "model": "Scarabeo 150"}, "extras": ["Alarm", "Automatic", "Car Exchange", "Cargo Rack", "Cast wheels", "Centerstand", "Electric starter", "Exchange with Moto accepted", "Four-stroke engine", "Gelatin", "Sidestand", "Spoke wheels", "Καρμπυρατέρ"], "description": "-ΣΗΜΑΤΑ ΠΛΗΡΩΜΕΝΑ -ΚΤΕΟ ΕΝ ΙΣΧΥ -ΛΕΙΤΟΥΡΓΙΚΟ ΚΑΙ ΑΞΙΟΠΡΕΠΕΣ ΓΙΑ ΝΑ ΚΑΝΕΙΣ ΤΗΝ ΔΟΥΛΕΙΑ ΣΟΥ - ▪▪▪▪▪▪▪▪▪▪▪ΑΓΟΡΑΖΟΥΜΕ ΤΟ ΟΧΗΜΑ ΣΑΣ (ΑΥΤΟ-ΜΟΤΟ)▪▪▪▪▪▪▪▪▪▪ - ░█▀▄▀█ ░█▀▀▀ ▀▀█▀▀ ░█▀▀█ ░█─░█ ▀▀█▀▀ ─█▀▀█ - ░█░█░█ ░█▀▀▀ ─░█── ░█▄▄█ ░█▀▀█ ─░█── ░█▄▄█ - ░█──░█ ░█▄▄▄ ─░█── ░█─── ░█─░█ ─░█── ░█─░█ - ▪▪▪▪▪▪▪▪▪▪▪▪▪▪▪▪▪▪▪▪▪▪▪▪▪▪▪▪▪ εντός 10 λεπτών ▪▪▪▪▪▪▪▪▪▪▪▪▪▪▪▪▪▪▪▪▪▪▪▪▪▪▪▪ - ΕΞΟΔΑ ΜΕΤΑΒΙΒΑΣΗΣ-ΜΕΤΑΦΟΡΑΣ-ΚΤΕΟ ΔΙΚΑ ΜΑΣ - Less - "}