{"query": {"url": "https://www.car.gr/6761953-aprilia-scarabeo-200-ie", "type": "CAR_ADDE", "trial_count": 1, "last_processed": 1553095468}, "title": "Aprilia Scarabeo 200 ie '13", "ad_id": "6761953", "ad_data": {"Make/Model": "Aprilia Scarabeo 200 ie '13", "Classified number": "6761953", "Price": "€1.600", "Category": "Bike - Roller/Scooter", "Registration": "11 / 2013", "Mileage": "25,000 km", "Fuel type": "Gasoline", "Cubic capacity": "200 cc", "Power": "19 bhp", "Color": "White", "Modified": "2 days", "Times clicked": "242", "Short link": "www.car.gr/6761953", "Telephone": "+30 2105770012"}, "ad_seller": {"Dealer": "AUTOPOWER", "Address": "ΣΟΛΩΜΟΥ30ΠΕΡΙΣΤΕΡΙ", "City": "ΠΕΡΙΣΤΕΡΙ", "": "+30 2105770012", "Fax": "+30 2105770012", "Dealer page": "https//autopowernikitas.car.gr/"}, "metadata": {"type": "Bikes", "brand": "Aprilia", "model": "Scarabeo 200"}, "extras": ["Alarm", "Automatic", "Car Exchange", "Electric starter", "Exchange with Boat", "Exchange with Moto accepted", "Four-stroke engine", "Gelatin", "Service Book", "Top Box-Μπαγκαζιέρα"], "description": ""}