{"query": {"url": "https://www.car.gr/3303321-kawasaki-z-750-s", "type": "CAR_ADDE", "trial_count": 1, "last_processed": 1553097491}, "title": "Kawasaki Z 750 S  '05", "ad_id": "3303321", "ad_data": {"Make/Model": "Kawasaki Z 750 S '05", "Classified number": "3303321", "Price": "€4.000", "Category": "Bike - Naked", "Registration": "6 / 2005", "Mileage": "15,000 km", "Fuel type": "Gasoline", "Cubic capacity": "750 cc", "Power": "8 bhp", "Transmission": "Manual", "Color": "Black", "Modified": "8 days", "Times clicked": "247", "Short link": "www.car.gr/3303321", "Telephone": "+30 2102916028"}, "ad_seller": {"Dealer": "NIKOLAOU MOTO", "Address": "ΑΓΓΛΥΚΕΡΙΑΣ52", "City": "ΓΑΛΑΤΣΙ", "": "+30 2102928165", "Fax": "+30 2102136214", "Dealer page": "https//nikolaou-moto.car.gr/"}, "metadata": {"type": "Bikes", "brand": "Kawasaki", "model": "Z 750 S"}, "extras": [], "description": ""}