{"query": {"url": "https://www.car.gr/21330796-piaggio-vespa", "type": "CAR_ADDE", "trial_count": 1, "last_processed": 1553098955}, "title": "Piaggio Vespa  '79", "ad_id": "21330796", "ad_data": {"Make/Model": "Piaggio Vespa '79", "Classified number": "21330796", "Price": "€3.300", "Category": "Bike - Roller/Scooter", "Registration": "1 / 1979", "Mileage": "75,000 km", "Fuel type": "Gasoline", "Cubic capacity": "200 cc", "Power": "7 bhp", "Color": "Light Blue", "Previous owners": "2", "Modified": "12 days", "Times clicked": "103", "Short link": "www.car.gr/21330796", "Telephone": "None"}, "ad_seller": {}, "metadata": {"type": "Bikes", "brand": "Piaggio", "model": "Vespa"}, "extras": [], "description": "P200e σε άριστη κατάσταση!οι φωτό τα λένε όλα!όλα κενουργια!σε κατάσταση βιτρίνας!!! Με χαρτιά και ΚΤΕΟ κανονικά!! - Less - "}