{"query": {"url": "https://www.car.gr/21330706-honda-africa-twin-xrv-750", "type": "CAR_ADDE", "trial_count": 1, "last_processed": 1553098956}, "title": "Honda Africa Twin XRV 750  '96", "ad_id": "21330706", "ad_data": {"Make/Model": "Honda Africa Twin XRV 750 '96", "Classified number": "21330706", "Price": "€2.200", "Category": "Bike - Sport Touring", "Registration": "1 / 1996", "Mileage": "46,000 km", "Fuel type": "Gasoline", "Cubic capacity": "750 cc", "Power": "60 bhp", "Color": "Red", "Previous owners": "1", "Modified": "12 days", "Times clicked": "131", "Short link": "www.car.gr/21330706", "Telephone": "None"}, "ad_seller": {}, "metadata": {"type": "Bikes", "brand": "Honda", "model": "Africa Twin XRV 750"}, "extras": ["Top Box-Μπαγκαζιέρα"], "description": "Το μηχανάκι είναι σε άριστη κατάσταση δεκτος κάθε έλεγχος... - Less - "}