{"query": {"url": "https://www.car.gr/21330766-yamaha-x-city-250", "type": "CAR_ADDE", "trial_count": 1, "last_processed": 1553098955}, "title": "Yamaha X-CITY 250  '08", "ad_id": "21330766", "ad_data": {"Make/Model": "Yamaha X-CITY 250 '08", "Classified number": "21330766", "Price": "€1.400", "Category": "Bike - Roller/Scooter", "Registration": "1 / 2008", "Mileage": "1 km", "Fuel type": "Gasoline", "Cubic capacity": "250 cc", "Power": "22 bhp", "Color": "Light Blue", "Kteo to": "01 / 2021", "Liters/100km": "1 (Εντός)/1 (Εκτός)/1 (Μικτό)", "Modified": "12 days", "Times clicked": "296", "Short link": "www.car.gr/21330766", "Telephone": "None"}, "ad_seller": {}, "metadata": {"type": "Bikes", "brand": "Yamaha", "model": "X-CITY 250"}, "extras": ["Cargo Rack", "Injection", "Sidestand"], "description": "Το μηχανάκι θέλει κάποια μαζεματα γι'αυτό και η τιμή αυτη. - Πριν 20 μέρες έχω αλλάξει - Αμορτισέρ - Δίσκο τακάκια φρένων πίσω - Λάδια φίλτρα - Ρουλεμάν μπροστά - Παρακαλώ όχι άσκοπα τηλέφωνημα - Less - "}