{"query": {"url": "https://www.car.gr/21330711-honda-xlv-transalp", "type": "CAR_ADDE", "trial_count": 1, "last_processed": 1553095290}, "title": "Honda XLV Transalp  '08", "ad_id": "21330711", "ad_data": {"Make/Model": "Honda XLV Transalp '08", "Classified number": "21330711", "Price": "€3.400", "Category": "Bike - On/Off", "Registration": "11 / 2008", "Mileage": "23 km", "Fuel type": "Gasoline", "Cubic capacity": "700 cc", "Power": "45 bhp", "Color": "Dark Red", "Modified": "12 minutes", "Times clicked": "194", "Short link": "www.car.gr/21330711", "Telephone": "+30 2102482190"}, "ad_seller": {"Dealer": "ΥΑΜΑΗΑ-SERVICE", "Address": "ΟΔΥΣΣΕΑΕΛΥΤΗ25", "City": "ΑΝΩΛΙΟΣΙΑ", "": "+30 2102482190", "Dealer page": "https//yamaha-service.car.gr/", "Website": "http//www.yamaha-service.gr", "Open hours": "ΔΕΥΤΕΡΑ-ΠΑΡΑΣΚΕΥΗ 0900-1900\nΣΑΒΒΑΤΟ ΚΛΕΙΣΤΑ"}, "metadata": {"type": "Bikes", "brand": "Honda", "model": "XLV Transalp"}, "extras": ["ABS", "Injection"], "description": ""}