{"query": {"url": "https://www.car.gr/21330710-honda-crf-450r-crf-450", "type": "CAR_ADDE", "trial_count": 1, "last_processed": 1553094828}, "title": "Honda CRF 450R CRF 450  '15", "ad_id": "21330710", "ad_data": {"Make/Model": "Honda CRF 450R CRF 450  '15", "Classified number": "21330710", "Price": "€3.999", "Category": "Bike - Motocross", "Registration": "12 / 2015", "Mileage": "1 km", "Fuel type": "Gasoline", "Cubic capacity": "450 cc", "Power": "65 bhp", "Color": "Red", "Kteo to": "12 / 2022", "Liters/100km": "1 (Εντός)/1 (Εκτός)/1 (Μικτό)", "Previous owners": "1", "Modified": "1 day", "Times clicked": "402", "Short link": "www.car.gr/21330710", "Telephone": "None"}, "ad_seller": {}, "metadata": {"type": "Bikes", "brand": "Honda", "model": "CRF 450R"}, "extras": ["Exchange with Moto accepted", "Four-stroke engine"], "description": "dextos opoiosdhpote elenxos..... - den xreiazetai tpt... - pramatika apsogo..... - Less - "}