{"query": {"url": "https://www.car.gr/5089890-honda-xrv-750-africa-twin", "type": "CAR_ADDE", "trial_count": 1, "last_processed": 1553104768}, "title": "Honda XRV 750 Africa TWIN  '99", "ad_id": "5089890", "ad_data": {"Make/Model": "Honda XRV 750 Africa TWIN '99", "Classified number": "5089890", "Price": "€2.600", "Category": "Bike - On/Off", "Registration": "9 / 1999", "Mileage": "34,000 km", "Fuel type": "Gasoline", "Cubic capacity": "750 cc", "Power": "60 bhp", "Color": "Black", "Modified": "over 2 months", "Times clicked": "17095", "Short link": "www.car.gr/5089890", "Telephone": "+30 2821099405"}, "ad_seller": {"Dealer": "CHANIA MOTORCYCLES", "Address": "ΝΙΚΟΛΑΟΥΠΛΑΣΤΗΡΑ4", "City": "ΧΑΝΙΑ", "": "+30 6980127373", "Fax": "+30 6996312247", "Dealer page": "https//stavroulakis-cars.car.gr/"}, "metadata": {"type": "Bikes", "brand": "Honda", "model": "XRV 750 Africa TWIN"}, "extras": ["Bars", "Electric starter", "Exchange with Moto accepted", "Exhaust Special", "Four-stroke engine", "Gelatin", "Top Box-Μπαγκαζιέρα"], "description": "αριστη κατασταση δεκτη ανταλλαγη με αλλη μοτοσυκλετα αυτοκινητο η και τροχοσπιτο - Less - "}