{"query": {"url": "https://www.car.gr/8716040-kawasaki-kx-450f", "type": "CAR_ADDE", "trial_count": 1, "last_processed": 1553096978}, "title": "Kawasaki KX 450F  '06", "ad_id": "8716040", "ad_data": {"Make/Model": "Kawasaki KX 450F '06", "Classified number": "8716040", "Price": "€2.500", "Category": "Bike - Motocross", "Registration": "8 / 2006", "Mileage": "10 km", "Fuel type": "Gasoline", "Cubic capacity": "450 cc", "Power": "60 bhp", "Color": "Green", "Modified": "7 days", "Times clicked": "4902", "Short link": "www.car.gr/8716040", "Telephone": "+30 2821099405"}, "ad_seller": {"Dealer": "CHANIA MOTORCYCLES", "Address": "ΝΙΚΟΛΑΟΥΠΛΑΣΤΗΡΑ4", "City": "ΧΑΝΙΑ", "": "+30 6980127373", "Fax": "+30 6996312247", "Dealer page": "https//stavroulakis-cars.car.gr/"}, "metadata": {"type": "Bikes", "brand": "Kawasaki", "model": "KX 450F"}, "extras": ["Car Exchange", "Exchange with Boat", "Exchange with Moto accepted", "Four-stroke engine", "Kick-Starter"], "description": "αριστο μηχανικα και εξωτερικα - Less - "}