{"query": {"url": "https://www.car.gr/21332771-ktm-640-duke", "type": "CAR_ADDE", "trial_count": 7, "last_processed": 1553093063}, "title": "KTM 640 Duke  '02", "ad_id": "21332771", "ad_data": {"Make/Model": "KTM 640 Duke '02", "Classified number": "21332771", "Price": "€2.100", "Category": "Bike - Super Motard", "Registration": "1 / 2002", "Mileage": "50 km", "Fuel type": "Gasoline", "Cubic capacity": "640 cc", "Power": "55 bhp", "Color": "Other (Metallic)", "Previous owners": "1", "Modified": "3 hours", "Times clicked": "451", "Short link": "www.car.gr/21332771", "Telephone": "+30 2105821869"}, "ad_seller": {"Dealer": "SMOTO", "Address": "ΦΑΒΙΕΡΟΥΚΝ.ΚΑΖΑΝΤΖΑΚΗ12", "City": "ΧΑΙΔΑΡΙ", "": "+30 2155255416", "Fax": "+30 2105821869", "Dealer page": "https//stamatismoto.car.gr/", "Website": "http//WWW.SMOTO.GR"}, "metadata": {"type": "Bikes", "brand": "KTM", "model": "640 Duke"}, "extras": ["Alarm", "Cast wheels", "Catalyst", "Electric starter", "Exchange with Moto accepted", "Exhaust Special", "Exhibition", "Four-stroke engine", "Greek Dealership", "Kick-Starter", "Service Book", "Sidestand", "Trip computer", "Καρμπυρατέρ"], "description": "ΑΡΙΣΤΟ ΚΑΙ ΑΒΑΦΟ , ΠΡΩΤΟ ΧΕΡΙ, ΓΝΗΣΙΟ ΚΑΙ ΕΝΗΜΕΡΩΜΕΝΟ ΒΙΒΛΙΟ SERVICE, ΑΠΟ ΓΕΝΙΚΟ SERVICE, ΠΕΡΑΣΜΕΝΟ ΚΤΕΟ - Less - "}