{"query": {"url": "https://www.car.gr/21332760-piaggio-beverly-350-sporttouring", "type": "CAR_ADDE", "trial_count": 1, "last_processed": 1553098949}, "title": "Piaggio Beverly 350 SportTouring  '12", "ad_id": "21332760", "ad_data": {"Make/Model": "Piaggio Beverly 350 SportTouring '12", "Classified number": "21332760", "Price": "€3.600", "Category": "Bike - Roller/Scooter", "Registration": "1 / 2012", "Mileage": "35,000 km", "Fuel type": "Gasoline", "Cubic capacity": "358 cc", "Power": "33 bhp", "Color": "Silver", "Modified": "12 days", "Times clicked": "223", "Short link": "www.car.gr/21332760", "Telephone": "None"}, "ad_seller": {}, "metadata": {"type": "Bikes", "brand": "Piaggio", "model": "Beverly 350 SportTouring"}, "extras": [], "description": "Το μηχανάκι είναι σε εξαιρετική κατάσταση δεν θέλει ουτε € με πολλά έξτρα όπως (φρένα, δαγκάνες, δισκοπλακες, εξάτμιση αναρτήσεις και βελτίωση μοτέρ) - ΟΠΟΙΟΣΔΉΠΟΤΕ ΕΛΕΓΧΟΣ ΔΕΚΤΟΣ!!!! - Less - "}