{"query": {"url": "https://www.car.gr/21336979-yamaha-mt-07-rm04-01", "type": "CAR_ADDE", "trial_count": 8, "last_processed": 1553093230}, "title": "Yamaha MT-07 RM04/01 ΕΠΕΤΕΙΑΚΟ/ΣΥΛΛΕΚΤΙΚΟ '15", "ad_id": "21336979", "ad_data": {"Make/Model": "Yamaha MT-07 RM04/01 ΕΠΕΤΕΙΑΚΟ/ΣΥΛΛΕΚΤΙΚΟ '15", "Classified number": "21336979", "Price": "€6.250", "Category": "Bike - Naked", "Registration": "6 / 2015", "Mileage": "25,000 km", "Fuel type": "Gasoline", "Cubic capacity": "689 cc", "Power": "75 bhp", "Color": "Yellow (Metallic)", "Kteo to": "06 / 2019", "Liters/100km": "5.5 (Εντός)/5.1 (Εκτός)/5.3 (Μικτό)", "Modified": "3 hours", "Times clicked": "74", "Short link": "www.car.gr/21336979", "Telephone": "None"}, "ad_seller": {}, "metadata": {"type": "Bikes", "brand": "Yamaha", "model": "MT-07"}, "extras": ["Alarm", "Bars", "Cargo Rack", "Cast wheels", "Catalyst", "Electric starter", "Four-stroke engine", "Gelatin", "Imported", "Injection", "Led lights", "Service Book", "Sidestand"], "description": "ΠΡΟΚΕΙΤΑΙ ΓΙΑ ΤΗΝ ΕΠΕΤΕΙΑΚΗ ΕΚΔΟΣΗ ΤΗΣ YAMAHA.ΥΠΕΡΑΡΙΣΤΗ ΚΑΤΑΣΤΑΣΗ.ΣΤΑΘΕΥΜΕΝΟ ΕΝΤΟΣ ΙΔΙΩΤΙΚΟΥ ΧΩΡΟΥ ΦΥΛΑΞΗΣ.ΟΛΟΚΑΙΝΟΥΡΓΙΑ ΑΓΩΝΙΣΤΙΚΗ ΜΠΑΤΑΡΙΑ ΓΕΛΗΣ (GEL),ΚΑΙΝΟΥΡΓΙΑ ΕΛΑΣΤΙΚΑ. - ΠΛΗΘΩΡΑ ΠΑΡΕΛΚΟΜΕΝΩΝ ΑΞΕΣΟΥΑΡ: - 1)ΠΡΟΣΤΑΤΕΥΤΙΚΑ ΜΑΝΙΤΑΡΙΑ - 2)ΓΝΗΣΙΑ ΣΧΑΡΑ ΤΗΣ YAMAHA - 3)ΚΟΝΤΟΣ ΑΝΕΜΟΘΩΡΑΚΑΣ (ΖΕΛΑΤΙΝΑ) - 4)ΑΝΑΜΟΝΗ ΗΛΕΚΤΡΙΚΗΣ ΦΟΡΤΙΣΗΣ ΤΗΣ ΜΠΑΤΑΡΙΑΣ - 5)ΧΕΙΡΟΠΟΙΗΤΗ ΑΓΩΝΙΣΤΙΚΗ ΣΕΛΛΑ - 6)ΠΛΗΡΩΣ ΕΝΗΜΕΡΩΜΕΝΟ ΒΙΒΛΙΟ SERVICE - 7)ΠΡΟΣΤΑΤΕΥΤΙΚΗ ΚΟΥΚΟΥΛΑ ΚΑΛΥΨΗΣ - 8)ΠΡΟΒΟΛΕΙΣ LED - 9)ΑΝΑΒΑΤΟΡΙΟ ΑΝΥΨΩΣΗΣ ΤΗΣ ΜΟΤΟΣΥΚΛΕΤΤΑΣ ΑΓΩΝΙΣΤΙΚΟΥ ΤΥΠΟΥ - 10)ΠΑΝΑΚΡΙΒΟΣ ΣΥΝΑΓΕΡΜΟΣ COBRA - ΔΕΚΤΟΣ ΟΠΟΙΟΣΔΗΠΟΤΕ ΣΟΒΑΡΟΣ ΕΛΕΓΧΟΣ - Less - "}