{"query": {"url": "https://www.car.gr/21336996-gemini", "type": "CAR_ADDE", "trial_count": 1, "last_processed": 1553098778}, "title": "Gemini  καμινο '88", "ad_id": "21336996", "ad_data": {"Make/Model": "Gemini καμινο '88", "Classified number": "21336996", "Price": "€230", "Category": "Bike - Moped", "Registration": "1 / 1988", "Mileage": "10,000 km", "Fuel type": "Gasoline", "Cubic capacity": "50 cc", "Power": "10 bhp", "Color": "Black", "Modified": "12 days", "Times clicked": "39", "Short link": "www.car.gr/21336996", "Telephone": "None"}, "ad_seller": {}, "metadata": {"type": "Bikes", "brand": "Gemini", "model": "Gemini  καμινο '88 - € 230 EUR (Negotiable)"}, "extras": [], "description": "το μωτερ βενζινα αερα στα λαστιχα γρασαρησμα και βολτα.κ.α.γ.π - Less - "}