{"query": {"url": "https://www.car.gr/21336908-kymco-agility-125", "type": "CAR_ADDE", "trial_count": 1, "last_processed": 1553098782}, "title": "Kymco Agility 125  '10", "ad_id": "21336908", "ad_data": {"Make/Model": "Kymco Agility 125 '10", "Classified number": "21336908", "Price": "€950", "Category": "Bike - Roller/Scooter", "Registration": "4 / 2010", "Mileage": "33,600 km", "Fuel type": "Gasoline", "Cubic capacity": "125 cc", "Power": "9 bhp", "Color": "White (Metallic)", "Kteo to": "12 / 2020", "Liters/100km": "3 (Μικτό)", "Modified": "12 days", "Times clicked": "131", "Short link": "www.car.gr/21336908", "Telephone": "None"}, "ad_seller": {}, "metadata": {"type": "Bikes", "brand": "Kymco", "model": "Agility 125"}, "extras": ["Automatic", "Cargo Rack", "Centerstand", "Four-stroke engine", "Sidestand", "Top Box-Μπαγκαζιέρα"], "description": "Πρώτο χέρι, Άριστα συντηρημένο. Πρόσφατο σέρβις μεγάλο με ρύθμιση βαλβίδων, ιμάντες τακάκια καινούργια πριν λίγα χλμτρα, ΚΤΕΟ πριν 4 μήνες. Εξτρα σέλα ανατομική και μεγαλύτερη από την εργοστασιακή. Πωλείται λόγω ακινησίας τα τελευταία δύο χρόνια και για αγορά μεγαλύτερης. - Less - "}