{"query": {"url": "https://www.car.gr/7108758-honda-cbr-600rr", "type": "CAR_ADDE", "trial_count": 1, "last_processed": 1553105018}, "title": "Honda CBR 600RR ΑΝΤΑΛΛΑΚΤΙΚΑ '04", "ad_id": "7108758", "ad_data": {"Make/Model": "Honda CBR 600RR ΑΝΤΑΛΛΑΚΤΙΚΑ '04", "Classified number": "7108758", "Price": "Askforprice", "Category": "Bike - Super Sport", "Registration": "1 / 2004", "Mileage": "1 km", "Fuel type": "Gasoline", "Cubic capacity": "600 cc", "Power": "3 bhp", "Color": "White", "Modified": "21 hours", "Times clicked": "4642", "Short link": "www.car.gr/7108758", "Telephone": "+30 2106666622"}, "ad_seller": {"Dealer": "MOTOPARTS 22", "Address": "ΑγίουΑθανασίου13", "City": "ΠΑΛΛΗΝΗ", "": "+30 2105225601", "Fax": "+30 2106001817", "Dealer page": "https//motoparts22.car.gr/", "Website": "http//www.motoparts22.com", "Open hours": "Δευτέρα-Παρασκευή 0830-1700\nΣ/Κ κλειστά"}, "metadata": {"type": "Bikes", "brand": "Honda", "model": "CBR 600RR"}, "extras": [], "description": "ΔΕΝ πωλείται ολόκληρη! - Πωλούνται μόνο ΑΝΤΑΛΛΑΚΤΙΚΑ από την εικονιζόμενη μοτοσυκλέτα. - Less - "}