{"query": {"url": "https://www.car.gr/6723916-yamaha-xt-beneton", "type": "CAR_ADDE", "trial_count": 1, "last_processed": 1553095067}, "title": "Yamaha XT BENETON '89", "ad_id": "6723916", "ad_data": {"Make/Model": "Yamaha XT BENETON '89", "Classified number": "6723916", "Price": "€1.500", "Category": "Bike - Εnduro", "Registration": "8 / 1989", "Mileage": "60,000 km", "Fuel type": "Gasoline", "Cubic capacity": "600 cc", "Power": "48 bhp", "Color": "Black", "Modified": "2 days", "Times clicked": "6913", "Short link": "www.car.gr/6723916", "Telephone": "+30 2821099405"}, "ad_seller": {"Dealer": "CHANIA MOTORCYCLES", "Address": "ΝΙΚΟΛΑΟΥΠΛΑΣΤΗΡΑ4", "City": "ΧΑΝΙΑ", "": "+30 6980127373", "Fax": "+30 6996312247", "Dealer page": "https//stavroulakis-cars.car.gr/"}, "metadata": {"type": "Bikes", "brand": "Yamaha", "model": "XT"}, "extras": ["Antique-Classic", "Car Exchange", "Exchange with Boat", "Exchange with Moto accepted", "Exhaust Special", "Four-stroke engine", "Kick-Starter"], "description": "εχει γινει ανακατασκευει δουλευει αριστα - Less - "}