{"query": {"url": "https://www.car.gr/21335714-honda-anf-125-innova-injection", "type": "CAR_ADDE", "trial_count": 10, "last_processed": 1553093116}, "title": "Honda ANF 125 Innova Injection  '09", "ad_id": "21335714", "ad_data": {"Make/Model": "Honda ANF 125 Innova Injection '09", "Classified number": "21335714", "Price": "€1.200", "Category": "Bike - Underbone", "Registration": "1 / 2009", "Mileage": "32,000 km", "Fuel type": "Gasoline", "Cubic capacity": "125 cc", "Power": "555 bhp", "Color": "Blue (Metallic)", "Modified": "2 hours", "Times clicked": "1379", "Short link": "www.car.gr/21335714", "Telephone": "+30 2107777128"}, "ad_seller": {"Dealer": "Times MOTO", "Address": "Μιχαλακοπούλου171", "City": "ΑΘΗΝΑ", "": "+30 2107777128", "Fax": "+30 2107777128", "Dealer page": "https//timesmoto.car.gr/", "Website": "http//www.timesmoto.com"}, "metadata": {"type": "Bikes", "brand": "Honda", "model": "ANF 125 Innova Injection"}, "extras": [], "description": ""}