{"query": {"url": "https://www.car.gr/21335706-yamaha-crypton-x135", "type": "CAR_ADDE", "trial_count": 1, "last_processed": 1553094153}, "title": "Yamaha CRYPTON-X135  '11", "ad_id": "21335706", "ad_data": {"Make/Model": "Yamaha CRYPTON-X135 '11", "Classified number": "21335706", "Price": "€2.400", "Category": "Bike - Underbone", "Registration": "8 / 2011", "Mileage": "23,000 km", "Fuel type": "Gasoline", "Cubic capacity": "150 cc", "Power": "14 bhp", "Color": "Black (Metallic)", "Modified": "20 hours", "Times clicked": "279", "Short link": "www.car.gr/21335706", "Telephone": "None"}, "ad_seller": {}, "metadata": {"type": "Bikes", "brand": "Yamaha", "model": "CRYPTON-X135"}, "extras": ["Electric starter", "Exhaust Special", "Greek Dealership", "Injection", "Spoke wheels", "Top Box-Μπαγκαζιέρα"], "description": "Πωλείται cryptonX 135 cc σε υπεραριστη κατάσταση. - Φοράει το Κιτ 150 cc γνήσιο της Yamaha (8000 km) - (Κύλινδρο-πιστόνι-προγραμμμα) - Εξάτμιση από Μαλαισία R9(250 euro) - Φίλτρο K&N ανάρτηση πίσω RB κόκκινη και γέφυρα πηρουνιού aftermarket(apido). - Μαζί δίνονται και πολλά πράγματα. - (Εξάτμιση γνήσια,μπαγαζιερα, χειρολαβές συνοδηγού,ζάντες αλουμινίου (χρήζουν επισκευή) κ.α). - Ευχαριστώ - Less - "}