{"query": {"url": "https://www.car.gr/21335742-kawasaki-z-750-s", "type": "CAR_ADDE", "trial_count": 1, "last_processed": 1553098826}, "title": "Kawasaki Z 750 S  '06", "ad_id": "21335742", "ad_data": {"Make/Model": "Kawasaki Z 750 S '06", "Classified number": "21335742", "Price": "€4.000", "Category": "Bike - Naked", "Registration": "1 / 2006", "Mileage": "68,600 km", "Fuel type": "Gasoline", "Cubic capacity": "750 cc", "Power": "110 bhp", "Color": "Black (Metallic)", "Kteo to": "12 / 2020", "Modified": "12 days", "Times clicked": "63", "Short link": "www.car.gr/21335742", "Telephone": "None"}, "ad_seller": {}, "metadata": {"type": "Bikes", "brand": "Kawasaki", "model": "Z 750 S"}, "extras": ["Engine Guards", "Exchange with Moto accepted", "Lights Xenon"], "description": "Πολυ καλη κατασταση σαν καινουργιο ανταλαγη με vstrom dl 650 ιδιας καταστασης του 2006 - Less - "}