{"query": {"url": "https://www.car.gr/21335724-sym-gts-250", "type": "CAR_ADDE", "trial_count": 1, "last_processed": 1553098828}, "title": "Sym GTS 250  '12", "ad_id": "21335724", "ad_data": {"Make/Model": "Sym GTS 250 '12", "Classified number": "21335724", "Price": "€1.600", "Category": "Bike - Roller/Scooter", "Registration": "3 / 2012", "Mileage": "70,000 km", "Fuel type": "Gasoline", "Cubic capacity": "250 cc", "Power": "29 bhp", "Color": "White", "Liters/100km": "4.2 (Εντός)", "Modified": "12 days", "Times clicked": "201", "Short link": "www.car.gr/21335724", "Telephone": "None"}, "ad_seller": {}, "metadata": {"type": "Bikes", "brand": "Sym", "model": "GTS 250"}, "extras": ["Alarm"], "description": "Σε άριστη κατάσταση,φυλασσόμενο σε γκαράζ,τα περισσότερα σέρβις του έχουν γίνει στην αντιπροσωπεία,πρόσφατο μεγάλο σέρβις&περασμένο ΚΤΕΟ,καινούρια φλάντζα,αντλία νερού&μπαταρία,η τιμή είναι τελική... - Less - "}