{"query": {"url": "https://www.car.gr/7182007-kymco-super-8-125cc", "type": "CAR_ADDE", "trial_count": 1, "last_processed": 1553100662}, "title": "Kymco Super 8 125cc '16", "ad_id": "7182007", "ad_data": {"Make/Model": "Kymco Super 8 125cc '16", "Classified number": "7182007", "Price": "€1.800", "Category": "Bike - Roller/Scooter", "Registration": "7 / 2016", "Fuel type": "Gasoline", "Cubic capacity": "125 cc", "Power": "10 bhp", "Color": "Black", "Modified": "19 days", "Times clicked": "1552", "Short link": "www.car.gr/7182007", "Telephone": "+30 2810330870"}, "ad_seller": {"Dealer": "H & K AEBE", "Address": "Λ.Ικαρου11&Αγ.ΦανουριουΝΕΑΑΛΙΚΑΡΝΑΣΣΟΣ", "City": "ΗΡΑΚΛΕΙΟ", "": "+30 2810330880", "Fax": "+30 2810240625", "Dealer page": "https//hkaebe.car.gr/"}, "metadata": {"type": "Bikes", "brand": "Kymco", "model": "Super 8"}, "extras": [], "description": "0 ΠΡΟΚΑΤΑΒΟΛΗ ΚΑΙ 72 ΜΗΝΕΣ ΕΞΩΦΛΗΣΗ -Η- 30%ΠΡΟΚΑΤΑΒΟΛΗ ΚΑΙ 12 ΜΗΝΕΣ ΑΤΟΚΑ - Less - "}