{"query": {"url": "https://www.car.gr/21335882-honda-cb-500-cb-500", "type": "CAR_ADDE", "trial_count": 1, "last_processed": 1553098836}, "title": "Honda CB 500 CB 500 '03", "ad_id": "21335882", "ad_data": {"Make/Model": "Honda CB 500 CB 500 '03", "Classified number": "21335882", "Price": "€2.200", "Category": "Bike - Naked", "Registration": "1 / 2003", "Mileage": "33,600 km", "Fuel type": "Gasoline", "Cubic capacity": "500 cc", "Power": "47 bhp", "Color": "Dark blue (Metallic)", "Modified": "12 days", "Times clicked": "182", "Short link": "www.car.gr/21335882", "Telephone": "None"}, "ad_seller": {}, "metadata": {"type": "Bikes", "brand": "Honda", "model": "CB 500"}, "extras": [], "description": "H μηχανή φυλλάσετε σε γκαράζ και είναι σε πολύ καλή κατάσταση - Less - "}