{"query": {"url": "https://www.car.gr/21335885-honda-xr-600", "type": "CAR_ADDE", "trial_count": 1, "last_processed": 1553098836}, "title": "Honda XR 600  '98", "ad_id": "21335885", "ad_data": {"Make/Model": "Honda XR 600 '98", "Classified number": "21335885", "Price": "€2.650", "Category": "Bike - Εnduro", "Registration": "8 / 1998", "Mileage": "60,000 km", "Fuel type": "Gasoline", "Cubic capacity": "600 cc", "Power": "48 bhp", "Color": "White", "Previous owners": "2", "Modified": "12 days", "Times clicked": "319", "Short link": "www.car.gr/21335885", "Telephone": "None"}, "ad_seller": {}, "metadata": {"type": "Bikes", "brand": "Honda", "model": "XR 600"}, "extras": [], "description": "XR600R σε πολύ καλή κατάσταση ,μηχανικά άριστο,εξάτμιση CRD λαιμος-τελικο,κοστούμι - σέλα TECNOSEL ,χούφτες ACERBIS - Less - "}