{"query": {"url": "https://www.car.gr/21335897-kymco-downtown-300i", "type": "CAR_ADDE", "trial_count": 1, "last_processed": 1553096253}, "title": "Kymco Downtown 300i Κουβέρτα-μπαγκαζιερα '12", "ad_id": "21335897", "ad_data": {"Make/Model": "Kymco Downtown 300i Κουβέρτα-μπαγκαζιερα '12", "Classified number": "21335897", "Price": "€2.850", "Category": "Bike - Roller/Scooter", "Registration": "1 / 2012", "Mileage": "59,000 km", "Fuel type": "Gasoline", "Cubic capacity": "300 cc", "Power": "34 bhp", "Color": "White", "Previous owners": "1", "Modified": "4 days", "Times clicked": "116", "Short link": "www.car.gr/21335897", "Telephone": "+30 2104009633"}, "ad_seller": {"Dealer": "DKCARS", "Address": "ΓΡΗΓΟΡΙΟΥΛΑΜΠΡΑΚΗ539", "City": "ΚΕΡΑΤΣΙΝΙ", "": "+30 6949244768", "Fax": "+30 2104009633", "Dealer page": "https//dkcars.car.gr/", "Website": "http//WWW.DKCARS.GR"}, "metadata": {"type": "Bikes", "brand": "Kymco", "model": "Downtown 300i"}, "extras": ["ABS", "Alarm", "Automatic", "Car Exchange", "Centerstand", "Electric starter", "Exchange with Moto accepted", "Four-stroke engine", "Greek Dealership", "Kick-Starter", "Led lights", "Service Book", "Top Box-Μπαγκαζιέρα"], "description": ""}