{"query": {"url": "https://www.car.gr/21335866-kawasaki-vulcan-vulcan-400", "type": "CAR_ADDE", "trial_count": 1, "last_processed": 1553098837}, "title": "Kawasaki Vulcan VULCAN 400  '00", "ad_id": "21335866", "ad_data": {"Make/Model": "Kawasaki Vulcan VULCAN 400  '00", "Classified number": "21335866", "Price": "€2.900", "Category": "Bike - Other", "Registration": "1 / 2000", "Mileage": "53,381 km", "Fuel type": "Gasoline", "Cubic capacity": "400 cc", "Power": "45 bhp", "Color": "Bordeaux", "Modified": "12 days", "Times clicked": "52", "Short link": "www.car.gr/21335866", "Telephone": "None"}, "ad_seller": {}, "metadata": {"type": "Bikes", "brand": "Kawasaki", "model": "Vulcan"}, "extras": ["Top Box-Μπαγκαζιέρα"], "description": ""}