{"query": {"url": "https://www.car.gr/21335867-tcb-spark-125", "type": "CAR_ADDE", "trial_count": 1, "last_processed": 1553105189}, "title": "TCB Spark 125  '15", "ad_id": "21335867", "ad_data": {"Make/Model": "TCB Spark 125 '15", "Classified number": "21335867", "Price": "€1", "Category": "Bike - Four Wheel-ATV", "Registration": "7 / 2015", "Mileage": "6,000 km", "Fuel type": "Gasoline", "Cubic capacity": "125 cc", "Power": "9 bhp", "Color": "Blue", "Modified": "12 days", "Times clicked": "55", "Short link": "www.car.gr/21335867", "Telephone": "None"}, "ad_seller": {}, "metadata": {"type": "Bikes", "brand": "TCB", "model": "Spark 125"}, "extras": [], "description": ""}