{"query": {"url": "https://www.car.gr/21335869-honda-sh-150i-sh-150-injection-1-2010", "type": "CAR_ADDE", "trial_count": 1, "last_processed": 1553095464}, "title": "Honda SH 150i SH 150 INJECTION 1-2010!!! '10", "ad_id": "21335869", "ad_data": {"Make/Model": "Honda SH 150i SH 150 INJECTION 1-2010!!! '10", "Classified number": "21335869", "Price": "€1.950", "Category": "Bike - Roller/Scooter", "Registration": "1 / 2010", "Mileage": "39,500 km", "Fuel type": "Gasoline", "Cubic capacity": "150 cc", "Power": "16 bhp", "Color": "White", "Modified": "2 days", "Times clicked": "200", "Short link": "www.car.gr/21335869", "Telephone": "+30 2102848978"}, "ad_seller": {"Dealer": "ΜΟΤΟΜ", "Address": "ΙΦΙΓΕΝΕΙΑΣ38Ν.ΗΡΑΚΛΕΙΟ", "City": "ΝΕΟΗΡΑΚΛΕΙΟ", "": "+30 2102848978", "Dealer page": "https//motom.car.gr/", "Website": "http//www.motom.gr"}, "metadata": {"type": "Bikes", "brand": "Honda", "model": "SH 150i"}, "extras": [], "description": "HONDA SH 150 INJECTION 1-2010 ΜΟΝΤΕΛΟ ΣΕ ΠΡΑΓΜΑΤΙΚΑ ΑΠΙΣΤΕΥΤΗ ΚΑΤΑΣΤΑΣΗ ΧΩΡΙΣ ΤΗΝ ΠΑΡΑΜΙΚΡΗ ΓΡΑΤΖΟΥΝΙΑ!!! - ΤΟ SCOOTER ΦΟΡΑΕΙ ΣΥΝΑΓΕΡΜΟ ΚΑΙ ΒΑΛΙΤΣΑ!!!ΥΠΑΡΧΕΙ BOOK SERVICE ΠΛΗΡΩΣ ΕΝΗΜΕΡΩΜΕΝΟ!!! - ΔΕΚΤΗ ΑΝΤΑΛΛΑΓΗ ΚΑΙ ΔΥΝΑΤΟΤΗΤΑ ΧΡΗΜΑΤΟΔΟΤΗΣΗΣ ΜΕΧΡΙ 48 ΜΗΝΕΣ ΧΩΡΙΣ ΠΡΟΚΑΤΑΒΟΛΗ!! - ΠΛΗΡΩΜΗ ΚΑΙ ΜΕΣΩ ΠΙΣΤΩΤΙΚΗΣ ΚΑΡΤΑΣ ΜΕΧΡΙ 12 ΑΤΟΚΕΣ ΔΟΣΕΙΣ!! - Less - "}