{"query": {"url": "https://www.car.gr/21335818-kawasaki-z-800-z800-abs", "type": "CAR_ADDE", "trial_count": 7, "last_processed": 1553093223}, "title": "Kawasaki Z 800 z800 abs '15", "ad_id": "21335818", "ad_data": {"Make/Model": "Kawasaki Z 800 z800 abs '15", "Classified number": "21335818", "Price": "€6.200", "Category": "Bike - Naked", "Registration": "5 / 2015", "Mileage": "22,200 km", "Fuel type": "Gasoline", "Cubic capacity": "800 cc", "Power": "115 bhp", "Color": "Green (Metallic)", "Previous owners": "1", "Modified": "5 hours", "Times clicked": "603", "Short link": "www.car.gr/21335818", "Telephone": "None"}, "ad_seller": {"Name": "ΘανάσηςΑ.", "Address": "ΚΕΡΑΤΣΙΝΙP.ΑΤΤΙΚΗΣ"}, "metadata": {"type": "Bikes", "brand": "Kawasaki", "model": "Z 800"}, "extras": ["ABS", "Cast wheels", "Led lights", "Service Book"], "description": "αριστη κατασταση φυλασσομενη σε γκαραζ με.βιβλιο σερβις μονο σοβαρες προτασεις η εκδοση με το abs λεντ φωτα philips. - Less - "}