{"query": {"url": "https://www.car.gr/5463624-honda-honda-rebel-250", "type": "CAR_ADDE", "trial_count": 1, "last_processed": 1553104656}, "title": "Honda  Honda Rebel 250 '00", "ad_id": "5463624", "ad_data": {"Make/Model": "Honda Honda Rebel 250 '00", "Classified number": "5463624", "Price": "€2.000", "Category": "Bike - On/Off", "Registration": "1 / 2000", "Mileage": "55,400 km", "Fuel type": "Gasoline", "Cubic capacity": "250 cc", "Power": "35 bhp", "Color": "Black", "Modified": "60 days", "Times clicked": "11022", "Short link": "www.car.gr/5463624", "Telephone": "+30 2104122075"}, "ad_seller": {"Dealer": "Tsivarakis Moto", "Address": "Γρ.Λαμπράκη10-12", "City": "ΠΕΙΡΑΙΑΣ", "": "+30 2104130039", "Fax": "+30 2104130039", "Dealer page": "https//tsivarakismoto.car.gr/", "Open hours": "Ωράριο Καταστήματος\nΔευτέρα – Παρασκευή 1000-2000\nΣάββατο 1000-1700"}, "metadata": {"type": "Bikes", "brand": "Honda", "model": "Honda  Honda Rebel 250 '00 - € 2.000 EUR"}, "extras": ["Exchange with Moto accepted"], "description": "Με διακανονισμό τιμή €2200 - 6 ΜΗΝΕΣ ΓΡΑΠΤΗ ΕΓΓΥΗΣΗ - Ωράριο Καταστήματος - Δευτέρα – Παρασκευή 10:00-20:00 - Σάββατο 10:00-17:00 - Ωράριο Συνεργείου - Δευτέρα – Παρασκευή 10:00-18:00 - Less - "}