{"query": {"url": "https://www.car.gr/3377688-honda-monkey-daytona", "type": "CAR_ADDE", "trial_count": 1, "last_processed": 1553104907}, "title": "Honda Monkey DAYTONA  '82", "ad_id": "3377688", "ad_data": {"Make/Model": "Honda Monkey DAYTONA  '82", "Classified number": "3377688", "Price": "Askforprice", "Category": "Bike - Mini..Moto", "Registration": "1 / 1982", "Mileage": "850 km", "Fuel type": "Gasoline", "Cubic capacity": "110 cc", "Power": "10 bhp", "Transmission": "Manual", "Color": "Black", "Modified": "6 hours", "Times clicked": "22414", "Short link": "www.car.gr/3377688", "Telephone": "+30 2109955451"}, "ad_seller": {"Dealer": "FANMOTORCYCLES", "Address": "ΗρώωνΠολυτεχνείου8", "City": "ΗΛΙΟΥΠΟΛΗ", "": "+30 2109918772", "Fax": "+30 2109923890", "Dealer page": "https//fanmoto.car.gr/", "Website": "http//www.fanmoto.gr"}, "metadata": {"type": "Bikes", "brand": "Honda", "model": "Monkey"}, "extras": [], "description": "FULL DAYTONA - Κάντε Like στη σελίδα μας στο facebook και επωφεληθείτε από τις προσφορές, τις κληρώσεις και τους διαγωνισμούς μας. - https://www.facebook.com/pages/wwwfanmotogr/286988304061?fref=ts - Less - "}