{"query": {"url": "https://www.car.gr/8795543-nomik-fx-50", "type": "CAR_ADDE", "trial_count": 1, "last_processed": 1553094620}, "title": "Nomik  FX 50 '16", "ad_id": "8795543", "ad_data": {"Make/Model": "Nomik FX 50 '16", "Classified number": "8795543", "Price": "€1.580", "Category": "Bike - Four Wheel-ATV", "Registration": "1 / 2016", "Fuel type": "Gasoline", "Cubic capacity": "50 cc", "Power": "5 bhp", "Color": "Other", "Modified": "1 day", "Times clicked": "3216", "Short link": "www.car.gr/8795543", "Telephone": "+30 2105617620"}, "ad_seller": {"Dealer": "MOTO NOMIKOS", "Address": "ΓΡ.ΛΑΜΠΡΑΚΗ94", "City": "ΚΟΡΥΔΑΛΛΟΣ", "": "+30 2105617732", "Fax": "+30 2105620902", "Dealer page": "https//motonomikos.car.gr/", "Website": "https//motonomikos.gr", "Open hours": "Δευτέρα - Παρασκευή 0830 - 2000\nΣάββατο 0800 - 1600\nΚυριακή κλειστά"}, "metadata": {"type": "Bikes", "brand": "Nomik", "model": "Nomik  FX 50 '16 - € 1.580 EUR"}, "extras": ["Automatic", "Electric starter", "Exchange with Moto accepted", "Kick-Starter", "Service Book", "Two-stroke"], "description": "ΝΕΕΣ ΠΑΡΑΛΑΒΕΣ FUXIN FX ATV - ☑ Στιβαρή κατασκευή - ☑ Εγγύηση 1 χρόνου - Ανταλλακτικά - ☑ Ιδανική για χώμα - ☑ Ιδανική για δρόμο - άσφαλτο (λάστιχα δρόμου) - Τεχνικα χαρακτηριστικα -------------------------- 1. Κινητήρας: 50cc, 2-κύλινδρος, μονοκύλινδρος, αερόψυκτος. - 2. Μέγιστη ισχύς: (kw/rpm) 3.4/8000 - 3. Μέγιστη ροπή: (Nm/rpm) 4.1/6500 - 4. Εκκίνηση: Μίζα / Μανιβέλα. - 5. Ανάφλεξη: CDI - 6. Σχέση συμπίεσης: 6.9:1 - 7. Μετάδοση: CVT / Τελική μετάδοση: Αλυσίδα - 8. Εμπρός / Πίσω φρένα: Υδραυλικό δυσκόφρενο - 9. Μέγιστη ταχύτητα: 45Km/h - 10. Τεπόζιτο: 8lt - 11. Μπαταρία: 12v - 6.5Ah - 12. Εμπρός / Πίσω ελαστικά: 19x7-8 / 19x7-8 - 13. Ύψος σέλας: 750mm - 14. Βάρος: 128.5kg - 15. Διαστάσεις ATV(mm): 1620x1010x1020 - Προεραιτικός εξοπλισμός: ---------------------------- 1. Χειροποίητη ενισχυμένη βάση κοτσαδόρου & κοτσαδόρος. - 2. Συναγερμός. - 3. Ηλεκτρικοί εργάτες. - 4. Μπαγκαζιέρες για κάθε ανάγκη (μεγάλη ποικιλία σε σχέδια και μεγέθη). - 5. Ανεμοθώρακες. - Service & Εγγύηση: - ☑ 1 χρόνο εγγύηση ανταλλακτικών. - ☑ Διαθέσιμα ανταλλακτικά. - ☑ Διαθέσιμες υπηρεσίες service / επισκευών. - ☑ Συνεχή υποστήριξη. - Αποστολή σε όλη την Ελλάδα (+επαρχία) - *Δωρεάν μεταφορά μέχρι το πρακτορείο της επιλογής σας (εντός Αθήνας). - Less - "}