{"query": {"url": "https://www.car.gr/4636311-skyteam-tw-raptor-250", "type": "CAR_ADDE", "trial_count": 1, "last_processed": 1553095487}, "title": "Skyteam  TW RAPTOR 250 '14", "ad_id": "4636311", "ad_data": {"Make/Model": "Skyteam TW RAPTOR 250 '14", "Classified number": "4636311", "Price": "€2.390", "Category": "Bike - On/Off", "Registration": "1 / 2014", "Fuel type": "Gasoline", "Cubic capacity": "250 cc", "Power": "16 bhp", "Color": "Black (Metallic)", "Modified": "2 days", "Times clicked": "14910", "Short link": "www.car.gr/4636311", "Telephone": "+30 2109224543"}, "ad_seller": {"Dealer": "ΕΥΘΥΜΙΟΥ ΜΟΤΟ", "Address": "Λ.ΚΑΛΛΙΡΡΟΗΣ33", "City": "ΑΘΗΝΑ", "": "+30 2109224543", "Fax": "+30 2109224547", "Dealer page": "https//efthimiou-moto.car.gr/"}, "metadata": {"type": "Bikes", "brand": "Skyteam", "model": "Skyteam  TW RAPTOR 250 '14 - € 2.390 EUR"}, "extras": ["Electric starter", "Exhibition", "Four-stroke engine", "Kick-Starter"], "description": "TW RAPTOR 250!!!!ΜΟΤΟΣΥΚΛΕΤΑ ΠΑΝΤΟΣ ΕΔΑΦΟΥΣ ΓΙΑ ΑΝΕΤΗ ΚΙΝΗΣΗ ΣΤΗΝ ΠΟΛΗ ΚΑΙ ΣΕ ΧΩΜΑΤΟΔΡΟΜΟ.ΜΕ ΧΑΜΗΛΟ ΥΨΟΣ ΚΑΘΙΣΜΑΤΟΣ ΚΑΙ ΧΑΜΗΛΟ ΚΕΝΤΡΟ ΒΑΡΟΥΣ ΙΔΑΝΙΚΟ ΓΙΑ ΜΕΤΡΙΑ ΑΝΑΣΤΗΜΑΤΑ. - Less - "}