{"query": {"url": "https://www.car.gr/6772983-honda-crf-450r", "type": "CAR_ADDE", "trial_count": 1, "last_processed": 1553102382}, "title": "Honda CRF 450R  '16", "ad_id": "6772983", "ad_data": {"Make/Model": "Honda CRF 450R '16", "Classified number": "6772983", "Price": "€6.350", "Category": "Bike - Motocross", "Registration": "1 / 2016", "Fuel type": "Gasoline", "Cubic capacity": "450 cc", "Power": "58 bhp", "Color": "Red", "Modified": "30 days", "Times clicked": "3387", "Short link": "www.car.gr/6772983", "Telephone": "+30 2310988189"}, "ad_seller": {"Dealer": "MOTOACTION", "Address": "ΛεωφόροςΚωνσταντίνουΚαραμανλή49", "City": "ΘΕΣΣΑΛΟΝΙΚΗ", "": "+30 2310988189", "Fax": "+30 2310988189", "Dealer page": "https//motoaction.car.gr/", "Website": "http//www.motoaction.gr", "Open hours": "Δευτέρα-Παρασκευή 0930 - 1900\nΣάββατο 1000 - 1430 (κατόπιν ραντεβού)"}, "metadata": {"type": "Bikes", "brand": "Honda", "model": "CRF 450R"}, "extras": ["Four-stroke engine", "Kick-Starter"], "description": "Καινούριο 2016 μοντέλο, τιμή με ΦΠΑ και Πιστοποιητικά τελωνείου. - Less - "}