{"query": {"url": "https://www.car.gr/4611212-honda-fjs-600-silver-wing-600", "type": "CAR_ADDE", "trial_count": 1, "last_processed": 1553097598}, "title": "Honda FJS 600 Silver WING 600 '05", "ad_id": "4611212", "ad_data": {"Make/Model": "Honda FJS 600 Silver WING 600 '05", "Classified number": "4611212", "Price": "€2.499", "Category": "Bike - Roller/Scooter", "Registration": "1 / 2005", "Mileage": "36,754 km", "Fuel type": "Gasoline", "Cubic capacity": "600 cc", "Power": "50 bhp", "Color": "White (Metallic)", "Modified": "9 days", "Times clicked": "1172", "Short link": "www.car.gr/4611212", "Telephone": "+30 2231036448"}, "ad_seller": {"Dealer": "ΑΦΟΙ ΚΑΤΣΙΑΒΟΥ Ο.Ε.- ΑΝΑΚΥΚΛΩΣΗ - ΛΑΜΙΑΣ", "Address": "ΡοδιτσαΛΑΜΙΑΣ", "City": "ΛΑΜΙΑ", "": "+30 2231036448", "Fax": "+30 2231036445", "Dealer page": "https//auto-salvage.car.gr/", "Website": "http//katsiavoscarparts.gr/", "Open hours": "ΔΕΥΤΕΡΑ -ΠΑΡΑΣΚΕΥΗ 8,00-17,00\nΣΑΒΒΑΤΟ 8,00-14,00\nΚΥΡΙΑΚΗ ΚΛΕΙΣΤΑ"}, "metadata": {"type": "Bikes", "brand": "Honda", "model": "FJS 600 Silver WING"}, "extras": [], "description": ""}