{"query": {"url": "https://www.car.gr/21331135-yamaha-tt-600r-tt-600r", "type": "CAR_ADDE", "trial_count": 1, "last_processed": 1553096944}, "title": "Yamaha TT 600R TT 600R '01", "ad_id": "21331135", "ad_data": {"Make/Model": "Yamaha TT 600R TT 600R '01", "Classified number": "21331135", "Price": "€1.400", "Category": "Bike - Super Motard", "Registration": "9 / 2001", "Mileage": "10,000 km", "Fuel type": "Gasoline", "Cubic capacity": "600 cc", "Power": "38 bhp", "Color": "Black", "Kteo to": "06 / 2020", "Modified": "7 days", "Times clicked": "1285", "Short link": "www.car.gr/21331135", "Telephone": "None"}, "ad_seller": {}, "metadata": {"type": "Bikes", "brand": "Yamaha", "model": "TT 600R"}, "extras": ["Car Exchange", "Exchange with Moto accepted", "Four-stroke engine", "Kick-Starter", "Sidestand", "Καρμπυρατέρ"], "description": "το μηχανάκι είναι σε πολύ καλή κατάσταση, έγινε πρόσφατο σέρβις (λάδια, φίλτρο λαδιού, μπουζί), πριν ένα χρόνο είχαν αλλαχτεί ρουλεμάν τιμονιού και τροχών, καινούριες ακτίνες πίσω, φοράει μάσκα UFO και πίσω φτερό από DT-R, έχει extra όπως: - ανάποδα μπροστινά WP. - μπροστά μαργαρίτα BRAKING. - εξάτμιση REMUS. - ηλεκτρονική IGNITECH. - κιτ DYNOJET στα καρμπυρατέρ. - τρόμπες φρένων από FAZER 600. - Less - "}