{"query": {"url": "https://www.car.gr/21331110-honda-cb-125-cb125f", "type": "CAR_ADDE", "trial_count": 1, "last_processed": 1553098620}, "title": "Honda CB 125 cb125f '17", "ad_id": "21331110", "ad_data": {"Make/Model": "Honda CB 125 cb125f '17", "Classified number": "21331110", "Price": "€2.200", "Category": "Bike - Street Bike", "Registration": "4 / 2017", "Mileage": "4,194 km", "Fuel type": "Gasoline", "Cubic capacity": "125 cc", "Power": "22 bhp", "Color": "White", "Previous owners": "1", "Modified": "11 days", "Times clicked": "140", "Short link": "www.car.gr/21331110", "Telephone": "+30 2310502080"}, "ad_seller": {"Dealer": "ΜΟΤΟ ΚΑΠΟΥΣΗΣ", "Address": "ΛΑΓΚΑΔΑ134", "City": "ΝΕΑΠΟΛΗ", "": "+30 2310502080", "Dealer page": "https//motokapousis.car.gr/", "Open hours": "Δευτέρα εως Παρασκεύη\n 09.00-19.00 και \nΣάββατο απο 09.00 εως 14.00"}, "metadata": {"type": "Bikes", "brand": "Honda", "model": "CB 125"}, "extras": [], "description": ""}