{"query": {"url": "https://www.car.gr/21331147-honda-cm-125", "type": "CAR_ADDE", "trial_count": 1, "last_processed": 1553093445}, "title": "Honda CM 125  '87", "ad_id": "21331147", "ad_data": {"Make/Model": "Honda CM 125 '87", "Classified number": "21331147", "Price": "€250", "Category": "Bike - Other", "Registration": "1 / 1987", "Mileage": "12,246 km", "Fuel type": "Gasoline", "Cubic capacity": "125 cc", "Power": "10 bhp", "Color": "Silver", "Modified": "6 hours", "Times clicked": "652", "Short link": "www.car.gr/21331147", "Telephone": "None"}, "ad_seller": {}, "metadata": {"type": "Bikes", "brand": "Honda", "model": "CM 125"}, "extras": [], "description": "Πωλείται Honda Cm 125 χωρίς χαρτιά. - Εχει μοτερ απο ανακατασκευή. - Παιρνει μπροστα κανονικά. - Η μηχανή βρίσκεται στον Ταύρο. - Less - "}