{"query": {"url": "https://www.car.gr/21331175-yamaha-x-max-250", "type": "CAR_ADDE", "trial_count": 1, "last_processed": 1553098936}, "title": "Yamaha X-MAX 250  '14", "ad_id": "21331175", "ad_data": {"Make/Model": "Yamaha X-MAX 250 '14", "Classified number": "21331175", "Price": "€4.000", "Category": "Bike - Roller/Scooter", "Registration": "7 / 2014", "Mileage": "28,000 km", "Fuel type": "Gasoline", "Cubic capacity": "250 cc", "Power": "23 bhp", "Color": "Grey", "Kteo to": "07 / 2020", "Modified": "12 days", "Times clicked": "195", "Short link": "www.car.gr/21331175", "Telephone": "None"}, "ad_seller": {}, "metadata": {"type": "Bikes", "brand": "Yamaha", "model": "X-MAX 250"}, "extras": [], "description": "Αριστη κατασταση, ολα τα Service σε αντιπροσωπεια yamaha, abs, xenon φωτα,μπαγκαζιερα γνησια,σuναγερμος patrol,δεκτός οποισδηποτε ελεγχος. - Less - "}