{"query": {"url": "https://www.car.gr/21331170-triumph-thunderbird", "type": "CAR_ADDE", "trial_count": 1, "last_processed": 1553093280}, "title": "Triumph Thunderbird  '97", "ad_id": "21331170", "ad_data": {"Make/Model": "Triumph Thunderbird '97", "Classified number": "21331170", "Price": "€5.700", "Category": "Bike - Custom", "Registration": "1 / 1997", "Mileage": "48,000 km", "Fuel type": "Gasoline", "Cubic capacity": "900 cc", "Power": "100 bhp", "Color": "Other (Metallic)", "Kteo to": "01 / 2019", "Liters/100km": "5.5 (Εντός)/4.5 (Εκτός)/5 (Μικτό)", "Previous owners": "1", "Modified": "6 hours", "Times clicked": "416", "Short link": "www.car.gr/21331170", "Telephone": "None"}, "ad_seller": {}, "metadata": {"type": "Bikes", "brand": "Triumph", "model": "Thunderbird"}, "extras": ["Electric starter", "Four-stroke engine", "Sidestand", "Spoke wheels", "Καρμπυρατέρ"], "description": "σε αριστη κατασταση δεκτος ελεγχος παντα φυλασομενη μεσα σε σπιτι! - Less - "}