{"query": {"url": "https://www.car.gr/21334852-piaggio-beverly-250-cruiser", "type": "CAR_ADDE", "trial_count": 1, "last_processed": 1553098883}, "title": "Piaggio Beverly 250 Cruiser  '07", "ad_id": "21334852", "ad_data": {"Make/Model": "Piaggio Beverly 250 Cruiser '07", "Classified number": "21334852", "Price": "€2.200", "Category": "Bike - Roller/Scooter", "Registration": "1 / 2007", "Mileage": "53,000 km", "Fuel type": "Gasoline", "Cubic capacity": "250 cc", "Power": "27 bhp", "Color": "Black", "Kteo to": "09 / 2019", "Previous owners": "1", "Modified": "12 days", "Times clicked": "78", "Short link": "www.car.gr/21334852", "Telephone": "None"}, "ad_seller": {}, "metadata": {"type": "Bikes", "brand": "Piaggio", "model": "Beverly 250 Cruiser"}, "extras": ["Centerstand", "Exchange with Boat"], "description": "Το μηχανάκι είναι σε πολύ καλή κατάσταση...έχει σπασμένο το αριστερό φλάς (20€)...Και θέλει και λάστιχα για αυτό και η τιμή συζητήσιμη... - Less - "}