{"query": {"url": "https://www.car.gr/21334800-triumph-tiger-1050", "type": "CAR_ADDE", "trial_count": 1, "last_processed": 1553096134}, "title": "Triumph Tiger 1050  '09", "ad_id": "21334800", "ad_data": {"Make/Model": "Triumph Tiger 1050 '09", "Classified number": "21334800", "Price": "€6.300", "Category": "Bike - Street Bike", "Registration": "5 / 2009", "Mileage": "21,500 km", "Fuel type": "Gasoline", "Cubic capacity": "1,050 cc", "Power": "125 bhp", "Color": "Orange (Metallic)", "Kteo to": "01 / 2020", "Modified": "4 days", "Times clicked": "244", "Short link": "www.car.gr/21334800", "Telephone": "None"}, "ad_seller": {}, "metadata": {"type": "Bikes", "brand": "Triumph", "model": "Tiger 1050"}, "extras": ["Alarm", "Cargo Rack", "Cast wheels", "Centerstand", "Engine Guards", "Gelatin", "Greek Dealership", "Service Book", "Sidestand"], "description": "Άριστο πρωτο χερι εξατμιση remus ,fatbar τιμονι baracuda, καινουργια λαστιχα dunlop, ζελατίνα FABRI, μανιταρια lsl καινούργια μπαταρία ιοντων λιθίου, βαση μπαγκαζιέρας givi, χουφτες και ορθιο σταντ.μαζι διγονται και ολα τα εργοστασιακα πραγματα που εχουν αντικατασταθεί. - Less - "}