{"query": {"url": "https://www.car.gr/21334886-honda-transalp-650-face-lift", "type": "CAR_ADDE", "trial_count": 1, "last_processed": 1553098881}, "title": "Honda Transalp 650 ΑΝΑΓΛΥΦΟ FACE LIFT '06", "ad_id": "21334886", "ad_data": {"Make/Model": "Honda Transalp 650 ΑΝΑΓΛΥΦΟ FACE LIFT '06", "Classified number": "21334886", "Price": "€2.895", "Category": "Bike - On/Off", "Registration": "5 / 2006", "Mileage": "40,000 km", "Fuel type": "Gasoline", "Cubic capacity": "650 cc", "Power": "55 bhp", "Color": "Black (Metallic)", "Previous owners": "1", "Modified": "12 days", "Times clicked": "40", "Short link": "www.car.gr/21334886", "Telephone": "+30 2107480575"}, "ad_seller": {"Dealer": "FACTORY MOTO", "Address": "MIXAΛΑΚΟΠΟΥΛΟΥ173", "City": "ΑΘΗΝΑ", "": "+30 6994796560", "Fax": "+30 2107480572", "Dealer page": "https//factorymoto.car.gr/", "Website": "http//www.factorymoto.gr"}, "metadata": {"type": "Bikes", "brand": "Honda", "model": "Transalp 650"}, "extras": ["Electric starter", "Exchange with Moto accepted", "Four-stroke engine", "Sidestand"], "description": ""}