{"query": {"url": "https://www.car.gr/21334803-bmw-f-650", "type": "CAR_ADDE", "trial_count": 1, "last_processed": 1553098884}, "title": "Bmw F 650  '98", "ad_id": "21334803", "ad_data": {"Make/Model": "Bmw F 650 '98", "Classified number": "21334803", "Price": "€1.200", "Category": "Bike - On/Off", "Registration": "1 / 1998", "Mileage": "66,000 km", "Fuel type": "Gasoline", "Cubic capacity": "650 cc", "Power": "45 bhp", "Color": "White", "Kteo to": "08 / 2020", "Previous owners": "1", "Modified": "12 days", "Times clicked": "182", "Short link": "www.car.gr/21334803", "Telephone": "None"}, "ad_seller": {}, "metadata": {"type": "Bikes", "brand": "Bmw", "model": "F 650"}, "extras": ["Engine Guards", "Four-stroke engine", "Gelatin", "Greek Dealership", "Top Box-Μπαγκαζιέρα"], "description": "Σε άριστη κατάσταση , από σέρβις , καινούργια μπαταρία , φυλάσσεται σε πυλωτής , πωλείται λόγω ανάγκης - Less - "}