{"query": {"url": "https://www.car.gr/21334869-yamaha-t-max-500-tmax-500-abs", "type": "CAR_ADDE", "trial_count": 1, "last_processed": 1553097541}, "title": "Yamaha T-MAX 500 TMAX 500 ABS '09", "ad_id": "21334869", "ad_data": {"Make/Model": "Yamaha T-MAX 500 TMAX 500 ABS '09", "Classified number": "21334869", "Price": "€5.499", "Category": "Bike - Roller/Scooter", "Registration": "10 / 2009", "Mileage": "31,000 km", "Fuel type": "Gasoline", "Cubic capacity": "500 cc", "Power": "54 bhp", "Color": "Black", "Modified": "8 days", "Times clicked": "302", "Short link": "www.car.gr/21334869", "Telephone": "None"}, "ad_seller": {}, "metadata": {"type": "Bikes", "brand": "Yamaha", "model": "T-MAX 500"}, "extras": ["ABS", "Alarm", "Gelatin"], "description": "Σε άριστη κατάσταση!!!!!!!!!!!!!!!!! - Less - "}