{"query": {"url": "https://www.car.gr/21334851-yamaha-xenter-150", "type": "CAR_ADDE", "trial_count": 1, "last_processed": 1553098884}, "title": "Yamaha Xenter 150  '14", "ad_id": "21334851", "ad_data": {"Make/Model": "Yamaha Xenter 150 '14", "Classified number": "21334851", "Price": "€2.200", "Category": "Bike - Roller/Scooter", "Registration": "1 / 2014", "Mileage": "33,000 km", "Fuel type": "Gasoline", "Cubic capacity": "150 cc", "Power": "14 bhp", "Color": "Black (Metallic)", "Kteo to": "03 / 2020", "Previous owners": "1", "Modified": "7 days", "Times clicked": "116", "Short link": "www.car.gr/21334851", "Telephone": "+30 2109237000"}, "ad_seller": {"Dealer": "BAXEVANIS MOTO", "Address": "ΚΑΛΛΙΡΟΗΣ12", "City": "ΑΘΗΝΑ", "": "+30 2109241083", "Fax": "+30 2109241973", "Dealer page": "https//baxevanismoto.car.gr/", "Website": "http//www.baxevanismoto.com"}, "metadata": {"type": "Bikes", "brand": "Yamaha", "model": "Xenter 150"}, "extras": ["Alarm", "Automatic", "Cargo Rack", "Cast wheels", "Centerstand", "Credit card-Visa accepted", "Electric starter", "Four-stroke engine", "Gelatin", "Greek Dealership", "Injection", "Sidestand", "Top Box-Μπαγκαζιέρα", "Trip computer"], "description": "Κατάσταση αρίστη δεκτός κάθε έλεγχος με 0 προκαταβολή και από 70 € /μηνα μεσω τράπεζας η με χρεωπιστωτική κάρτα. - Less - "}