{"query": {"url": "https://www.car.gr/21334854-piaggio-x-9", "type": "CAR_ADDE", "trial_count": 1, "last_processed": 1553098748}, "title": "Piaggio X 9  '04", "ad_id": "21334854", "ad_data": {"Make/Model": "Piaggio X 9 '04", "Classified number": "21334854", "Price": "€1.200", "Category": "Bike - Roller/Scooter", "Registration": "6 / 2004", "Mileage": "33,600 km", "Fuel type": "Gasoline", "Cubic capacity": "200 cc", "Power": "6 bhp", "Color": "Other", "Kteo to": "10 / 2020", "Previous owners": "1", "Modified": "12 days", "Times clicked": "68", "Short link": "www.car.gr/21334854", "Telephone": "None"}, "ad_seller": {}, "metadata": {"type": "Bikes", "brand": "Piaggio", "model": "X 9"}, "extras": ["Automatic", "Exchange with Moto accepted"], "description": "Σε καλή κατάσταση με ένα κλειδί. Θέλουν αλλαγή τα τακάκια πίσω. 33600 μίλια. Ανταλλαγή με Honda Innova ή Sym Gts.Να είναι σε καλή κατάσταση και χρηματική διαφορά από εσάς. - Less - "}