{"query": {"url": "https://www.car.gr/21334853-ktm-125-sx", "type": "CAR_ADDE", "trial_count": 1, "last_processed": 1553095277}, "title": "KTM 125 SX  '06", "ad_id": "21334853", "ad_data": {"Make/Model": "KTM 125 SX '06", "Classified number": "21334853", "Price": "€1.600", "Category": "Bike - Motocross", "Registration": "1 / 2006", "Mileage": "1 km", "Fuel type": "Gasoline", "Cubic capacity": "125 cc", "Power": "3 bhp", "Color": "Orange", "Modified": "2 days", "Times clicked": "344", "Short link": "www.car.gr/21334853", "Telephone": "None"}, "ad_seller": {}, "metadata": {"type": "Bikes", "brand": "KTM", "model": "125 SX"}, "extras": ["Kick-Starter", "Two-stroke"], "description": "20 ώρες από γενική επισκευή(πιστόνι, μπιέλα, ρουλεμάν στοφαλου, αλυσιδογραναζα, σέρβις στα μπροστινά, τακάκια, ρουλεμάν τροχών) - Less - "}