{"query": {"url": "https://www.car.gr/21334887-yamaha-xt-600e", "type": "CAR_ADDE", "trial_count": 1, "last_processed": 1553098880}, "title": "Yamaha XT 600E  '01", "ad_id": "21334887", "ad_data": {"Make/Model": "Yamaha XT 600E '01", "Classified number": "21334887", "Price": "€1.750", "Category": "Bike - On/Off", "Registration": "1 / 2001", "Mileage": "50,000 km", "Fuel type": "Gasoline", "Cubic capacity": "600 cc", "Power": "50 bhp", "Color": "Blue", "Modified": "12 days", "Times clicked": "164", "Short link": "www.car.gr/21334887", "Telephone": "None"}, "ad_seller": {}, "metadata": {"type": "Bikes", "brand": "Yamaha", "model": "XT 600E"}, "extras": [], "description": "Η ΜΗΧΑΝΗ ΕΙΝΑΙ ΠΕΝΤΑΚΑΘΑΡΗ ΚΑΙ ΣΕ ΓΚΑΡΑΖ.ΔΕΚΤΟΣ ΚΑΘΕ ΕΛΕΓΧΟΣ. - Less - "}