{"query": {"url": "https://www.car.gr/21334880-kawasaki-kaze-r-115", "type": "CAR_ADDE", "trial_count": 1, "last_processed": 1553098881}, "title": "Kawasaki KAZE R 115  '03", "ad_id": "21334880", "ad_data": {"Make/Model": "Kawasaki KAZE R 115 '03", "Classified number": "21334880", "Price": "€600", "Category": "Bike - Underbone", "Registration": "6 / 2003", "Mileage": "77,761 km", "Fuel type": "Gasoline", "Cubic capacity": "115 cc", "Power": "6 bhp", "Color": "Gold", "Modified": "12 days", "Times clicked": "485", "Short link": "www.car.gr/21334880", "Telephone": "None"}, "ad_seller": {}, "metadata": {"type": "Bikes", "brand": "Kawasaki", "model": "KAZE R 115"}, "extras": ["Electric starter", "Spoke wheels", "Καρμπυρατέρ"], "description": "Κενουρια μπιέλα επισκευασμένο πιστόνι κενουρια λάστιχα κενουρια σέλα σέ άριστη κατασταση - Less - "}