{"query": {"url": "https://www.car.gr/21334804-honda-transalp", "type": "CAR_ADDE", "trial_count": 1, "last_processed": 1553098884}, "title": "Honda Transalp  '97", "ad_id": "21334804", "ad_data": {"Make/Model": "Honda Transalp '97", "Classified number": "21334804", "Price": "€1.000", "Category": "Bike - On/Off", "Registration": "6 / 1997", "Mileage": "75,000 km", "Fuel type": "Gasoline", "Cubic capacity": "400 cc", "Power": "40 bhp", "Color": "Green", "Kteo to": "01 / 2020", "Modified": "12 days", "Times clicked": "171", "Short link": "www.car.gr/21334804", "Telephone": "None"}, "ad_seller": {}, "metadata": {"type": "Bikes", "brand": "Honda", "model": "Transalp"}, "extras": ["Engine Guards"], "description": "Αλλαγμενα αλυσιδογραναζα ,λαστιχα ανορθωτης μπαταρια και φεριγκ - Less - "}