{"query": {"url": "https://www.car.gr/21330154-piaggio-mp3-lt-400-lt", "type": "CAR_ADDE", "trial_count": 1, "last_processed": 1553098831}, "title": "Piaggio MP3 LT 400 LT '10", "ad_id": "21330154", "ad_data": {"Make/Model": "Piaggio MP3 LT 400 LT '10", "Classified number": "21330154", "Price": "€3.800", "Category": "Bike - Roller/Scooter", "Registration": "3 / 2010", "Mileage": "17,540 km", "Fuel type": "Gasoline", "Cubic capacity": "400 cc", "Power": "35 bhp", "Color": "Black (Metallic)", "Modified": "12 days", "Times clicked": "162", "Short link": "www.car.gr/21330154", "Telephone": "None"}, "ad_seller": {}, "metadata": {"type": "Bikes", "brand": "Piaggio", "model": "MP3 LT"}, "extras": ["Automatic", "Car Exchange", "Electric starter", "Exhaust Special", "Service Book"], "description": "Χωρίς το παραμικρό ψεγάδι.17500 χλμ με ιταλική εξάτμιση με νεα λάστιχα, απο σέρβις γενικό συν Νεο ιμάντα παντα σε γκαράζ πρωτο χέρι - Πωλειται λογο πατρότητας😀 - Δέκτη ανταλλαγή με σμαρτ. Οποιος πραγματικά θέλει ενα LT που δεν θα τον προβληματίσει ποτε και δεν θα χρειαστεί να βάλει ούτε ευρώ στο mp3 ας επικοινωνήσει. - Less - "}