{"query": {"url": "https://www.car.gr/21508944-piaggio-fly-50-4t", "type": "CAR_ADDE", "trial_count": 1, "last_processed": 1553094642}, "title": "Piaggio FLY 50 4T  '12", "ad_id": "21508944", "ad_data": {"Make/Model": "Piaggio FLY 50 4T '12", "Classified number": "21508944", "Price": "€850", "Category": "Bike - Roller/Scooter", "Registration": "1 / 2012", "Mileage": "15,400 km", "Fuel type": "Gasoline", "Cubic capacity": "50 cc", "Power": "2 bhp", "Color": "Bordeaux (Metallic)", "Liters/100km": "1.4 (Εντός)", "Modified": "1 day", "Times clicked": "13", "Short link": "www.car.gr/21508944", "Telephone": "None"}, "ad_seller": {}, "metadata": {"type": "Bikes", "brand": "Piaggio", "model": "FLY 50 4T"}, "extras": [], "description": "Πωλείται λόγω αγοράς αυτοκινήτου. - Less - "}