{"query": {"url": "https://www.car.gr/21508933-yamaha-yzf-r1", "type": "CAR_ADDE", "trial_count": 1, "last_processed": 1553094644}, "title": "Yamaha YZF-R1  '03", "ad_id": "21508933", "ad_data": {"Make/Model": "Yamaha YZF-R1 '03", "Classified number": "21508933", "Price": "€2.100", "Category": "Bike - Super Sport", "Registration": "1 / 2003", "Mileage": "42,000 km", "Fuel type": "Gasoline", "Cubic capacity": "1,000 cc", "Power": "155 bhp", "Color": "White", "Kteo to": "01 / 2020", "Modified": "1 day", "Times clicked": "194", "Short link": "www.car.gr/21508933", "Telephone": "None"}, "ad_seller": {}, "metadata": {"type": "Bikes", "brand": "Yamaha", "model": "YZF-R1"}, "extras": ["Exchange with Moto accepted"], "description": "Η μηχανή έχει πρόσφατο σέρβις λάδια φίλτρο τακάκια μπρος πίσω φοράει akrapovic τελικό θέλει και ένα λάστιχο πίσω το μπροστά είναι ολοκαίνουργιο !! δεχτή η ανταλλαγή με 600 super sport Περισσότερες πληροφορίες στο τηλ !! - Less - "}