{"query": {"url": "https://www.car.gr/21508998-yamaha-crypton-x135", "type": "CAR_ADDE", "trial_count": 1, "last_processed": 1553094642}, "title": "Yamaha  CRYPTON-X135 '10", "ad_id": "21508998", "ad_data": {"Make/Model": "Yamaha CRYPTON-X135 '10", "Classified number": "21508998", "Price": "€2.000", "Category": "Bike - Underbone", "Registration": "1 / 2010", "Mileage": "95,000 km", "Fuel type": "Gasoline", "Cubic capacity": "135 cc", "Power": "9 bhp", "Color": "Black", "Kteo to": "12 / 2019", "Modified": "1 day", "Times clicked": "20", "Short link": "www.car.gr/21508998", "Telephone": "None"}, "ad_seller": {}, "metadata": {"type": "Bikes", "brand": "Yamaha", "model": "Yamaha  CRYPTON-X135 '10 - € 2.000 EUR"}, "extras": ["Centerstand", "Greek Dealership", "Sidestand"], "description": "ΑΤΡΑΚΑΡΙΣΤΟ ΟΛΑ ΤΑ ΣΕΡΒΙΣ ΣΤΗ ΥΑΜΑΗΑ ΕΧΤΡΑ ΣΕΛΛΑ ΕΙΔΙΚΩΝ ΠΡΟΔΙΑΓΡΑΦΩΝ - Less - "}