{"query": {"url": "https://www.car.gr/21508923-aprilia-sportcity-200", "type": "CAR_ADDE", "trial_count": 1, "last_processed": 1553094645}, "title": "Aprilia SportCITY 200  '05", "ad_id": "21508923", "ad_data": {"Make/Model": "Aprilia SportCITY 200 '05", "Classified number": "21508923", "Price": "€1.300", "Category": "Bike - Roller/Scooter", "Registration": "1 / 2005", "Mileage": "42,000 km", "Fuel type": "Gasoline", "Cubic capacity": "200 cc", "Power": "21 bhp", "Color": "Other", "Modified": "1 day", "Times clicked": "33", "Short link": "www.car.gr/21508923", "Telephone": "None"}, "ad_seller": {}, "metadata": {"type": "Bikes", "brand": "Aprilia", "model": "SportCITY 200"}, "extras": ["Exchange with Moto accepted"], "description": "Πολύ καλή κατάσταση! Δεκτός κάθε έλεγχος. - Less - "}