{"query": {"url": "https://www.car.gr/8781566-honda-cb-1-400", "type": "CAR_ADDE", "trial_count": 1, "last_processed": 1553105006}, "title": "Honda CB 1 400 ΑΝΤΑΛΛΑΚΤΙΚΑ '89", "ad_id": "8781566", "ad_data": {"Make/Model": "Honda CB 1 400 ΑΝΤΑΛΛΑΚΤΙΚΑ '89", "Classified number": "8781566", "Price": "Askforprice", "Category": "Bike - Naked", "Registration": "1 / 1989", "Mileage": "78,285 km", "Fuel type": "Gasoline", "Cubic capacity": "400 cc", "Power": "3 bhp", "Color": "Blue", "Modified": "21 hours", "Times clicked": "5516", "Short link": "www.car.gr/8781566", "Telephone": "+30 2106666622"}, "ad_seller": {"Dealer": "MOTOPARTS 22", "Address": "ΑγίουΑθανασίου13", "City": "ΠΑΛΛΗΝΗ", "": "+30 2105225601", "Fax": "+30 2106001817", "Dealer page": "https//motoparts22.car.gr/", "Website": "http//www.motoparts22.com", "Open hours": "Δευτέρα-Παρασκευή 0830-1700\nΣ/Κ κλειστά"}, "metadata": {"type": "Bikes", "brand": "Honda", "model": "CB 1"}, "extras": [], "description": "ΔΕΝ πωλείται ολόκληρη! - Πωλούνται μόνο ΑΝΤΑΛΛΑΚΤΙΚΑ από την εικονιζόμενη μοτοσυκλέτα. - Less - "}