{"query": {"url": "https://www.car.gr/7131285-moto-guzzi-v50-monza", "type": "CAR_ADDE", "trial_count": 1, "last_processed": 1553102130}, "title": "Moto Guzzi  V50 MONZA '83", "ad_id": "7131285", "ad_data": {"Make/Model": "Moto Guzzi V50 MONZA '83", "Classified number": "7131285", "Price": "€2.950", "Category": "Bike - Street Bike", "Registration": "1 / 1983", "Mileage": "27,000 km", "Fuel type": "Gasoline", "Cubic capacity": "500 cc", "Power": "46 bhp", "Color": "Red", "Kteo to": "09 / 2016", "Modified": "28 days", "Times clicked": "712", "Short link": "www.car.gr/7131285", "Telephone": "None"}, "ad_seller": {}, "metadata": {"type": "Bikes", "brand": "Moto Guzzi", "model": "Moto Guzzi  V50 MONZA '83 - € 2.950 EUR"}, "extras": ["Antique-Classic"], "description": "Πρόσφατα ανανεωμένο με πολλά καινούργια ανταλλακτικά και προσοχή στη λεπτομέρεια. Φρένα (integrale), ηλεκτρικά, αναρτήσεις και όλα τα περιφερειακά έχουν ελεγχθεί και όπου έπρεπε, επισκευαστεί. To κοστούμι της είναι το γνήσιο θερμοπλαστικό και όχι πολυεστερικό αντίγραφο, πράγμα σπάνιο για μηχανή 33 ετών γιατί σημαίνει πως δεν έχει πέσει ποτέ. - After market τελικά με υπέροχο ήχο. Γέφυρα μπροστινού εποχής. Πίσω αμορτισέρ KONI ρυθμιζόμενα. Όλα τα άλλα αυθεντικά. Δουλεύει άψογα και ο κινητήρας είναι με λίγα χιλιόμετρα. - Με κρατικές πινακίδες. Δεκτός έλεγχος και δοκιμή. Η τιμή είναι η τελική. - Less - "}