{"query": {"url": "https://www.car.gr/6788097-suzuki-xf-650-freewind", "type": "CAR_ADDE", "trial_count": 1, "last_processed": 1553096977}, "title": "Suzuki XF 650 Freewind  '00", "ad_id": "6788097", "ad_data": {"Make/Model": "Suzuki XF 650 Freewind '00", "Classified number": "6788097", "Price": "€1.700", "Category": "Bike - On/Off", "Registration": "8 / 2000", "Mileage": "40,000 km", "Fuel type": "Gasoline", "Cubic capacity": "650 cc", "Power": "48 bhp", "Color": "Dark blue", "Modified": "7 days", "Times clicked": "3973", "Short link": "www.car.gr/6788097", "Telephone": "+30 2821099405"}, "ad_seller": {"Dealer": "CHANIA MOTORCYCLES", "Address": "ΝΙΚΟΛΑΟΥΠΛΑΣΤΗΡΑ4", "City": "ΧΑΝΙΑ", "": "+30 6980127373", "Fax": "+30 6996312247", "Dealer page": "https//stavroulakis-cars.car.gr/"}, "metadata": {"type": "Bikes", "brand": "Suzuki", "model": "XF 650 Freewind"}, "extras": ["Electric starter", "Exchange with Moto accepted", "Four-stroke engine", "Top Box-Μπαγκαζιέρα"], "description": "πολυ καλη κατασταση - Less - "}