{"query": {"url": "https://www.car.gr/501974-yamaha-tzr-250-tzr-250-3ma", "type": "CAR_ADDE", "trial_count": 1, "last_processed": 1553105270}, "title": "Yamaha TZR 250 TZR 250 3MA '90", "ad_id": "501974", "ad_data": {"Make/Model": "Yamaha TZR 250 TZR 250 3MA '90", "Classified number": "501974", "Price": "€11", "Category": "Bike - Street Bike", "Registration": "1 / 1990", "Mileage": "20,000 km", "Fuel type": "Gasoline", "Cubic capacity": "250 cc", "Power": "47 bhp", "Transmission": "Manual", "Color": "White (Metallic)", "Previous owners": "1", "Modified": "35 days", "Times clicked": "55423", "Short link": "www.car.gr/501974", "Telephone": "+30 6945279646"}, "ad_seller": {"Dealer": "ΜΟΤΟΣΥΛΛΟΓΗ", "Address": "59100", "City": "ΒΕΡΟΙΑ", "": "+30 6945279646", "Fax": "+30 2331022881", "Dealer page": "https//motosillogi.car.gr/", "Website": "https//www.facebook.com/motosyllogi76"}, "metadata": {"type": "Bikes", "brand": "Yamaha", "model": "TZR 250"}, "extras": ["Antique-Classic", "Cast wheels", "Exhaust Special", "Gelatin", "Kick-Starter", "Sidestand", "Two-stroke"], "description": "Το μηχανακι ειναι σε αριστη κατασταση. και ειναι ΜΑΝΙΣΙΟ. ΔΗΤΕ ΦΩΤΟ ΜΟΝΟ ΣΟΒΑΡΕΣ ΠΡΟΤΑΣΕΙΣ ΜΟΤΟΣΥΛΛΟΓΗ, η καλυτερη σχεση με τους 2 τροχους ΑΠΟ ΤΟ 1976 Η ΤΗΜΗ ΕΙΝΑΙ ΕΝΔΗΚΤΗΚΗ// MHN ΠΕΡΝΕΤΕ ΤΗΛ ΕΑΝ ΔΕΝ ΞΕΡΕΤΕ ΤΗΝ ΑΞΙΑ ΤΟΥ ΤΟ ΠΟΥΛΑΜΕ ΔΕΝ ΤΟ ΧΑΡΗΖΟΥΜΕ / TO EXOYME 28 XRONIA STHN KATOXH MAΣ EXEI AΔΕΙΑ ΚΑΙ ΠΙΝΑΚΙΔΕΣ ΠΕΡΑΣΜΕΝΟ ΚΤΕΟ ΟΛΑ ΟΚ /// - Less - "}