{"query": {"url": "https://www.car.gr/5006447-peugeot-v-clic-50", "type": "CAR_ADDE", "trial_count": 1, "last_processed": 1553094739}, "title": "Peugeot V-CLIC 50 '14", "ad_id": "5006447", "ad_data": {"Make/Model": "Peugeot V-CLIC 50 '14", "Classified number": "5006447", "Price": "€1.079", "Category": "Bike - Roller/Scooter", "Registration": "4 / 2014", "Fuel type": "Gasoline", "Cubic capacity": "50 cc", "Power": "4 bhp", "Color": "Black", "Modified": "1 day", "Times clicked": "44", "Short link": "www.car.gr/5006447", "Telephone": "+30 2102388281"}, "ad_seller": {"Dealer": "ΝΙΚΑΣ ΣΠΥΡΙΔΩΝ", "Address": "ΛΕΩΦ.ΔΗΜΟΚΡΑΤΙΑΣ290", "City": "ΑΧΑΡΝΕΣ", "": "+30 2102381638", "Fax": "+30 2102388282", "Dealer page": "https//chevrolet-nikas.car.gr/"}, "metadata": {"type": "Bikes", "brand": "Peugeot", "model": "V-CLIC"}, "extras": ["Automatic", "Car Exchange", "Electric starter", "Exchange with Moto accepted", "Four-stroke engine"], "description": "ΚΑΙΝΟΥΡΙΟ 0 ΧΙΛΙΟΜΕΤΡΑ - Less - "}