{"query": {"url": "https://www.car.gr/6793188-suzuki-gsx-750-gs-750e", "type": "CAR_ADDE", "trial_count": 1, "last_processed": 1553096730}, "title": "Suzuki GSX 750 GS 750E '80", "ad_id": "6793188", "ad_data": {"Make/Model": "Suzuki GSX 750 GS 750E '80", "Classified number": "6793188", "Price": "€2.000", "Category": "Bike - Street Bike", "Registration": "4 / 1980", "Mileage": "81,000 km", "Fuel type": "Gasoline", "Cubic capacity": "750 cc", "Power": "72 bhp", "Color": "Blue (Metallic)", "Modified": "6 days", "Times clicked": "7966", "Short link": "www.car.gr/6793188", "Telephone": "None"}, "ad_seller": {}, "metadata": {"type": "Bikes", "brand": "Suzuki", "model": "GSX 750"}, "extras": ["Alarm", "Antique-Classic", "Bars", "Electric starter", "Exhaust Special", "Gelatin", "Kick-Starter", "Top Box-Μπαγκαζιέρα"], "description": ""}