{"query": {"url": "https://www.car.gr/21336396-gilera-runner-125-180-malossi", "type": "CAR_ADDE", "trial_count": 1, "last_processed": 1553098790}, "title": "Gilera Runner 125 180 Malossi '02", "ad_id": "21336396", "ad_data": {"Make/Model": "Gilera Runner 125 180 Malossi '02", "Classified number": "21336396", "Price": "€1.600", "Category": "Bike - Roller/Scooter", "Registration": "1 / 2002", "Mileage": "3,500 km", "Fuel type": "Gasoline", "Cubic capacity": "172 cc", "Power": "2 bhp", "Color": "Blue (Metallic)", "Kteo to": "01 / 2021", "Previous owners": "1", "Modified": "12 days", "Times clicked": "144", "Short link": "www.car.gr/21336396", "Telephone": "None"}, "ad_seller": {}, "metadata": {"type": "Bikes", "brand": "Gilera", "model": "Runner 125"}, "extras": ["Automatic", "Car Exchange", "Centerstand", "Electric starter", "Lights Xenon", "Sidestand", "Two-stroke"], "description": ""}