{"query": {"url": "https://www.car.gr/21336305-lifan-lf-125-gy-6", "type": "CAR_ADDE", "trial_count": 1, "last_processed": 1553098806}, "title": "Lifan LF 125 GY-6  '19", "ad_id": "21336305", "ad_data": {"Make/Model": "Lifan LF 125 GY-6 '19", "Classified number": "21336305", "Price": "€500", "Category": "Bike - Underbone", "Registration": "1 / 2019", "Mileage": "1,500 km", "Fuel type": "Gasoline", "Cubic capacity": "125 cc", "Power": "9 bhp", "Color": "Orange", "Kteo to": "01 / 2020", "Liters/100km": "3 (Εντός)/3 (Εκτός)/3 (Μικτό)", "Previous owners": "1", "Modified": "12 days", "Times clicked": "516", "Short link": "www.car.gr/21336305", "Telephone": "None"}, "ad_seller": {}, "metadata": {"type": "Bikes", "brand": "Lifan", "model": "LF 125 GY-6"}, "extras": [], "description": "Καινούριο μοτέρ - Καινούρια λάστιχα - Καινούρια εξάτμιση - Καινούρια φρένα - Το μηχανάκι θέλει μόνο τα πλαστικά του έχει ΚΤΕΟ είναι κατάλληλο για κάποιον που το θέλει για delivery - Πολύ οικονομικό με 3 ευρώ κάνει 120 χιλιόμετρα... όλα τα πλαστικά του κοστίζουν 130 ευρώ υπάρχουν σε όποιον τα θέλει σήν στην τιμή του. - Less - "}