{"query": {"url": "https://www.car.gr/21336356-mz-sm", "type": "CAR_ADDE", "trial_count": 1, "last_processed": 1553098791}, "title": "MZ SM  '02", "ad_id": "21336356", "ad_data": {"Make/Model": "MZ SM '02", "Classified number": "21336356", "Price": "€1.000", "Category": "Bike - Super Motard", "Registration": "1 / 2002", "Mileage": "20,000 km", "Fuel type": "Gasoline", "Cubic capacity": "125 cc", "Power": "15 bhp", "Color": "Yellow", "Modified": "12 days", "Times clicked": "231", "Short link": "www.car.gr/21336356", "Telephone": "None"}, "ad_seller": {}, "metadata": {"type": "Bikes", "brand": "MZ", "model": "SM"}, "extras": [], "description": "Η μηχανή είναι σε καλή κατάσταση. Ωστόσο, χρειάζεται αλλαγή ψυγείου. Πωλείται για κίνηση ή ολόκληρη για ανταλλακτικά. - Less - "}