{"query": {"url": "https://www.car.gr/21336314-honda-cbr-600-f", "type": "CAR_ADDE", "trial_count": 1, "last_processed": 1553098804}, "title": "Honda CBR 600 F  '93", "ad_id": "21336314", "ad_data": {"Make/Model": "Honda CBR 600 F '93", "Classified number": "21336314", "Price": "€1.000", "Category": "Bike - Super Sport", "Registration": "1 / 1993", "Mileage": "60,000 km", "Fuel type": "Gasoline", "Cubic capacity": "600 cc", "Power": "100 bhp", "Color": "Red", "Modified": "12 days", "Times clicked": "349", "Short link": "www.car.gr/21336314", "Telephone": "None"}, "ad_seller": {}, "metadata": {"type": "Bikes", "brand": "Honda", "model": "CBR 600 F"}, "extras": [], "description": ""}