{"query": {"url": "https://www.car.gr/21336349-piaggio-liberty-150-liberty-150", "type": "CAR_ADDE", "trial_count": 1, "last_processed": 1553098803}, "title": "Piaggio Liberty 150 LIBERTY 150 '11", "ad_id": "21336349", "ad_data": {"Make/Model": "Piaggio Liberty 150 LIBERTY 150 '11", "Classified number": "21336349", "Price": "€500", "Category": "Bike - Roller/Scooter", "Registration": "1 / 2011", "Mileage": "68,000 km", "Fuel type": "Gasoline", "Cubic capacity": "150 cc", "Power": "15 bhp", "Color": "Silver (Metallic)", "Kteo to": "11 / 2020", "Previous owners": "1", "Modified": "12 days", "Times clicked": "73", "Short link": "www.car.gr/21336349", "Telephone": "None"}, "ad_seller": {}, "metadata": {"type": "Bikes", "brand": "Piaggio", "model": "Liberty 150"}, "extras": [], "description": ""}