{"query": {"url": "https://www.car.gr/21336397-sym-vs-150", "type": "CAR_ADDE", "trial_count": 1, "last_processed": 1553095721}, "title": "Sym VS 150  '08", "ad_id": "21336397", "ad_data": {"Make/Model": "Sym VS 150 '08", "Classified number": "21336397", "Price": "€1.150", "Category": "Bike - Roller/Scooter", "Registration": "1 / 2008", "Mileage": "30 km", "Fuel type": "Gasoline", "Cubic capacity": "150 cc", "Power": "10 bhp", "Color": "Blue", "Modified": "3 days", "Times clicked": "91", "Short link": "www.car.gr/21336397", "Telephone": "+30 2315551127"}, "ad_seller": {"Dealer": "KL SHOP", "Address": "Ναθαναηλ2[ΜΠΟΤΣΑΡΗ]", "City": "ΘΕΣΣΑΛΟΝΙΚΗ", "": "+30 2315551127", "Dealer page": "https//klshop.car.gr/", "Website": "http//www.klshop.gr", "Open hours": "Δευτέρα - Παρασκευή 1000 με 2000\nΣαββάτο  1000 με 1500"}, "metadata": {"type": "Bikes", "brand": "Sym", "model": "VS 150"}, "extras": ["Car Exchange", "Exchange with Moto accepted"], "description": "Σε υπεραριστη κατάσταση - Έχει γίνει service αλλάχτηκαν όλα όπως και τα λάστιχα - Extra LED KIT Angel Eyes κ Εξάτμιση - Έχει γίνει και βελτίωση στον συμπλέκτη. - Πάρα μα πάρα πολύ οικονομικό - Δεκτός οποιοσδήποτε έλεγχος - Το μηχανάκι είναι όλο ντυμένο με αυτοκόλλητο - Less - "}