{"query": {"url": "https://www.car.gr/5065105-piaggio-125", "type": "CAR_ADDE", "trial_count": 1, "last_processed": 1553105203}, "title": "Piaggio  125 '02", "ad_id": "5065105", "ad_data": {"Make/Model": "Piaggio 125 '02", "Classified number": "5065105", "Price": "€1", "Category": "Bike - Roller/Scooter", "Registration": "1 / 2002", "Mileage": "29,157 km", "Fuel type": "Gasoline", "Cubic capacity": "125 cc", "Power": "3 bhp", "Color": "Grey (Metallic)", "Modified": "15 days", "Times clicked": "4109", "Short link": "www.car.gr/5065105", "Telephone": "+30 2751063383"}, "ad_seller": {"Dealer": "ANΑΚΥΚΛΩΣΗ ΑΡΓΟΛΙΔΑΣ ΣΤΑΜΑΤΗΣ ΙΓΗΠΑΣΗΣ ΚΑΙ ΣΙΑ Ο.Ε.", "Address": "ΑΡΓΟΣΑΡΓΟΛΙΔΑΣ", "City": "ΑΡΓΟΣ", "": "+30 2751063383", "Fax": "+30 2751063384", "Dealer page": "https//ikosilan.car.gr/"}, "metadata": {"type": "Bikes", "brand": "Piaggio", "model": "Piaggio  125 '02 - € 1 EUR"}, "extras": [], "description": "ΜΕ ΚΑΙΝΟΥΡΓΙΟ ΛΟΥΡΙ-ΤΑΚΑΚΙΑ-ΜΠΑΤΑΡΙΑ - Πληροφορίες:2741026857 - Less - "}