{"query": {"url": "https://www.car.gr/505879-zongshen-zs-200-kainoyrio", "type": "CAR_ADDE", "trial_count": 1, "last_processed": 1553105266}, "title": "Zongshen  ZS-200  KAINOYRIO  '16", "ad_id": "505879", "ad_data": {"Make/Model": "Zongshen ZS-200  KAINOYRIO  '16", "Classified number": "505879", "Price": "€11", "Category": "Bike - Super Motard", "Registration": "1 / 2016", "Fuel type": "Gasoline", "Cubic capacity": "200 cc", "Power": "23 bhp", "Transmission": "Manual", "Color": "Black (Metallic)", "Modified": "35 days", "Times clicked": "12235", "Short link": "www.car.gr/505879", "Telephone": "+30 6945279646"}, "ad_seller": {"Dealer": "ΜΟΤΟΣΥΛΛΟΓΗ", "Address": "59100", "City": "ΒΕΡΟΙΑ", "": "+30 6945279646", "Fax": "+30 2331022881", "Dealer page": "https//motosillogi.car.gr/", "Website": "https//www.facebook.com/motosyllogi76"}, "metadata": {"type": "Bikes", "brand": "Zongshen", "model": "Zongshen  ZS-200  KAINOYRIO  '16 - € 11 EUR (Negotiable)"}, "extras": ["Car Exchange", "Catalyst", "Electric starter", "Exchange with Moto accepted", "Exhaust Special", "Exhibition", "Four-stroke engine", "Gelatin", "Greek Dealership", "Kick-Starter", "Service Book"], "description": "Το μηχανακι ειναι καινουριο . ΜΟΤΟΣΥΛΛΟΓΗ, η καλυτερη σχεση με τους 2 τροχους.ΔΕΚΤΗ ΑΝΤΑΛΑΓΗ ΚΑΙ ΑΠΟΣΥΡΣΗ ΜΕ ΟΠΟΙΟΔΗΠΟΤΕ ΜΕΤΑΧΕΙΡΙΣΜΕΝΟ ΜΗΧΑΝΑΚΙ ΑΠΟΣΤΟΛΗ ΣΕ ΟΛΗ ΤΗΝ ΕΛΛΑΔΑ..Η ΤΗΜΗ ΕΙΝΑΙ ΕΝΔΗΚΤΗΚΗ// ΑΝΤΑΛΑΓΗ ΜΕ ΤΡΑΚΤΕΡ Η ΑΓΡΟΤΙΚΟ ΚΑΡΟΤΣΑ - Less - "}