{"query": {"url": "https://www.car.gr/21335280-yamaha-x-city-250", "type": "CAR_ADDE", "trial_count": 1, "last_processed": 1553098853}, "title": "Yamaha X-CITY 250  '08", "ad_id": "21335280", "ad_data": {"Make/Model": "Yamaha X-CITY 250 '08", "Classified number": "21335280", "Price": "€1.700", "Category": "Bike - Roller/Scooter", "Registration": "7 / 2008", "Mileage": "56,000 km", "Fuel type": "Gasoline", "Cubic capacity": "250 cc", "Power": "21 bhp", "Color": "Black (Metallic)", "Kteo to": "07 / 2020", "Modified": "12 days", "Times clicked": "18", "Short link": "www.car.gr/21335280", "Telephone": "None"}, "ad_seller": {}, "metadata": {"type": "Bikes", "brand": "Yamaha", "model": "X-CITY 250"}, "extras": [], "description": ""}