{"query": {"url": "https://www.car.gr/21335233-suzuki-bandit-400", "type": "CAR_ADDE", "trial_count": 1, "last_processed": 1553098856}, "title": "Suzuki Bandit 400  '98", "ad_id": "21335233", "ad_data": {"Make/Model": "Suzuki Bandit 400 '98", "Classified number": "21335233", "Price": "€1.000", "Category": "Bike - On/Off", "Registration": "1 / 1998", "Mileage": "21,600 km", "Fuel type": "Gasoline", "Cubic capacity": "400 cc", "Power": "50 bhp", "Color": "Green", "Modified": "12 days", "Times clicked": "268", "Short link": "www.car.gr/21335233", "Telephone": "None"}, "ad_seller": {}, "metadata": {"type": "Bikes", "brand": "Suzuki", "model": "Bandit 400"}, "extras": [], "description": ""}