{"query": {"url": "https://www.car.gr/21335263-piaggio-vespa-s50", "type": "CAR_ADDE", "trial_count": 1, "last_processed": 1553098855}, "title": "Piaggio Vespa S50 Βεσπινο '79", "ad_id": "21335263", "ad_data": {"Make/Model": "Piaggio Vespa S50 Βεσπινο '79", "Classified number": "21335263", "Price": "€2.300", "Category": "Bike - Roller/Scooter", "Registration": "2 / 1979", "Mileage": "11 km", "Fuel type": "Gasoline", "Cubic capacity": "50 cc", "Power": "11 bhp", "Color": "Beige", "Kteo to": "04 / 2021", "Previous owners": "2", "Modified": "12 days", "Times clicked": "123", "Short link": "www.car.gr/21335263", "Telephone": "None"}, "ad_seller": {}, "metadata": {"type": "Bikes", "brand": "Piaggio", "model": "Vespa S50"}, "extras": [], "description": "Αμμοβολη Χωρίς στοκο αγρατζουνιστο .αψογο - Less - "}