{"query": {"url": "https://www.car.gr/21335223-keeway-target-125", "type": "CAR_ADDE", "trial_count": 1, "last_processed": 1553093441}, "title": "Keeway Target 125  '15", "ad_id": "21335223", "ad_data": {"Make/Model": "Keeway Target 125 '15", "Classified number": "21335223", "Price": "€600", "Category": "Bike - Underbone", "Registration": "1 / 2015", "Mileage": "30,000 km", "Fuel type": "Gasoline", "Cubic capacity": "125 cc", "Power": "15 bhp", "Color": "Black", "Modified": "6 hours", "Times clicked": "415", "Short link": "www.car.gr/21335223", "Telephone": "+30 2103410880"}, "ad_seller": {"Dealer": "SERVICE SAMOTHRAKIS", "Address": "kallirois176petralona", "City": "ΑΘΗΝΑ", "": "+30 2103410880", "Dealer page": "https//samothrakis.car.gr/"}, "metadata": {"type": "Bikes", "brand": "Keeway", "model": "Target 125"}, "extras": ["Car Exchange", "Exchange with Moto accepted"], "description": "Se ksli katastasi' - Less - "}