{"query": {"url": "https://www.car.gr/5498169-honda-cr-250r", "type": "CAR_ADDE", "trial_count": 1, "last_processed": 1553101851}, "title": "Honda CR 250R  '00", "ad_id": "5498169", "ad_data": {"Make/Model": "Honda CR 250R '00", "Classified number": "5498169", "Price": "€2.000", "Category": "Bike - Motocross", "Registration": "1 / 2000", "Mileage": "2,500 km", "Fuel type": "Gasoline", "Cubic capacity": "250 cc", "Power": "50 bhp", "Color": "Red", "Modified": "26 days", "Times clicked": "256", "Short link": "www.car.gr/5498169", "Telephone": "None"}, "ad_seller": {}, "metadata": {"type": "Bikes", "brand": "Honda", "model": "CR 250R"}, "extras": ["Exhaust Special", "Kick-Starter", "Price without VAT", "Two-stroke"], "description": "ΑΛΟΥΜΙΝΕΝΙΟΣ ΣΚΕΛΕΤΟΣ, ΜΟΝΤΕΛΟ 2000. - ΠΟΛΥ ΚΑΛΗ ΚΑΤΑΣΤΑΣΗ. - ΕΞΑΤΜΙΣΗ FMF ΟΛΟΣΩΜΗ. - ΖΑΝΤΕΣ EXCEL ΜΑΥΡΕΣ ΕΛΑΦΡΥΤΕΡΕΣ. - V FORCE REED Valve ΠΟΥ ΒΕΛΤΙΩΝΕΙ ΑΚΟΜΑ ΠΕΡΙΣΣΟΤΕΡΟ ΤΗΝ ΕΠΙΤΑΧΥΝΣΗ ΚΑΙ ΤΗΝ ΑΠΟΚΡΙΣΗ ΤΟΥ ΓΚΑΖΙΟΥ. - FAT BAR ΤΙΜΟΝΙ. - ΚΑΙΝΟΥΡΓΙΑ ΓΡΑΝΑΖΙΑ ΚΑΙ ΑΛΥΣΙΔΑ. - ΧΩΡΙΣ ΑΓΩΝΕΣ, ΠΟΛΥ ΔΥΝΑΤΟ. - ΟΧΙ ΤΗΛ. ΜΕ ΑΠΟΚΡΥΨΗ ΑΡΙΘΜΟΥ - Less - "}