{"query": {"url": "https://www.car.gr/21331366-zongshen-zs-110-60-110", "type": "CAR_ADDE", "trial_count": 1, "last_processed": 1553098963}, "title": "Zongshen ZS 110-60 110 '10", "ad_id": "21331366", "ad_data": {"Make/Model": "Zongshen ZS 110-60 110 '10", "Classified number": "21331366", "Price": "€700", "Category": "Bike - Underbone", "Registration": "1 / 2010", "Mileage": "2,000 km", "Fuel type": "Gasoline", "Cubic capacity": "110 cc", "Power": "10 bhp", "Color": "Black (Metallic)", "Kteo to": "03 / 2021", "Liters/100km": "1.1 (Εντός)", "Previous owners": "1", "Modified": "12 days", "Times clicked": "88", "Short link": "www.car.gr/21331366", "Telephone": "None"}, "ad_seller": {}, "metadata": {"type": "Bikes", "brand": "Zongshen", "model": "ZS 110-60"}, "extras": ["Car Exchange", "Cargo Rack", "Centerstand", "Electric starter", "Engine Guards", "Exchange with Moto accepted", "Exhaust Special", "Exhibition", "Four-stroke engine", "Greek Dealership", "Led lights", "Notes, checks accepted", "Price without VAT", "Service Book", "Sidestand", "Skid Plate", "Spoke wheels", "Καρμπυρατέρ"], "description": "Πωλείται το παρόν όχημα ! - Από γενική επισκευή! - Πλήρως λειτουργικό ! - 110 κυβικά ! - Πληρωμένα όλα τα χαρτιά του (Σημα 2019 ,ΚΤΕΟ έως 2021)! - Τιμή ελαφρώς συζήτησιμη! - Πληροφοριες στο ! - Less - "}