{"query": {"url": "https://www.car.gr/21331364-honda-sh-150i", "type": "CAR_ADDE", "trial_count": 1, "last_processed": 1553094617}, "title": "Honda SH 150i  '09", "ad_id": "21331364", "ad_data": {"Make/Model": "Honda SH 150i '09", "Classified number": "21331364", "Price": "€1.700", "Category": "Bike - Roller/Scooter", "Registration": "2 / 2009", "Mileage": "43,010 km", "Fuel type": "Gasoline", "Cubic capacity": "150 cc", "Power": "15 bhp", "Color": "White", "Kteo to": "01 / 2021", "Modified": "1 day", "Times clicked": "217", "Short link": "www.car.gr/21331364", "Telephone": "None"}, "ad_seller": {}, "metadata": {"type": "Bikes", "brand": "Honda", "model": "SH 150i"}, "extras": ["Centerstand", "Injection", "Top Box-Μπαγκαζιέρα"], "description": "Πραγματικά χιλιόμετρα. Απο σερβις. Τα λάστιχα ειναι καινούργια. Δεν χρειάζεται τιποτα. Δινω μαζι και μια κουβέρτα.Μερες επικοινωνίας: Τεταρτη μεχρι Σαββατο - Less - "}