{"query": {"url": "https://www.car.gr/classifieds/bikes/view/21331381/", "type": "CAR_ADDE", "trial_count": 1, "last_processed": 1553098953}, "title": "Αλλο  Αυτοματο '10", "ad_id": "21331381", "ad_data": {"Make/Model": "Αλλο Αυτοματο '10", "Classified number": "21331381", "Price": "€500", "Category": "Bike - Street Bike", "Registration": "1 / 2010", "Mileage": "35,000 km", "Fuel type": "Gasoline", "Cubic capacity": "125 cc", "Power": "125 bhp", "Color": "Red", "Kteo to": "01 / 2020", "Modified": "12 days", "Times clicked": "104", "Short link": "www.car.gr/21331381", "Telephone": "None"}, "ad_seller": {}, "metadata": {"type": "Bikes", "brand": "Αλλο", "model": "Αλλο  Αυτοματο '10 - € 500 EUR (Negotiable)"}, "extras": ["Two-stroke"], "description": ""}