{"query": {"url": "https://www.car.gr/5475078-bmw-k-1300-r-full-extra", "type": "CAR_ADDE", "trial_count": 1, "last_processed": 1553099034}, "title": "Bmw K 1300 R full extra Σαν ΚΑΙΝΟΥΡΙΟ '09", "ad_id": "5475078", "ad_data": {"Make/Model": "Bmw K 1300 R full extra Σαν ΚΑΙΝΟΥΡΙΟ '09", "Classified number": "5475078", "Price": "€12.500", "Category": "Bike - Naked", "Registration": "2 / 2009", "Mileage": "7,030 km", "Fuel type": "Gasoline", "Cubic capacity": "1,293 cc", "Power": "173 bhp", "Color": "Black (Metallic)", "Modified": "13 days", "Times clicked": "10150", "Short link": "www.car.gr/5475078", "Telephone": "+30 6949825918"}, "ad_seller": {"Dealer": "ΜΠΙΛΙΡΗΣ Α.Ε Eπισκευές-βαφές ζαντών", "Address": "Λ.Κωνσταντινουπόλεως11", "City": "ΠΕΡΙΣΤΕΡΙ", "": "+30 2105760024", "Fax": "+30 2105760024", "Dealer page": "https//biliris-wheel-service.car.gr/", "Website": "https//www.facebook.com/BilirisEpiskeviVafiZanton/", "Open hours": "Δευτέρα έως Παρασκευή 830-1830\nΣάββατο 830-1430"}, "metadata": {"type": "Bikes", "brand": "Bmw", "model": "K 1300 R"}, "extras": ["ABS", "Alarm", "Catalyst", "Electric starter", "Exhibition", "Four-stroke engine", "Heated Handguards", "Kick-Starter", "Service Book", "TCS-TractionControl"], "description": "Σαν ΚΑΙΝΟΥΡΙΟ πληροφορίες από το τηλέφωνο - Less - "}