{"query": {"url": "https://www.car.gr/5475885-honda-vt-400-c-shadow", "type": "CAR_ADDE", "trial_count": 1, "last_processed": 1553104828}, "title": "Honda VT 400 C Shadow  '99", "ad_id": "5475885", "ad_data": {"Make/Model": "Honda VT 400 C Shadow '99", "Classified number": "5475885", "Price": "€5.200", "Category": "Bike - Chopper", "Registration": "1 / 1999", "Mileage": "1 km", "Fuel type": "Gasoline", "Cubic capacity": "400 cc", "Power": "40 bhp", "Color": "Black", "Modified": "over 2 months", "Times clicked": "7596", "Short link": "www.car.gr/5475885", "Telephone": "+30 2431026327"}, "ad_seller": {"Dealer": "OFF RUN MOTORSTORE", "Address": "ΠΕΡΙΦΕΡΕΙΑΚΗΟΔΟΣΛΑΡΙΣΗΣ-ΙΩΑΝΝΙΝΩΝ", "City": "ΤΡΙΚΑΛΑ", "": "+30 2431026327", "Fax": "+30 2431026327", "Dealer page": "https//off-run-motorstore.car.gr/"}, "metadata": {"type": "Bikes", "brand": "Honda", "model": "VT 400 C Shadow"}, "extras": [], "description": "Honda Shadow 400cc American Edition.Στην μηχανή έχει γίνει πλήρης αναπαλαίωση και είναι σε καινούρια κατάσταση.Δεκτές ανταλλαγές με μοτοσυκλέτες και αυτοκίνητα.1 χρόνο εγγύηση σε όλες τις μοτοσυκλέτες μας.Αποστολές μοτοσυκλετών σε όλη την Ελλάδα.Για αποστολές εκτός Ελλάδος επικοινωνήστε με το κατάστημα. - Less - "}