{"query": {"url": "https://www.car.gr/6761203-honda-vt-600c-shadow", "type": "CAR_ADDE", "trial_count": 1, "last_processed": 1553104876}, "title": "Honda VT 600C Shadow  '00", "ad_id": "6761203", "ad_data": {"Make/Model": "Honda VT 600C Shadow '00", "Classified number": "6761203", "Price": "€4.400", "Category": "Bike - Chopper", "Registration": "1 / 2000", "Mileage": "35,090 km", "Fuel type": "Gasoline", "Cubic capacity": "600 cc", "Power": "43 bhp", "Color": "Black", "Modified": "over 2 months", "Times clicked": "8526", "Short link": "www.car.gr/6761203", "Telephone": "+30 2431026327"}, "ad_seller": {"Dealer": "OFF RUN MOTORSTORE", "Address": "ΠΕΡΙΦΕΡΕΙΑΚΗΟΔΟΣΛΑΡΙΣΗΣ-ΙΩΑΝΝΙΝΩΝ", "City": "ΤΡΙΚΑΛΑ", "": "+30 2431026327", "Fax": "+30 2431026327", "Dealer page": "https//off-run-motorstore.car.gr/"}, "metadata": {"type": "Bikes", "brand": "Honda", "model": "VT 600C Shadow"}, "extras": ["Car Exchange", "Exchange with Moto accepted", "Exhaust Special"], "description": "Honda shadow 600 πεντατάχυτο,πλήρες αναπαλαιωμένο,σε καινούργια κατάσταση.Ενα χρόνο εγγύηση.Δεκτές ανταλλαγές με αυτοκίνητα και μοτοσυκλέτες.Αποστολές σε όλη την Ελλάδα. - Less - "}