{"query": {"url": "https://www.car.gr/5020445-peugeot-speedfight-3", "type": "CAR_ADDE", "trial_count": 1, "last_processed": 1553097453}, "title": "Peugeot Speedfight 3  '14", "ad_id": "5020445", "ad_data": {"Make/Model": "Peugeot Speedfight 3 '14", "Classified number": "5020445", "Price": "€1.599", "Category": "Bike - Roller/Scooter", "Registration": "4 / 2014", "Fuel type": "Gasoline", "Cubic capacity": "50 cc", "Power": "3 bhp", "Color": "Red", "Modified": "8 days", "Times clicked": "19", "Short link": "www.car.gr/5020445", "Telephone": "+30 2102388281"}, "ad_seller": {"Dealer": "ΝΙΚΑΣ ΣΠΥΡΙΔΩΝ", "Address": "ΛΕΩΦ.ΔΗΜΟΚΡΑΤΙΑΣ290", "City": "ΑΧΑΡΝΕΣ", "": "+30 2102381638", "Fax": "+30 2102388282", "Dealer page": "https//chevrolet-nikas.car.gr/"}, "metadata": {"type": "Bikes", "brand": "Peugeot", "model": "Speedfight 3"}, "extras": ["Automatic", "Car Exchange", "Electric starter", "Exchange with Moto accepted", "Four-stroke engine"], "description": "ΚΑΙΝΟΥΡΙΟ 0 ΧΙΛΙΟΜΕΤΡΑ - Less - "}