{"query": {"url": "https://www.car.gr/21508413-honda-x8-rs-scooter", "type": "CAR_ADDE", "trial_count": 1, "last_processed": 1553094695}, "title": "Honda X8 RS SCOOTER  '06", "ad_id": "21508413", "ad_data": {"Make/Model": "Honda X8 RS SCOOTER  '06", "Classified number": "21508413", "Price": "€800", "Category": "Bike - Roller/Scooter", "Registration": "1 / 2006", "Mileage": "14,000 km", "Fuel type": "Gasoline", "Cubic capacity": "50 cc", "Power": "8 bhp", "Color": "Blue (Metallic)", "Previous owners": "1", "Modified": "1 day", "Times clicked": "33", "Short link": "www.car.gr/21508413", "Telephone": "None"}, "ad_seller": {}, "metadata": {"type": "Bikes", "brand": "Honda", "model": "X8 RS"}, "extras": ["Cast wheels", "Centerstand", "Credit card-Visa accepted", "Electric starter", "Greek Dealership", "Sidestand", "Spoke wheels", "Two-stroke", "Καρμπυρατέρ"], "description": "Χρησιμοποιείται ελάχιστα Μόνο το καλοκαίρι.Βρίσκεται σε κατάσταση Βιτρίνας.Έχω αλλάξει τα πάντα από Αναλώσιμα Φρένα τακάκια, Τσιμούχες Σετ με ξύστρας στο μπροστινό σύστημα,Ιμάντες, μπίλιες,Μπαταρία,Εκτός Από λάστιχα και ύφασμα σέλας , Κατόπιν συνεννόησης. ( Ο σκελετός του είναι από ντουραλουμίνιο, Αθάνατο scooter Και πολύ Δυνατό για τα κυβικά του.) - Less - "}