{"query": {"url": "https://www.car.gr/21508458-piaggio-mp3-300-lt-mp3-300lt-hybrid", "type": "CAR_ADDE", "trial_count": 1, "last_processed": 1553094678}, "title": "Piaggio MP3 300 LT MP3 300LT HYBRID  '11", "ad_id": "21508458", "ad_data": {"Make/Model": "Piaggio MP3 300 LT MP3 300LT HYBRID  '11", "Classified number": "21508458", "Price": "€5.500", "Category": "Bike - Three Wheel", "Registration": "6 / 2011", "Mileage": "3,500 km", "Fuel type": "Gasoline", "Cubic capacity": "300 cc", "Power": "30 bhp", "Color": "White (Metallic)", "Kteo to": "06 / 2020", "Modified": "1 day", "Times clicked": "31", "Short link": "www.car.gr/21508458", "Telephone": "None"}, "ad_seller": {"Name": "Ηδιεύθυνσημου", "Address": "ΚΑΤΕΡΙΝΗP.ΠΙΕΡΙΑΣ"}, "metadata": {"type": "Bikes", "brand": "Piaggio", "model": "MP3 300 LT"}, "extras": ["Automatic", "Car Exchange", "Credit card-Visa accepted", "Gelatin", "Greek Dealership", "Rear", "Top Box-Μπαγκαζιέρα"], "description": "οδηγείτε με δίπλωμα αυτοκινήτου - Το μηχανάκι είναι σε τέλεια κατάσταση με όλα τα service στην ώρα τους. Ανταλλαγές κάνω..... - Piaggio MP3 300LT HYBRID , Οπισθεν Μπαγκαζιέρα ,ποδοφρενο , φωτα xenon , φλας στα φτερα .ΦΥΛΑΣΣΟΜΕΝΟ ΣΕ ΓΚΑΡΑΖ.ΜΟΝΟ 3500ΧΛΜ ΕΧΕΙ ΔΙΑΝΥΣΕΙ -ΔΕΚΤΟΣ ΚΑΘΕ ΤΕΧΝΙΚΟΣ ΕΛΕΓΧΟΣ -ΔΥΝΑΤΟΤΗΤΑ ΑΠΟΣΤΟΛΗΣ ΣΕ ΟΛΗ ΤΗΝ ΕΛΛΑΔΑ - Less - "}