{"query": {"url": "https://www.car.gr/21508432-piaggio-skipper-skipper-150-4t", "type": "CAR_ADDE", "trial_count": 1, "last_processed": 1553094690}, "title": "Piaggio Skipper Skipper 150 4t '03", "ad_id": "21508432", "ad_data": {"Make/Model": "Piaggio Skipper Skipper 150 4t '03", "Classified number": "21508432", "Price": "€600", "Category": "Bike - Roller/Scooter", "Registration": "1 / 2003", "Mileage": "22,000 km", "Fuel type": "Gasoline", "Cubic capacity": "150 cc", "Power": "16 bhp", "Color": "Silver", "Kteo to": "10 / 2020", "Previous owners": "1", "Modified": "1 day", "Times clicked": "33", "Short link": "www.car.gr/21508432", "Telephone": "None"}, "ad_seller": {}, "metadata": {"type": "Bikes", "brand": "Piaggio", "model": "Skipper"}, "extras": [], "description": "Το μηχανάκι είναι άριστο πωλείται λόγο ανάγκης!! - Less - "}